slope,elevation,curvature,aspect,precipitation,ndvi,soil_moisture,soil_type,lulc,dist_road,dist_fault,risk_score,risk_label,risk_category
28.09050891355219,1438.3607689433031,-2.5271836306660305,179.88128774245925,451.4990710444837,-0.09839207679651372,0.6381445683721739,2,0,1649.6620293818748,16944.731553928395,0.5631433428522326,2,High
71.30357298074371,1709.6812418750728,-3.341758075371935,268.82883810453393,151.48159757929136,-0.13317089745317795,0.4592924535341931,0,0,4083.692095425956,9890.34087438741,0.6456371692381804,2,High
54.89954563585538,3005.461136887413,-6.4769217499427985,202.56004103627993,240.6518319034374,0.4646111458180305,0.9644985248639408,2,0,4971.884082524786,3909.3122126437165,0.7101341434775175,2,High
44.89938631477774,1256.0149126036333,2.1453334020297596,29.9889299202467,414.80435027180005,0.8627279547420303,0.21897845098423818,0,0,4203.807689135228,14732.835732201853,0.4718839489225236,1,Moderate
11.70139803318274,3056.8089283613826,-0.46751678982742284,66.80888524207994,315.14913948846396,0.35299343985019643,0.5878564159989407,2,0,1730.714632171461,8373.562713665915,0.5110830504046475,2,High
11.699589025215198,399.6570653207511,7.314019846480072,78.95814625113088,456.2140712491916,-0.14333325146676437,0.7002100149902226,1,0,3556.261967064312,11892.549669049944,0.5602481250024653,2,High
4.35627091261496,2741.1146865093447,-9.357808390358835,92.83113131214417,578.6643456725728,0.043340521685201805,0.8255644893453816,2,0,2669.6172349553667,2145.3058034787764,0.7021995955682501,2,High
64.96321093312014,2981.6619523861036,2.8773585511025264,203.54522110218153,114.10067824335862,0.06927219705734777,0.4069710304280071,3,1,3932.5889194170427,12631.679790319846,0.5721589663277669,2,High
45.08362588074066,718.1800196469518,5.258977570231222,181.42768073714166,440.26224401893353,0.171642842050645,0.6869219076574815,1,1,765.4869732312086,7471.009778902487,0.6652358678537084,2,High
53.10544333470341,1563.1782100654816,5.189731383766141,73.13761381111522,176.689285597663,-0.15203627805516612,0.3032014713842828,1,0,3190.6729632295196,6683.7949943698895,0.6584502281841497,2,High
1.5438370721851835,662.6992338564291,7.721479341910502,24.319743644047346,277.9622000741631,0.7953819705477079,0.4354760923618203,2,3,3868.333866708673,19598.311575556025,0.3896121103358826,1,Moderate
72.74323891214958,2502.4540385803402,4.580674856589882,61.71559361089851,68.07449918732691,0.3671203391936448,0.8956271312033992,0,1,3806.1566770332006,8648.612855204945,0.5942562245414121,2,High
62.43319806003163,1920.182411409633,8.556201232953924,354.3772725426972,124.74906026098442,0.5380238722495201,0.9499076093309543,3,2,4817.965028018908,13560.767562314684,0.6113896639699447,2,High
15.925433300870711,2260.0993788082915,-3.3468680035821707,168.67690192493,225.87750897689483,-0.12610987941549012,0.7188173469272647,1,3,292.05690392160034,12554.550711476822,0.5066685988349906,2,High
13.636872540532547,768.0556876511179,0.06418833503086141,312.2443816927605,238.09219290839172,-0.14047298541598568,0.374351890776185,0,0,1728.8968454614528,2086.071017703153,0.47412747155829804,1,Moderate
13.755338239007536,819.9359309782263,-9.718406734342187,305.5508880007836,544.7718690541526,0.445114549244602,0.820057789974664,2,1,2382.767908957194,14958.550741286323,0.6353357794113712,2,High
22.81816822196533,241.09090673368166,-9.860848253934176,184.14704068663454,457.9971000965833,0.7760256115546289,0.025867081725420182,1,1,1548.817641960406,6463.18406867153,0.46805992062017965,1,Moderate
39.35673237241784,1195.029619665481,-5.197467590969602,254.40757504579565,584.7006325028726,0.3813302010555017,0.10274591053942106,0,0,1548.9475683623543,15978.790983934701,0.5658125525421894,2,High
32.395876398158684,2003.1318485344948,-7.983856057218295,69.39072374857642,379.4893306843823,0.7656010898270786,0.6613737363753611,2,0,880.6430334496318,12152.815652307649,0.5612837239499037,2,High
21.842185514853142,3016.978707590918,-4.795772641284928,247.822813773687,182.94255265022488,0.6920904003607633,0.29124857527005743,2,3,4064.757015126039,6341.829799069791,0.3693983318292473,1,Moderate
45.88896710417846,2367.5533213595145,-6.459134109432052,98.05844853478422,230.21026645690358,-0.11656083562558718,0.9513862184004778,2,0,4540.345221922712,7125.859206621419,0.7395394602063863,2,High
10.462039548903137,1580.3474995591548,-9.429599503227035,299.54235483149426,225.9097578105819,0.022153221824258884,0.43606061209230473,2,4,411.63679785875263,14630.147393327214,0.45944973024941155,1,Moderate
21.91084864014136,3340.6083889400684,8.186082928120989,30.14068791920757,229.57188021478837,0.5234817360708768,0.429364820389177,0,2,774.4945587914931,11001.186302457638,0.5118391729346333,2,High
27.47713824702688,2545.4336819578284,-9.83553737222217,278.3299222386999,420.1302952114986,0.2878515208050458,0.6780795101909313,1,1,1142.2649993592659,13367.020813426305,0.5948972826666644,2,High
34.205248816277695,3262.56168973267,4.721642886741709,35.97728636470303,341.9443604497289,0.11976979501161261,0.7675685623061896,1,0,2544.9374192708456,3166.3664215037657,0.6390463737237047,2,High
58.88819710447602,1893.7991091253632,-6.957042261609669,317.22812528195124,261.98329794765436,0.26049724165277705,0.4755587381251365,3,1,3955.8601665048354,15739.533444568373,0.5435996081423481,2,High
14.97553366187698,980.2745342966747,8.244592439992001,109.51362652860134,131.99937280079413,0.2897196108976978,0.21400090171172415,0,0,357.27762382475106,6407.826378300694,0.4011434638572474,1,Moderate
38.56758288102087,279.6107336400547,7.855918791797716,235.5816113390069,62.17653961818025,0.8016074759037564,0.7733086427256216,1,0,3184.064928292143,12397.225343153466,0.45921049292472144,1,Moderate
44.431092664653185,2568.6884950450917,3.078022927385147,175.50082030330074,170.3590726732309,-0.08619588792455167,0.3203512748736276,3,3,746.6772813520989,2293.596504840174,0.5027981483787788,2,High
3.4837809539998292,512.430193218816,3.4446829960121033,131.86913229444204,109.1092721827747,0.10770382148837654,0.1751107692938576,3,0,4857.285339381327,6428.40482313934,0.26683827709605645,1,Moderate
45.56586389260788,1129.4354361246883,-9.893217160606229,232.35905994605872,481.99476696873165,0.3913212982409853,0.6316401899250133,2,1,4493.867154258709,12977.345861332837,0.6506111313297273,2,High
12.789309276546865,1910.4010868052512,9.697431322272042,341.10827299844567,111.87387679763697,0.568115619293651,0.0904536669903504,0,3,4747.9142447287595,5484.122645805011,0.29356897398850673,1,Moderate
4.878869473895964,2019.016398451142,7.5566520715162895,14.85710905486387,448.3255305187599,0.493701017855168,0.9713526750860549,2,0,530.8193879135404,17606.243934996342,0.5559681156905252,2,High
71.16641529399999,2141.9828697562625,7.902124514601841,330.78702811791754,262.11227937684544,0.835807011511134,0.632397264412137,1,1,2440.1819142709596,13224.567988868408,0.5684308680572675,2,High
72.42240248059196,665.2681231889821,3.1848907410174387,219.26939580756488,90.35811435907678,0.6751698173014207,0.9858955209217558,2,1,826.2328349918763,17405.567865935915,0.6756027271407617,2,High
60.62980110873458,1391.1071763936056,-3.10426142690927,290.63314827685883,497.0015271873722,0.4127845261718734,0.33889342347863605,0,1,3001.7777539158315,7907.814045022415,0.6041651451612413,2,High
22.8460326880028,2198.460372197687,7.8729729818096175,138.19498323633994,368.79681363013736,0.036150960840858254,0.9712051611903979,0,3,1163.6955633093205,679.7028524935,0.6267759732933309,2,High
7.32540855047879,3397.384139754868,-4.169661436976153,169.86347094154095,179.66883207496517,0.2959616545424638,0.14556224772862358,1,3,3853.1549168448537,11522.799267102055,0.21509633479796614,0,Low
51.31747698841177,2573.9458681789415,1.2542308668440576,312.786270648419,542.0746458829674,0.5627204686139251,0.04069477234702845,0,1,3220.013003248339,6783.870054507446,0.5310834097422364,2,High
33.0114370304701,3236.8527741194566,-8.005380553122352,149.3452691315363,74.8920726288033,0.7217583923196935,0.03298406045460256,2,1,2858.0229714363436,8963.767518447066,0.3507255249878143,1,Moderate
9.152867613358412,2691.5209982682018,8.439112602655005,192.4774440296706,161.00078450876958,0.8557098468646263,0.4648703705992271,2,1,4126.13578982665,13622.204278454978,0.35021482077425586,1,Moderate
37.13826825834526,2111.8376942341615,-7.184590844575734,7.270172310359846,463.62581029322354,0.4659980427517095,0.08300419747859478,2,2,2501.3651541747445,14013.293341417435,0.4846774135053689,1,Moderate
2.5791390836413797,752.8794550635714,-5.502063885391855,57.095282101695226,440.15786167043905,0.3796113040348757,0.5121678841676017,1,2,1349.258701728423,551.1282973163079,0.4327121952957419,1,Moderate
68.19903015590866,2366.7312164345444,1.1626831625642993,231.0071428709279,209.09943154846292,-0.18053888456673686,0.3275005035089005,3,0,3103.527484000441,15386.05345679227,0.5585828407335605,2,High
19.408498620001268,2219.490524263684,5.281860004259631,258.11168438299575,84.1136814440307,-0.12069102393480208,0.3356289924741156,0,0,4785.313160989031,9870.378299121578,0.36492379861091795,1,Moderate
49.689171326548646,2148.395179554706,2.387026118725979,209.73633724241978,521.9429397237191,-0.0282845025988597,0.6356089965451698,1,3,3005.796816721029,11133.975466491,0.716415973792358,2,High
23.37833070670582,1765.2719511600185,-5.357321743996877,51.591613059219846,222.53370093844643,-0.13976407569140914,0.16309800615162018,1,0,3148.0972451971534,5959.883703797051,0.3834084676472128,1,Moderate
39.00510158833581,1897.4324535635371,-9.981139149450193,160.34595428802055,157.64237821054587,0.24094956268541912,0.766553370339731,0,1,4673.753406298321,8416.675720011619,0.5477918913948011,2,High
41.00327095074597,1237.104592201554,5.143011606148784,127.83411589074834,333.83400229853737,0.17056639965275938,0.5820309197786347,0,3,2576.3755015387246,14207.502679586634,0.5329936111039734,2,High
13.864084164414528,1865.6631549838307,9.704146518221876,178.4380838526318,550.624959605346,0.5010895736552323,0.9149446288475109,1,0,4981.787308573962,15534.27605888517,0.5610816502119933,2,High
72.7188470823419,771.6900793068261,6.19826240612181,313.31845243947396,73.95061781385644,0.389231618726743,0.3648406537675234,3,1,798.3102176653772,7742.12362335956,0.5172889615457452,2,High
58.13496175208359,2837.592951025281,-0.795867636867694,279.31011791711467,471.19224841698826,0.45556783532664574,0.9827149920671255,3,0,2685.199215061601,13822.350653026602,0.6935301921879415,2,High
70.46242061731418,731.6416459756066,8.075345227982133,30.23622050009722,364.8602753662899,0.31917492323141955,0.5758276467140232,1,4,1064.5042050719073,5160.870033768761,0.8163746882863009,3,Critical
67.11205128207366,388.8853856241858,-1.8030465376329996,320.51131119884315,283.9970141034993,0.10551086340968285,0.9734019561875338,0,0,2266.631841703463,16640.453303550305,0.5861934216834361,2,High
44.84249841083138,1583.2364896143351,0.49868168486935005,169.8361744139365,459.244244257783,0.8481078464411249,0.02706065404711533,0,1,852.8695475088405,12196.284778147306,0.3760347790656615,1,Moderate
69.14056762673376,2338.2452943206104,-0.4574046520863355,267.7903721589594,581.2034334428978,-0.10494992426384714,0.727976322412388,1,1,1112.6438576290304,15503.7303213379,0.7292099486948965,2,High
6.636937653893963,1588.2372047740407,-1.0475225466895015,50.41412325516677,176.06341613948007,0.832780099411838,0.8166215242927363,1,2,1054.0002481613176,9543.097046356948,0.31816924735483154,1,Moderate
14.69871468143589,1040.9640486344492,5.503815385878115,241.4590292545373,129.00605078966578,0.14236185155120812,0.053173286676487574,0,0,1600.1566951200396,4582.185699639105,0.37376338356924044,1,Moderate
3.392046668290355,1997.7820252274985,0.5353781453898403,85.07736633940485,552.0849598724833,0.36392758990402724,0.5789696640162457,2,1,673.0251725941822,8584.62226627288,0.513392863364844,2,High
24.399774807244825,1279.8079404014798,-3.6656575594956786,157.81712297073534,417.92419260151706,-0.08027344488969926,0.8019422935894484,2,0,4046.7108748750807,7629.707889566415,0.631693031901842,2,High
29.15079672671115,3271.7501464305524,-4.836836646830434,6.070633229557587,290.89231185908125,-0.12197582479188981,0.5610387252230727,1,0,1103.3779864610676,6654.330868803182,0.5559797197212988,2,High
20.35117738304219,3236.993474652145,-9.245053660651333,54.57982965497137,365.2927636453557,0.27249999359046323,0.06381359040546664,2,2,2082.8449757168755,4243.474954829567,0.5018387640663436,2,High
62.1553131863947,1808.0641879051245,1.6639032376609197,33.14897752450312,460.0876478469342,0.6158671140176459,0.6934472408983114,2,0,80.28569115012152,15183.342837596123,0.7041295759291036,2,High
26.756499502019196,1214.805579662079,-5.400771691979315,86.30790225777304,475.1675442881445,0.09630125530340383,0.06059691467330863,1,2,524.4077164089106,1727.0332264112099,0.5664495534944696,2,High
21.07008822655356,2606.250207452573,-7.037321559672338,36.006512408756016,555.9417994504305,0.4185826778288521,0.8174688950164385,0,3,4481.359502066258,17751.218597716677,0.5681775765238637,2,High
40.70220623686863,224.82400784242657,3.0765992765535533,249.08760958304228,284.7635338925925,0.10651537457510019,0.043034183306694396,3,3,4185.8010192022275,3500.49445795507,0.37803300501460146,1,Moderate
10.569316873107198,1714.2146205484141,3.6241851564309773,10.454364795318973,211.37600051066727,0.2274743669823449,0.1373973810103708,2,1,4204.612262275973,19597.473037030824,0.3415260606947268,1,Moderate
60.16477355655297,1243.499540519134,5.043097845153319,222.38658022499928,401.815346734413,0.7970909503212074,0.2751075905232685,1,0,2056.7670862742852,19769.360961741488,0.5298451780648776,2,High
5.591298275982812,3229.822009348686,0.07153792677183013,50.65481909720673,278.6503446037417,0.7414235880444116,0.6333647922608,2,1,707.653994258321,7967.740824823035,0.4184483563701274,1,Moderate
74.01652024503879,140.81029272712064,7.88109210407773,340.2581245840429,377.02914967193783,0.3676192977593929,0.976359099631306,1,4,539.4726074715805,19756.42145264526,0.7648999229728353,3,Critical
57.918357697249306,1979.5705774423868,8.726855067964557,335.91386631954754,280.9921891507726,0.061916190219286626,0.11782285261993442,2,3,3028.013624003577,17381.370345614527,0.6380688887616776,2,High
14.90367611506293,2618.2561756265286,6.147418795849788,81.18111690754654,134.14768267299598,0.012502304006325099,0.14270766921391842,1,1,4140.966274543148,1648.6055389333121,0.37808386779975317,1,Moderate
0.41415878427017994,1749.0611575817402,2.7118696401637443,221.1916673602906,308.18471341242713,0.8494960883392857,0.3688703967009803,1,3,4500.572410701215,18946.571272572364,0.2977237164372721,1,Moderate
61.15960713411256,390.3703025532536,-3.9255809281762266,10.081915010085037,430.00480206756805,0.022988256161756287,0.8362191377553202,2,3,1443.6582528011327,850.2877180918845,0.8588886372117358,3,Critical
53.01430078857128,3406.3687260948677,9.658898432404424,335.4438754984227,489.6060942172074,0.6889851420037931,0.46723095275081417,2,3,1605.1328491672678,3638.2858747821433,0.6459028950697545,2,High
54.67553760307405,1861.235466678733,-4.517276656161233,188.2754309490155,321.32945223810077,0.205867230489091,0.32161060025582167,0,2,504.3832843071233,11691.910816933487,0.4968357994009611,1,Moderate
57.84527600144593,2188.233230684639,-5.946861560191379,15.560334510400438,140.8808396157205,0.8842258323140624,0.5612038322088613,0,3,3872.04894634006,1614.743568000272,0.5465208133559112,2,High
5.553348880056777,904.4732612055249,-1.1569177242683448,123.29999748292946,278.07824030718734,0.20497131439906668,0.26052319744575003,1,3,1378.4513556056943,3234.5551397873783,0.35452619748200664,1,Moderate
26.884929640820445,1743.8934893631329,-8.86318858575223,27.665806270044314,482.461660862934,0.18666828740179875,0.40115990724752093,1,0,2404.6473478171483,19069.835742244773,0.5851770605846105,2,High
8.690179464384729,1559.1082726582943,9.569889293435814,141.45999817440955,277.07259883939,0.5012099917653854,0.3326051492320419,1,4,4644.486522644162,19893.75769775216,0.3734918181851299,1,Moderate
64.73275694066952,354.64586280674473,1.7686711283284957,241.1734831780763,433.0919364823223,0.8576684872895013,0.8041410224146459,2,0,3761.078651624685,15962.730835605946,0.694143830879614,2,High
46.74735951206684,460.94520206138856,1.139041833283505,169.16036689491824,328.9675249229494,0.8738305663760764,0.9242557264380008,0,1,263.68948144535887,10304.187829294056,0.4910587640916577,1,Moderate
24.817351863948687,2947.4065667038335,3.115925597994398,138.1399828990036,182.6727188101682,0.5779267611136838,0.7595721921569119,2,2,40.77297229714838,18006.018713833506,0.46180155940463213,1,Moderate
4.766876271451773,915.3878375024068,-0.05952704445586754,42.89653639456733,487.88277941269087,0.630067002199989,0.4390835760299835,2,2,3937.0396294020397,2237.975417671374,0.4608995126633247,1,Moderate
23.323674128674664,762.8581230953439,-9.35872965810917,88.17805644971628,96.31739973887787,0.41974239357033044,0.5043349774966638,0,3,2762.5011848934782,18857.837384900176,0.3403881501264769,1,Moderate
24.388749152006028,1816.6989342504735,2.246225776807936,36.051583585806405,338.68965551533284,0.6313533130455651,0.12507369392943568,2,1,3601.6720468135045,7031.058549108644,0.4695061115949186,1,Moderate
54.720463375354804,2713.740246632544,4.323477539128612,290.69954339639787,164.8900688338727,0.7457576204675462,0.7468647111345378,3,0,784.0766091330676,17229.78782466389,0.40976985173683544,1,Moderate
47.81681035164098,310.6181631685589,-1.665018787518937,48.68633807450012,86.88609569775662,0.33470483351452557,0.5964756793950441,0,0,4360.239249853101,13367.468119707819,0.4510724352086046,1,Moderate
66.54095569322449,2061.14692677007,5.145911441423859,214.33441195760167,326.6136653957869,0.48184848911311334,0.9024399961374364,3,1,3866.6248950723098,19205.48608111444,0.5844011917481604,2,High
35.416119387146196,505.3155056579494,-5.459974013231587,123.38654889198452,324.759185764208,0.39104836475635246,0.2006111435751532,2,2,4454.194570273068,17293.558955916364,0.4531646446205681,1,Moderate
8.969568445372628,223.96757280710275,-5.5744681786763195,81.35221847586605,438.7954959216465,0.41871767488154493,0.7597261219326121,2,0,1705.4804132873542,17757.956271018124,0.54611296390314,2,High
53.493359041724624,279.3294373515391,-6.771660246248521,230.20863821715736,459.6128811785477,0.779052700861335,0.6846716617191897,0,1,1378.5259764162317,12635.08712240061,0.5579266926443817,2,High
57.05887864626731,2936.1579679087004,-2.5601048042167633,164.52083137569863,450.2853187810932,0.19117851322612728,0.2658455338097522,2,0,758.6571996196345,16663.170619525517,0.5855637806745939,2,High
42.095789817712216,501.1064443354093,6.940240707781669,144.0523682224413,275.2573031042153,0.029002428160686627,0.6673786395408251,1,2,4650.442539734985,15142.62301522677,0.6130777801313633,2,High
57.822538496592074,253.51463900179263,6.5582412429812855,213.42672176119976,397.4293829746094,0.30190812130099204,0.9243733805766495,2,0,884.1460177892036,3232.462618077745,0.7389527573540094,2,High
37.03466972732931,1588.8596162859017,-2.343515840729924,176.85634625640026,367.3198834541782,0.028893709529391687,0.9184359876671189,2,2,596.5861685575252,12971.937827064861,0.6895293926645722,2,High
39.20496220364956,2969.5778046028845,1.7823747196047321,109.25431507856187,281.8589658643058,0.34824046822822113,0.7196265745161413,1,0,963.3910449339116,2963.5109304031726,0.5835636935722052,2,High
32.06557637689122,992.1884800636266,4.416326329498313,201.2620635954906,378.4669818022963,0.7938589158927645,0.0480731125340601,1,0,3856.9086338005663,17389.122437710597,0.35560596900847036,1,Moderate
1.9064345058071392,1533.8228995881157,-5.17586450743954,241.01948755825003,570.9863321884444,0.47917687253072566,0.8722643373201615,0,3,4447.646174914405,1318.9959867993696,0.5568819361577692,2,High
8.091857024497834,235.73661071675417,-6.637178282105058,9.60953709126754,156.09155902475754,0.7409761386333855,0.6577786070045399,0,1,4054.5672824821218,19740.933403865507,0.21542851826269332,0,Low
2.357188926505069,1626.866948058578,9.44191986424622,167.71382240676314,548.1746526820396,-0.017189988422937008,0.31043425318273443,3,1,2816.192764356424,8012.53332275423,0.5068289242960238,2,High
47.73078084478353,2063.884474166254,2.3511462641923693,20.765982450075757,79.40053269075909,0.7909609517908947,0.1872503617056993,0,2,4969.421253888616,3412.5870740287123,0.3233972810707635,1,Moderate
23.5766985807245,2041.0839827572922,9.628314436673278,67.10594906451999,219.61406709591336,0.46196588084782736,0.11620386299731711,1,2,344.2703224672439,18713.499673224458,0.35934276484216426,1,Moderate
38.14280183735271,1230.2507533928415,-3.244880257355418,201.78314426807032,208.47988673634052,-0.16506423238547224,0.05023689925776098,1,2,4335.958389108127,908.519724596959,0.4805372867461153,1,Moderate
68.06748554445697,1172.8128142546607,4.060633999482629,311.8280094956091,394.5008093344981,0.4964308508135405,0.7541032479507565,3,2,2138.5693085688445,9402.112690179669,0.7180761843682102,2,High
18.69691718616562,462.5203043844328,-5.547927269175245,317.81004450785457,122.17372347750968,0.8465366518870099,0.23584299894327532,1,1,2275.6117435273322,15404.542558490053,0.266651376747927,1,Moderate
30.77871922767223,1347.1142901973126,-4.775996574521741,25.17984364990726,535.2911865118646,-0.11291629947710173,0.02425293604325507,3,0,637.9744682564026,6335.00950863402,0.5293655061753774,2,High
56.66633539072865,438.2818741680798,0.23804242539247866,150.8778310632144,505.7032746557727,0.4407017435165294,0.3972706518419893,2,0,167.16487176914208,10576.693398056022,0.6281124967795827,2,High
17.159862411871686,2706.4262120209755,-3.6076374898385755,209.88233388163846,408.6362008269028,0.8070264631566864,0.4826070805923389,3,3,1583.1416303471663,14008.260326276039,0.3370665152674787,1,Moderate
5.7734932371594745,3385.332612343832,-6.647568723188311,52.945165638123626,302.1276074857087,-0.189335314832188,0.1692302309001269,0,4,874.2676655696463,19039.528420026418,0.3134513920639485,1,Moderate
21.731358968532604,3398.2531526668035,-4.74238596021348,275.5555980281178,563.1258231781432,0.4940042191124056,0.04404833616254977,1,0,2416.693780356558,2054.0527854205993,0.504939908147292,2,High
12.091596544050331,3041.241737876339,-9.285032110682707,267.924693037406,506.91060509630574,0.32239252101405896,0.18912548309806887,0,0,736.6526302688598,3144.5340742983954,0.4756849877147304,1,Moderate
69.72732392569299,2142.693307754705,4.088472429549732,325.20276493444607,324.6233314446847,0.1816882505134717,0.6791027618365744,1,0,689.6386825113788,10177.417903881338,0.7284011420695335,2,High
60.60902846733127,2482.9433706291916,-0.15766685828276827,3.0549643500394863,436.03034494987116,0.49029013893991363,0.0822436772512064,2,2,4384.8949205192475,8369.499223000937,0.5833726497576086,2,High
47.50528173828176,1069.6997291134078,-8.115138671909488,78.00632783604095,361.8114736988265,-0.1420276959538414,0.5550370305569938,0,0,4606.473506632045,8215.923213673328,0.6358622987618547,2,High
65.35954426407883,2244.61942858691,-6.566120137430175,297.78721712831583,373.3682311135455,0.6283693509161403,0.14641198790816667,0,2,4821.08104293955,5939.230058723064,0.6073908906857968,2,High
60.27540576743358,1649.2084680955834,-7.949309237747119,241.40881829769674,232.0368381906092,-0.19507257538832162,0.19568917358041937,2,3,3402.51221436956,11213.695970179122,0.6467701037419785,2,High
13.992754416452687,1738.8589552415706,2.2518561655175304,321.9803473314567,304.1465325436932,0.13762931817158747,0.3930778832666987,1,4,3855.0825239793467,17665.766723314326,0.3311529957089192,1,Moderate
66.94192488674834,2676.440305275537,-8.115792727750124,20.584675630895948,92.9667869343593,0.35435450145314634,0.10082533605373134,1,0,4178.923776213146,3218.4868107572775,0.5960084963278163,2,High
40.4506681436738,1058.5224090306556,5.085646660704322,214.90702765791943,246.54178041552586,0.2147244756232069,0.17320350278221286,0,4,3294.6102956033224,4305.726589915153,0.447020833274579,1,Moderate
60.55801163730469,1181.3346797613676,-9.589781613592177,204.8567669617227,432.7056834491836,0.13822352872614074,0.34895241145135414,2,2,1651.2155235126459,13416.469955991715,0.7274238536745401,2,High
67.20684749426199,3243.7820898373648,-5.012484240082157,12.842789889791653,574.2688167784024,0.7139186600149059,0.32966900549836686,1,0,781.9349921676205,1123.9530857460834,0.6794143016070762,2,High
23.85026062288979,291.1626024933056,7.813333517838142,184.86794768849407,579.6852620196612,0.8283158316991,0.7492714856757319,2,1,1186.3665357907505,13475.28399126013,0.5646317082855682,2,High
8.253894339575757,1751.1566146053574,4.37062636244492,219.42731207157271,355.6475780186904,0.7610839533964777,0.07478230512642436,1,2,4202.070257024813,6289.1230172667465,0.2536779317459817,1,Moderate
17.095137190645627,3203.5227213867297,-8.540633341486245,68.8655427127586,383.64223849527013,0.3746744443549997,0.8604507356663434,1,4,3480.486191434206,7157.078628000299,0.5747033785812735,2,High
32.03308414696922,2175.2342265817338,6.422522089703595,98.39864992487865,152.14665202553212,0.7725805927128313,0.8162321707394549,2,0,2278.978817630758,8110.9874764580045,0.3812597936260495,1,Moderate
61.35110744418699,1957.7840523212492,-0.13929756919590375,230.52504466718534,432.4194594514419,0.8129477216996983,0.7659916396919384,2,0,147.02538590226354,6991.751229834297,0.7217252656733542,2,High
64.55479374422576,949.1302093798078,6.935660543376585,168.588341135985,88.86233597091243,0.2501622367522082,0.3093723624631325,2,1,1331.0218521694155,16824.192425590645,0.6171108389272034,2,High
0.5214097898393028,1267.136662819124,2.0147954890078683,308.88491672459764,206.5771271896945,0.11179044545598998,0.8228817855407875,2,4,3644.487465628819,18921.369148006183,0.3667113886546626,1,Moderate
38.30604769331743,2996.964613735956,3.6366606406571744,123.25743576330781,417.59984100699324,-0.09190827360534765,0.1828020802892808,0,4,2561.936175475115,10960.229506323769,0.5832978754353634,2,High
31.305825236158423,2001.3416480127576,9.870031207914163,95.99747701975242,220.6705723489191,0.327001113154152,0.12440920585502824,3,0,2177.6624724122503,11637.569976698787,0.5054021504193486,2,High
16.65808578530477,1850.1234587730517,-5.353289081519637,354.5517385241434,77.41578076294988,0.8409266124822856,0.044956333489487355,2,0,1568.3970038995387,1409.6621602687032,0.3120482284136998,1,Moderate
8.98990255002621,438.5710260360983,2.4789114952277664,328.00887724683,507.5287251430301,0.41699828087740815,0.9393103630055759,2,3,3034.6591528851195,14263.838567220013,0.5606792528748585,2,High
25.321137855272095,154.49573194741862,-0.7935721988520328,10.43738819963275,220.6815039240097,0.5343183119647887,0.3080108977052737,3,2,4831.926926858446,11681.977459281681,0.3385272980529296,1,Moderate
70.71822779343894,3376.529641535967,-9.21096094154617,277.4623015103637,84.70787367227314,-0.07582779965896766,0.9176178801779059,0,4,4505.61821648753,1007.8904761520068,0.787039041176798,3,Critical
24.240219901556642,1381.7529687752615,-9.710587169942698,39.720518577073065,91.13349047657584,-0.04212836944351811,0.2726135615193297,2,3,152.48969042141013,3968.5133414340658,0.45053318781975366,1,Moderate
38.90929663075246,2150.9244111383146,-7.615428443642827,9.894670138573542,188.4673393338145,0.3109205881556398,0.9075659593363495,3,0,2404.769112917229,4038.8684078512547,0.561195073266152,2,High
52.72642191713834,371.03124883676895,2.9818348107709625,98.5303857478856,147.90877097183943,0.8463912788820984,0.9039290528460883,1,2,1647.3464902347384,3419.3590388671846,0.5898216775370966,2,High
27.27222017844705,2422.5885714583583,1.3432617582678432,96.96451646199755,475.86506477908296,0.19686310575068183,0.9236760450107129,0,0,2553.023311699005,13172.919092455542,0.5837578974003858,2,High
72.88365620407205,3270.726809600267,1.0685912232745487,294.9547544449073,226.92622566686893,0.7652324454492869,0.49615343928419375,2,3,3031.0684493585736,18568.79230711538,0.5769221009687111,2,High
72.18354712065835,2057.261860191227,-9.362864749434799,255.84020853942064,492.5826817719079,-0.06768254723171732,0.865946286798892,0,1,1000.140339987734,15259.506507167187,0.8667757016221113,3,Critical
18.883672186902313,528.7920960763959,-0.6139400727998598,353.37939383952516,145.61529880273406,0.4787189276270812,0.9507658961673202,3,4,3907.8403477412817,9547.469704278265,0.3996506230941009,1,Moderate
37.29363794192891,2077.853193409821,8.492456356850571,256.14464411225464,321.08354874924606,0.46067427460157,0.3246169418971795,0,4,2375.3402504298315,8081.0259596896385,0.5030315825064094,2,High
22.565873236257726,2705.580524555818,-2.048162613787068,150.57199917217724,428.42042345422084,0.7458622250772955,0.4188744056825551,2,0,4960.030274491231,7729.162106184451,0.5085301936006363,2,High
21.36303707831007,1481.8162243516635,2.4984493957691267,251.61395794027806,408.5949696262202,-0.19635162515460836,0.719240187335744,1,0,125.63692871780607,12024.9391539165,0.5546361573882137,2,High
2.76652105158996,3091.448343000991,5.596373512462872,359.80526418710474,380.6211754616478,0.008924833917329372,0.3003598217233009,1,1,948.5958809322925,7184.413178890727,0.43373730386122566,1,Moderate
45.71732504849226,2305.5220414150394,5.678505582837751,255.6510777225101,558.6518810621434,0.041656387972429904,0.753809308912659,3,3,3448.1490028019907,4522.439423774343,0.676100178268541,2,High
37.70092674216461,3157.4463221832884,0.3856016479054265,274.2052881529146,175.68883123870938,0.8449626968998112,0.07389214521353393,2,3,3475.898732627794,12056.858131511659,0.48417613225833844,1,Moderate
3.8609063437492015,2219.9180582409467,7.159038908046725,337.8114054684934,321.54556245415796,-0.030936978103115548,0.5234983842885422,1,4,2910.9411220847246,7814.108268551463,0.44523035225783586,1,Moderate
20.898484817745857,546.3791048164023,-2.172438132725061,40.914454072206006,536.1959025398248,-0.1593414147573836,0.1223134840837452,1,1,4859.800143453143,282.49658287667677,0.5721676159130241,2,High
68.11994144749903,1152.951817757643,7.773864295695965,253.72234564118168,92.84157107733637,0.38790764421598883,0.29332347643667644,2,0,2076.575043599667,444.62227133549084,0.7156184035859365,2,High
17.967141800022933,786.1028240583536,-5.195456672089094,306.29014486828163,80.73854753919139,0.3814143086770499,0.258625392486472,2,0,2085.184060337597,5482.7322230883665,0.33809509042716956,1,Moderate
10.867115406841732,3190.0100922373317,-4.395671860188579,343.5762960795215,178.31625815706028,0.7284516619046508,0.8389320735626661,2,0,4552.3818161208665,10248.443990137275,0.44964466259605956,1,Moderate
36.70895702081722,2685.360228777441,-8.937587516019978,75.94894429621178,398.16167074591016,0.8437456151955824,0.19351725540619746,2,2,2692.2089099840537,7084.790153359774,0.5418398544401285,2,High
73.92378405829506,2399.7544542940204,5.911636730845657,181.4144427807279,192.9337945473938,0.39239998635414414,0.8084479201591189,1,3,1768.6383079280022,481.1030477510392,0.7894320880056646,3,Critical
18.15414536336253,1123.2854867475137,-1.6588952753458877,244.99974515201345,154.63193609483943,0.8229936006616212,0.793960345907922,3,0,3594.6899291692953,4463.035275064808,0.32223734615473754,1,Moderate
50.41016605544089,725.7522249707259,-5.41766772177202,89.08838262048148,302.34127344706064,0.5976750664298127,0.4988830555572299,2,3,3098.3530909376373,1928.3861734923225,0.5939878409192372,2,High
57.12147114965382,2671.9336991623,-5.364194447668407,216.17023077009867,387.4789378231763,0.0910150407951435,0.23384325559612962,1,0,1532.0502514329576,18972.64002722833,0.5881335035840226,2,High
17.822815799429975,1712.1370159888709,8.027998824584664,92.72836169927977,186.70673885920723,0.8212627820383192,0.22689633995622271,1,0,1489.6439904060783,6256.68151257053,0.3380200453133541,1,Moderate
54.61622614588947,867.684477312139,6.678332009220739,120.04452739139302,215.38015269805814,0.5341874938000624,0.4649246471158478,2,1,1978.0639876362739,295.3274319099175,0.610600141769382,2,High
27.583734953943992,2196.514725761935,1.0706177071436667,158.94673074391142,387.4576176463326,0.2555055260168972,0.00880900739351631,2,1,358.10032830096816,13211.265039713271,0.5287209644697436,2,High
47.42293729451846,237.1350972707367,2.322216008314422,190.5084355487641,570.1561320941989,0.5482662929686237,0.5313507546113662,2,3,4713.084512438196,4648.958810156343,0.682007857408198,2,High
47.5147283070671,1208.9788640360619,-0.5134885889941803,161.77171378505423,421.1079500909485,0.24144411051812598,0.9527795257670554,3,1,915.1002009833253,11334.725100620082,0.5822497012583683,2,High
40.18310130560688,1693.0937816098578,-2.1666691424238227,177.5503871236545,480.597278971508,-0.07439785521324482,0.1547068818625965,1,0,969.1215116386026,3014.909092189757,0.572757817302479,2,High
6.771732754080623,603.0583359719799,8.30953762436663,107.49195226378535,251.74555211550782,0.5908766218945898,0.5733456214756034,2,3,3235.192025085388,19680.264702449294,0.42170733299707447,1,Moderate
62.64768716919285,3447.8252238088544,-7.487745929593959,57.227433848147015,199.73989766145633,0.7064963733878182,0.9617786886444568,3,4,3621.235236499056,19405.18373130666,0.5962664082882336,2,High
24.05850487288019,810.9310396046884,-1.6310642056754414,17.045991837662196,299.8472587614424,0.6016868189213265,0.8605221394916002,1,1,3684.177297999362,13119.667033806118,0.4391318737873824,1,Moderate
13.988888279989068,543.2006421471028,-3.1087618402424937,70.55234009700037,493.92305579142055,0.052026134532344226,0.8503801163813403,1,0,1875.3751175211553,14144.052436441214,0.483195619261046,1,Moderate
3.0581356166072937,792.0185712154478,-0.036985594977032576,209.4997109420819,300.9648029848057,0.8522985148253743,0.821849930396189,2,0,4366.644764549627,8517.577825833027,0.3890645335296478,1,Moderate
44.31697073911813,2714.8078527430625,-0.8473625090964987,283.00156120912766,515.6989748344236,-0.1722199821397285,0.3090236060561856,3,0,2719.995308740222,19243.586908363377,0.5490656292355959,2,High
50.81732713817118,1546.7192415242655,0.37779063302162896,60.92913507944203,593.8245893823199,0.16595382711320467,0.8906168312668122,0,0,2192.9377608127775,8474.792407424018,0.6657233231196982,2,High
1.2440871695892115,2022.4141951586291,-7.201620455460118,39.079928798153446,89.61466615168499,0.08610167798838508,0.9413403512331711,1,3,4051.9323043283366,4789.359948161205,0.4894801834161385,1,Moderate
38.406979372446074,171.4311337536265,0.2628300302655422,269.7445297977301,74.97558584603703,-0.14706114962366396,0.4957924232990394,1,0,1217.8062461191885,2307.57219207808,0.5147040114995451,2,High
16.987183139845346,217.0664491492695,-5.151623722255783,109.85699899342428,132.274336602349,0.24630266228753533,0.35457104725945876,1,1,4300.927217177596,4162.506006287712,0.40263252230577057,1,Moderate
48.38795928070874,1615.806869411855,-6.313373020236175,342.5397981218469,261.40332165389043,0.485426324179052,0.4142290156058561,1,2,2694.1469728246375,11444.270078574442,0.5203015847827809,2,High
13.077482175374358,2876.62782688552,-8.703315624276176,257.1544694197343,122.07321502998782,0.7708081498336115,0.3342064418312656,2,3,4500.290788365683,4901.834358785982,0.45784240134709564,1,Moderate
51.820330357684945,3109.8121876057216,5.253051175122819,117.63217700749111,528.8654626903158,0.8886586878106173,0.21241844202454008,3,0,1008.0626552787958,13084.988568950896,0.4766147422922849,1,Moderate
29.005150972540306,394.80232982517674,-1.4511615828688011,104.23538920573377,62.73043806488509,0.6888985450448379,0.6184484702528894,2,1,4680.315380012129,7643.690397700933,0.3958006996587004,1,Moderate
70.25474915525508,1930.4345471434774,2.532873666235167,188.53141905767126,223.68599398470238,0.3155485705841073,0.5625968862453229,1,0,3439.3837098619506,17737.458108344887,0.5785028330594445,2,High
10.314070810949493,3204.9809333495195,4.551866866094867,28.492080580155395,151.58204622181296,0.5960748685637338,0.4625850710392756,3,0,3091.642634011928,11169.561349311547,0.3108438005255672,1,Moderate
25.579976328769387,1419.1073649528137,3.5863333062710705,42.36354455230764,562.3466315866427,0.7279861674486048,0.09584538668483178,2,0,2110.3375974150367,12452.081062025522,0.5128907497165475,2,High
8.510514093044181,2920.523826856453,-0.5899856182063541,63.308837273829305,418.21455268951536,0.3118379160605495,0.7968929647059998,1,1,4781.574999828621,11131.19605985354,0.40409477434589347,1,Moderate
69.3520213708922,554.565224958083,-2.2420294209654035,278.90049358964166,551.616641048256,0.66355987742805,0.1749335627507892,1,0,2219.598141557564,17711.375483820484,0.579726366024314,2,High
65.80045150357357,3280.3412648705157,-2.480801807186726,184.9886493368841,584.7807906707163,0.3309176601441644,0.11456204339604814,2,1,2492.7147622378793,1268.3913585838268,0.7455340971583762,2,High
19.34562207863667,2654.839279606429,2.800975938601127,3.804164198799458,323.40403402255305,0.225145589964395,0.6230713954829474,2,0,3907.4905429265627,1346.9741418149029,0.5172175170753444,2,High
49.49880345256343,3300.5369354754657,-0.10411290116253191,242.46594988995923,178.87550942641442,0.37869992156213733,0.3986443612377232,2,4,1424.2121480635305,14034.804898494967,0.48518708824655143,1,Moderate
61.29166501509119,2400.498594078522,6.982644959770212,152.52846431777894,156.5508324081241,0.5434402113898593,0.05980847535232947,0,1,1457.476564068959,15359.278040963567,0.46098699564852313,1,Moderate
41.640060869959676,1335.573368798052,7.494039686534244,183.90685138696725,172.60537392721227,0.5995702619504573,0.3555683549610582,2,3,3876.4884381060997,8671.788365639357,0.4778776341562944,1,Moderate
39.723793376700485,3289.815986584056,-6.58879243986963,77.0818476286568,439.7263191921016,0.19240989578131867,0.7717803522849628,1,0,642.8989459505397,7046.104161085267,0.6711501043657816,2,High
18.138921817533877,1036.9270394512068,-7.275326969085487,198.6416022218773,72.2451504676504,0.4284522767116384,0.6152492052170976,2,3,4114.822601465116,5558.901324108263,0.47932841179182456,1,Moderate
6.982707585442441,1229.3865750098905,2.608018520719991,352.4951663105359,78.24859016799317,0.8008579614884919,0.3627860229869968,2,1,3125.8750415492414,4687.897716670955,0.304337778336346,1,Moderate
67.29118184649951,2482.748621205917,-3.975485038754412,26.440088762074122,384.47861831073254,0.8739441901217038,0.19180479163458808,1,0,2695.4188320163553,18239.171793572103,0.5936826981924749,2,High
67.53135428724978,2702.0754183863132,-9.628585624698022,102.21026387919503,403.1314307055736,0.049972900302349965,0.6317956208047733,1,2,1145.5469108994075,5902.790927223449,0.8096604310428296,3,Critical
47.482609295495095,3259.9718450871233,7.772853387259101,87.47913342989872,415.894608377353,0.01211428228467562,0.8875553009463553,0,2,3931.840846722044,12961.575916223934,0.6756642823247383,2,High
25.427234328652553,796.3281907911123,-5.461984655123835,89.47775187042465,254.53427752372517,0.5443541967715133,0.6462727180159138,1,4,4024.765447543746,15741.895607672443,0.43480143583529934,1,Moderate
26.190718095949567,2813.1933197453614,8.585613033716182,136.33428872353582,493.2696887927842,0.25615227440578825,0.8129038546502242,0,2,2414.709339382589,439.3315689516175,0.7028424661009745,2,High
54.44667591526795,2611.0565815496757,4.348689017565073,294.5195225079003,343.4935232496397,-0.17335542774004928,0.521527838554371,2,0,1945.844874286044,677.482997663732,0.7038093007998381,2,High
67.28326949644328,316.90149126223275,5.253069798229685,328.62912838717943,108.0060965051807,0.18154805771201254,0.7179711067410288,2,0,1230.809187619699,6662.748092747386,0.672494008226705,2,High
66.5314818198838,1416.5586801147037,-5.970770084136792,72.79743148523039,488.4046188870399,0.6874192178194773,0.8962267737783524,2,1,3771.1700854458745,13920.314886274064,0.7472719519494435,2,High
58.49066593932179,1061.4025540043353,-5.316111487663742,195.4619776613206,574.1872824487521,0.677169623421501,0.7731789782586551,2,0,3197.2596156335308,5215.972705246994,0.7838034319937651,3,Critical
48.152373461571585,1135.2674428037033,0.4253550764813152,229.2836299795729,83.01997215129728,0.34415366369824013,0.9098539533981457,2,2,1033.1551468342886,29.66580864500523,0.6858508065987332,2,High
6.310497374628662,3442.019390485983,-6.558002947002757,187.85789077098417,265.24323628531897,0.3198357283762889,0.43113960211605984,3,1,3972.3403984245037,5762.95799887834,0.3885043480497031,1,Moderate
12.122153557096032,2285.4432058317548,-3.8913661463393545,156.26750191089104,318.1338246591112,0.4374581866778153,0.9042202551270566,1,3,4411.026566792298,1802.6163328702548,0.4883592516820501,1,Moderate
67.39156413953094,2540.0989364978986,-3.570750441043911,69.11118210932563,130.5589180430743,0.04133638161993364,0.6215672344817076,2,1,296.23631374122937,4388.266115846464,0.6929412779459044,2,High
45.48217947446925,3420.499966871031,-6.807401334944718,175.75896931172588,527.2399212805824,0.37864798738005107,0.8700487660816937,0,1,3862.1031901202064,6663.800013985952,0.6289394407915119,2,High
0.6897788712472236,1382.4860603559716,-5.8963433320967855,144.4373379760784,206.2823046895242,-0.18784900393768678,0.0393765304378354,0,0,4264.009667138263,2561.1471013750365,0.326906619171473,1,Moderate
7.610365714952408,2826.25657273954,5.771036840165131,286.40281050081705,480.6546969659881,0.3231155102614471,0.6578523819135361,2,0,4957.539497372735,14127.2945489532,0.5919121368076782,2,High
49.76263268310419,1577.4052752352843,-6.656082909054632,274.89756929867826,419.0469651155738,0.16965615087565183,0.8479750788778987,1,3,1188.0074946868347,5118.404640123766,0.7407773461322893,2,High
0.3796187884664015,3056.4144841709312,-9.43085216312155,48.23952523404146,378.9252023568629,0.5423565664940257,0.17420203364319975,2,4,1855.016026071264,13221.895986099247,0.4481303985196952,1,Moderate
12.0606038563124,714.2356404584308,2.5870988525787695,31.866858922704328,155.67856678310494,0.5021889425678903,0.6617869334649231,1,1,4830.955461004395,11980.657056423388,0.3984827641093953,1,Moderate
41.15503420249396,3322.1330020185505,9.519662387849,326.9354195619011,171.38693630299815,0.21891946820108993,0.8249547142166315,0,3,470.0777514679222,17960.90975387472,0.5085425058194452,2,High
51.892139826952,843.823808596991,-3.3757237075375723,192.78302002721918,76.04162261061313,-0.1919997203735493,0.28794936963263706,3,1,2618.5392195737704,1758.6634468933848,0.5926381414510026,2,High
48.89709446269504,1209.149723735167,-7.626885936074954,308.80833742173263,182.3918363802465,0.07750099233445651,0.40524632790639203,0,4,2533.7228991894385,4292.162227273295,0.4843730844847835,1,Moderate
16.820198209541985,2671.053595963054,1.4077465073506161,20.934403403904412,239.99398520328276,0.4966826352080786,0.5695177184992194,0,0,3032.738694405818,17303.56858087952,0.34703755972819816,1,Moderate
53.41344160106519,1438.7674813223828,8.127084221912924,189.54562194778688,508.22991712433395,-0.12038932268074502,0.5191676888845621,1,1,1653.9630742314505,16442.629127713863,0.6280592937773716,2,High
17.793681562260005,2167.9186810059186,5.681235596569575,194.1935452474451,251.51596669314293,-0.08159333598318978,0.039189393037135645,3,1,4629.590443358957,3842.1111436410138,0.3325213156351257,1,Moderate
24.40497736194508,1611.5499036360568,2.4503173682543196,309.852731715174,465.04198052108353,0.511738527023796,0.09867209808541344,1,1,1350.306304795364,2154.720238922483,0.4957444891086946,1,Moderate
55.98685538385181,2624.0577861052584,-3.698870067848013,35.1395993626947,291.6932547125182,0.6313441410442215,0.10046657930436131,1,0,3248.477587922012,17124.829292403876,0.44511482634873933,1,Moderate
48.7224674285411,876.3262580532769,0.8376034655243991,86.56040292332735,481.67757159663864,0.1537046788139833,0.262267905499175,2,1,2479.635113774681,3562.761136494095,0.6934453650457417,2,High
63.69175578706334,298.75715660538185,-8.175103173914893,146.35379299932472,586.949380240372,0.3386403720682181,0.24586411280244924,2,1,1333.3672624003996,17422.194121415905,0.6408808444237354,2,High
49.320966922525756,1119.7599514084252,3.5789084856133986,311.7029311511792,181.91285693166907,0.8402825014820245,0.7422223837867996,2,0,944.268978612135,19222.29398755481,0.5130395049947953,2,High
42.62314525016037,1712.649460552663,4.501920377953017,337.9979934254041,524.287886580132,0.8400979183935666,0.5727443860161445,1,2,4782.810621288295,4416.132771513408,0.5490782759127637,2,High
7.0256075871069354,671.2681774551071,9.300632458198375,357.38086305370604,392.0032474681761,0.1382530519097731,0.7639760846452411,3,2,2806.4573079789297,16807.751998419102,0.46197836198140685,1,Moderate
27.578685229457513,1306.3107848317215,-4.792052825098567,345.30965512506776,499.51184387376014,0.6909866625187993,0.06989605741087013,2,3,3020.954561122209,8476.621799645261,0.5588066221502326,2,High
19.89017757612941,1459.942262198133,-9.630871619139548,2.1390321039675886,408.3722462472929,0.45333845808754475,0.48521423747160064,1,1,3914.4772952098915,15775.568495069916,0.5666376539604623,2,High
18.29922325343127,295.1322685401301,0.9121692885430122,17.175002923393933,283.1722290007826,0.8730329426854182,0.32377557926526945,1,0,406.13329299891586,8147.910819576865,0.35814750168504966,1,Moderate
72.97579160643342,2083.2446438262955,4.135810087936289,53.13845489673192,175.4412166929847,0.3253749266822062,0.8499393107557464,3,1,3568.8213389838934,1407.9119746743386,0.6097109801894187,2,High
29.48232935000703,3106.7676551023774,5.808149517659761,125.59035483729832,88.51937393214075,0.6521775548171178,0.7077891569099033,2,0,825.7006878616019,14253.905452273286,0.40669552505953327,1,Moderate
66.9034916382835,615.9259040403782,-6.125221339503788,298.77049115530514,344.53510045339436,0.6449508425763582,0.8692584708267963,2,1,3702.4054253822796,3013.7727980715813,0.7632084508120931,3,Critical
47.33539694979471,2132.547245565148,-4.764942619259527,321.35623032077297,594.679351989776,0.3471761543963838,0.04642712240606006,2,0,706.6433581368864,18540.50178633398,0.5708059199044235,2,High
59.61084776562363,2360.113296696877,0.251818505345927,67.26038626604989,455.92299275781346,0.6751931257270387,0.7208234895666005,2,0,4162.468499367981,8354.925660414025,0.7001131426058563,2,High
37.69778198288941,1525.7379134255805,-3.3879838005999634,223.07909458309513,230.04004776945914,0.08714436663769615,0.540008352159578,0,0,3405.0813036350623,1640.002958191591,0.5881588251333411,2,High
43.267791346976935,2483.731797038518,7.2102297317489,330.25031462349955,504.9626400477044,-0.06552166008074822,0.8250000290155658,1,0,1929.4514442621019,4569.600295479888,0.7040756568230716,2,High
36.93882703641479,1496.487247869441,-0.5247969252255942,166.9434249352755,472.9412000970236,0.2676801191208479,0.507160590925821,2,4,1794.1722195129173,17250.352349353892,0.5327281313601788,2,High
14.643224084853337,1815.7667791232786,5.99157288204006,37.27568590300223,204.89968634440123,0.8379937222969434,0.540209077901909,0,4,744.735317779598,6421.709392483063,0.3023439742395577,1,Moderate
54.1839086446129,125.00035148505174,1.612395209647076,164.81291403046498,57.86911938682908,0.35081906902278165,0.05176738094206512,1,1,4520.266778830583,17126.55989959379,0.38149438627698784,1,Moderate
21.057927183064184,2451.848388057942,5.46180283234224,135.2861648237006,114.98945119367228,0.4987850525116197,0.6685228650359667,2,0,592.6463642440622,3445.7347678429783,0.47668490046693013,1,Moderate
1.823697482359038,2348.565108412063,-3.3465402693935236,207.95687858376252,532.5184046716317,0.48657870149866295,0.27313987560505004,0,3,2360.386942645628,9364.36247154589,0.37197434883488456,1,Moderate
48.41042219303758,230.5629829095715,6.628332438606222,157.9171263865573,510.10966941767947,-0.054169846003516514,0.01969392217882049,0,3,1182.5922739490175,17565.189835732326,0.5995052247475612,2,High
13.28330095552867,1352.0503651434524,-4.5085536889795685,6.244533667338459,212.36495048309934,0.22932657061493134,0.06643716250603005,2,3,4981.63754009513,968.0966464651308,0.4293533937373072,1,Moderate
70.53439382646857,3428.708258691669,0.9219761600658156,357.83918402892164,206.85748445643122,0.5776328702140623,0.9572856089660257,2,1,2929.220257593491,6085.543655592409,0.6906474648664508,2,High
71.54464327519405,1530.5043127332972,-5.719857736522515,195.67448558300552,486.0757429063591,0.869189108438799,0.34607728957984696,0,0,747.9225169550641,18197.031788775716,0.5969023703001755,2,High
68.61482926653363,1806.6143774482618,-0.48946956747613335,170.50707197445942,565.7556084424822,-0.015180487873271226,0.868075628621159,2,0,3337.8199881090354,11930.526554160862,0.8303533112201268,3,Critical
27.76190251915833,3193.762537743043,-3.636495809825937,343.66225374145944,478.52549123868,0.2514860793730279,0.9596772340692559,2,3,4958.0450861127565,14324.642620442693,0.6360026407246951,2,High
1.1592462396650571,2538.6903779435715,-4.665931387255715,56.10973233134776,383.06827236691885,-0.0953968202169977,0.9432671888373227,1,3,3025.2164030768704,16842.568771848146,0.4646500432115486,1,Moderate
69.6238921940794,2079.03844582236,9.339700360560748,68.12553691628936,183.4692426824925,0.06661410561418163,0.8817252406994202,1,1,2286.895472780973,10471.928525382335,0.6851923860383888,2,High
32.11381112379858,2812.5359165596465,-6.798517890265387,290.885309662602,339.1613527523934,0.2144352776587653,0.8948439124613009,0,0,1466.3506080932732,16907.318020432,0.5551957038423068,2,High
72.49911142827521,3038.845305950309,5.746516749147904,93.89918880900315,178.43152222629553,0.39470757274758544,0.2890080443409515,2,1,460.6170741438398,12775.291413368164,0.6046406743272085,2,High
72.27149828169397,1653.4194439067073,9.683299189664297,287.7217582649497,494.4062810532255,0.053623570462989045,0.1514698902603583,1,3,1141.2314949494378,13713.009011270044,0.7517212320594169,3,Critical
63.975709160052006,1715.3684407682404,-9.601970325198444,97.75205384706092,262.8285937347555,0.050318927296554294,0.6392625620879236,2,2,2768.1038978243687,3057.089103362789,0.7733651174243916,3,Critical
22.083666905218927,1412.5731812162417,3.9805482808418997,11.947546881000534,508.5334693467144,0.6556129770542243,0.48810559186882385,3,1,3768.9284932479113,18780.376584694077,0.43221001132720394,1,Moderate
28.882329645144395,3386.800876062766,-4.941763888874258,186.12530059921775,259.8850698904989,0.8589058292415694,0.09874671869517104,0,0,4389.654451148248,15921.687008698313,0.3542662549540429,1,Moderate
63.83525036376427,2470.365264587191,-9.190243513433911,70.80711628567009,503.2821728599402,0.15597426452660185,0.6775413160224109,0,0,3968.5612518633525,5083.91992294299,0.7086792582233621,2,High
23.769150386720824,382.9584251074458,-1.9422084208673844,272.82466545568957,233.32479834088306,0.5567912204992482,0.5628600074847734,0,2,627.3260068620884,11599.893327661062,0.4473094200289409,1,Moderate
12.711956001456937,3034.062719264263,8.7043562034175,230.83186796357333,292.0729875397184,0.0838885074937128,0.8630674008104391,0,3,3867.2994250652337,7529.318097223221,0.4251598009307796,1,Moderate
41.76009468437626,1733.9037988433115,-9.764698112660046,332.49696047205043,388.5186306384616,0.8207474804621955,0.6091837956883986,2,0,2908.022730729028,13208.039976198232,0.665770683053656,2,High
70.21160806205857,333.7632818364574,1.7577138385956346,281.87580861566494,88.65818771645527,0.5401925961819383,0.5739461797217537,2,0,2345.5377875241184,19874.936864049403,0.5650047404067654,2,High
52.20223475062298,1969.0386675552575,0.027929571906486927,65.07934374266166,571.5138839985054,0.682944540101327,0.4407517233326279,1,2,2863.820592360403,914.9279428729029,0.6031913173743044,2,High
42.75458775670237,1518.3585485173871,7.46768328742095,288.05696519932667,365.4831823680918,-0.14571055248091871,0.4627870698888703,0,0,40.376643862437554,19050.472759272492,0.5110345511058382,2,High
7.28823703280764,3084.3479765329243,-8.319965709587487,231.02533613304837,329.30100807994125,0.4583565650646871,0.9543812269791161,0,1,338.65121485513407,1447.8266428730046,0.4737542256303304,1,Moderate
46.12554200243773,793.581652271917,3.630520597733007,240.82259103382498,511.6666841159516,0.3803735644942205,0.13844600940023932,3,1,2629.2463953649058,9215.29271681556,0.528030832301336,2,High
74.25403875781974,2909.979672273422,3.6021939686655458,299.61463894925356,526.1695014432552,0.12229659760268524,0.44621881858218715,2,2,868.096247407788,9642.184011868721,0.7999757817227472,3,Critical
10.506301142739302,1996.1415500305393,3.381600337245665,206.5766649080185,337.24322249095883,0.08867298356304987,0.6558272339268428,2,3,2727.7047606671663,5374.489091996171,0.5800123852212198,2,High
38.87472392728026,285.6750309257948,8.846689898700738,167.76126516708464,559.9942791865005,0.4380272825486668,0.4330106455903996,1,0,1771.0678593740759,11333.985721193729,0.6273536611556756,2,High
65.80298039459666,3404.274024506648,6.461750580137608,229.19077272914205,85.60577134206434,0.5771341985079477,0.28321562704075776,1,1,4537.060103373763,16679.28292677254,0.5126187782889142,2,High
55.55764633156533,1842.8918299508798,-9.16054547512988,107.26467442500928,112.27418573816965,-0.16350996726129216,0.28735737076285484,0,0,4748.417136522268,5879.2436242254635,0.5858214790550726,2,High
52.276180574645096,1088.9813043873805,-0.5783429859097371,65.73496719135575,378.2335265079421,0.4241417401160748,0.23365604625771574,3,3,4898.920565342598,1408.0987530427524,0.5144136889528719,2,High
52.6863062990332,1695.9832627634776,-2.04093887597333,221.97162170564872,244.73622398647103,-0.0124945181587085,0.34390320058308965,2,3,4494.689979414094,12645.674012825248,0.5795382733561634,2,High
26.961836341481636,3016.7164639594625,-3.797055578183959,84.18541287077197,305.32384140405935,-0.045600995475289396,0.871674775583567,2,0,4929.454255961665,15034.902582965035,0.5884094626210955,2,High
22.019388319837002,1136.670622909216,-0.9732654969180548,28.76943936477842,230.4435698434416,0.4854314369041531,0.5052245503229952,2,0,3530.735628696809,19090.4601959214,0.4281603130761922,1,Moderate
60.70208666088852,755.0997480547811,-2.3161163014804504,0.19950645069140904,272.5989212947146,0.14195712893922036,0.24023872807781843,1,0,4802.711399505257,3190.4929368676594,0.5563598051776424,2,High
60.75850460093856,538.8422395649969,-1.3533220024266939,218.99498450402416,502.4554909304647,0.28496825644835044,0.3845267170265324,1,1,3208.9623272841354,18027.197316096106,0.5971696648791238,2,High
65.03042389350777,1112.7219545267183,9.58523731217285,130.37356205288526,376.4119099198676,0.19599869038375023,0.10583041207856803,1,0,4046.0710344286013,9642.469543782248,0.6690538491633335,2,High
68.49304144173534,2752.1634959361477,-8.227340505008385,270.83194944244417,598.539502105924,0.5131699521677762,0.904035739738738,1,2,659.5499636185515,4715.164740480831,0.7940300060917505,3,Critical
38.350679914570335,1703.5296416638898,8.444617396774596,135.06350339271688,482.78355880152964,0.3171317426731158,0.408197832091432,0,2,3412.99793801279,19254.969403925388,0.5485576268915401,2,High
37.61372210153997,873.437452558036,-0.39526573057946557,174.96124136576162,200.51643975600467,0.8598045282417424,0.9803912045930757,0,1,4655.516546676298,4768.58541072646,0.44301690388727744,1,Moderate
59.87213842250814,665.0289986731473,2.474844909990823,146.55059021353856,195.38981474968293,0.18762103501711186,0.34753877326251925,2,3,2700.2412076638134,14668.883714718637,0.5966563199032859,2,High
48.747294808332384,1231.280220135289,6.603659332353878,234.2069247993646,234.74404856435393,0.6143127742891188,0.8363560472271211,3,0,934.0985676515462,15697.735568082588,0.590099444558751,2,High
52.64751579432775,3295.74286781141,-2.7907394170148887,128.21009832538854,513.7927143562586,0.08302182434134897,0.2563853132914532,3,3,2634.4428036250074,8610.381048478237,0.5824144098393128,2,High
59.68445020770758,1266.2908228060828,-1.391561838240662,346.9563539792312,65.00820785781107,0.3596284018887616,0.07615289337760223,0,0,3534.7049702974414,13799.696894538902,0.4290088864949121,1,Moderate
66.75040063631747,3459.6218582457604,-1.8096303944257208,337.0129151754708,176.59970337919174,0.4078267270921528,0.0317333616738007,0,0,3848.9424954869896,11449.541500585021,0.4722732771967914,1,Moderate
25.349636763865185,1749.783549602211,-2.505379549284803,305.2900449566213,547.7051311893468,0.16202020916900545,0.6061684266447835,2,1,2618.5100496599193,3840.6550486623537,0.6199380888710567,2,High
28.1687214479958,709.1573221865129,8.510586432937899,331.3080974061893,401.9430398457886,0.3189585818038921,0.3115736716735894,2,1,1086.8401210932504,15197.757642270768,0.5466539005539206,2,High
7.0486454880651745,3129.876312097932,6.5785978238602425,161.69028784538077,174.76590252558103,0.1072065016883414,0.44351988047582835,3,0,4633.443942893737,18560.32289672869,0.3818431407583945,1,Moderate
43.37101057471305,1665.2082686584115,-7.820000202740478,193.11494284421715,170.52973252791918,-0.1933991401586198,0.8186470356007953,3,1,3868.0870822667857,9772.761094382802,0.5939468001786893,2,High
2.6956705347556564,2512.882567915383,-7.83753295045808,267.153333320968,524.4399559676867,0.037213131801666605,0.24810808569480214,2,0,1353.44200308802,19886.205081335163,0.5345537471220844,2,High
34.91985135993451,3444.6193829111157,-1.4426097029401763,250.6125329778748,541.5666295523756,0.5700705897425207,0.30865247673491325,1,3,4059.064586981872,8559.306270697214,0.5162770735382541,2,High
40.69834760306825,270.5961910879116,-8.026852465343818,320.6442944179695,190.8721000291634,0.6480593269339148,0.8453361850586673,0,1,1739.3132475902955,9594.73151342854,0.4625480928684889,1,Moderate
21.49059390962133,428.76150327772825,2.3818619054223937,257.8791698124103,281.28069694209273,0.10822315385281195,0.4927622733435041,0,1,1562.1567233419037,13477.950279472694,0.408827087725856,1,Moderate
44.31249454267581,2549.552920973371,-7.126167854765322,359.2384949622458,509.0276562455744,0.24884729869987915,0.8276651670524876,2,3,4315.383136735721,3715.402884486876,0.7005841141104164,2,High
2.287518745428707,1058.205011204605,0.4474652793360221,125.46208793937276,474.054091235437,-0.15889777384752782,0.3744760034663164,0,2,4366.176034085606,18038.920198944128,0.3669643010564103,1,Moderate
2.8011141561910815,726.6247496303369,-9.855601059925645,299.87918720619047,497.6538586113465,0.06076919120744867,0.3983699808271085,2,1,1992.4070140948957,16025.455942789344,0.5092786308047184,2,High
61.69504204947437,233.83039138708028,-3.668073031747065,251.1485362197591,335.1190049333828,0.6571412117095292,0.16713836177825625,2,1,44.61402540782255,17448.34572783559,0.6287927367943438,2,High
27.014298105844716,174.27882075308614,3.543814473453109,248.8991202774067,551.3519765678452,0.466584897291563,0.9163458535949663,0,1,932.8281069999595,12191.171590081749,0.6326906937817832,2,High
9.529538448891358,2733.251050607289,-0.3192211954430313,117.3008141441996,229.2733491749394,0.02634757414980854,0.8967836940126095,3,0,4546.481641122793,17674.95922358986,0.390532723811438,1,Moderate
39.168244504110326,557.07365305647,9.565389719979763,282.8166452722881,136.16967389113492,0.08318619463467536,0.9842170145647735,1,0,4493.746685275289,13599.449745561104,0.6487561029439365,2,High
57.74951648239581,1690.2500943019131,7.482075921324217,324.1353680451357,439.80278291067566,0.6984822252885163,0.40244712716971154,3,0,2266.723740467238,10231.217995715191,0.5762554848976444,2,High
16.18657706226324,2160.0491716102424,-2.8185844191369753,78.67744614740266,346.644928803793,0.02999262323939092,0.8186149417586421,3,2,1520.5835363793929,18635.816079694316,0.40032115778736976,1,Moderate
46.71678568642502,1556.3961219340772,-9.090269170554508,225.1788613620135,520.0221728452145,0.16757349843184438,0.4149537316721186,0,0,1513.7414605258582,8794.395376430026,0.6687484085919055,2,High
6.401059874532599,192.16261794319257,6.912526002300375,141.16853847699906,94.63758701859322,0.5307945608201088,0.45429878892097275,1,0,4485.974013142691,10011.397109837479,0.33693109133982785,1,Moderate
3.876129087645577,2763.90510879889,8.224686206293427,356.23732294615576,514.0308218909367,0.41722362427888654,0.8299993935948246,0,0,1623.6665548775825,3390.8746165349935,0.48605391643144547,1,Moderate
39.8515973676111,135.74496344162185,6.412547868380734,172.37981369940536,211.3120592648522,0.3069572257571957,0.17736677088639974,2,2,2557.9012987005476,18953.18019717921,0.4449851834870039,1,Moderate
40.54763412075799,2690.425640883446,-7.441001181604703,82.19526256689937,410.17061694250066,0.7897152000777188,0.22031093446175232,1,1,3655.0552529644892,4421.056169246113,0.5646261790415251,2,High
47.80724261236549,3137.235278879617,9.958302688245755,137.4687450798597,72.07083399304068,0.04168150898655687,0.31472824039581504,3,2,1047.4052080470942,4028.318483833333,0.4565197736348105,1,Moderate
54.456850029199614,1571.6557315943858,-4.828315568944523,235.38182033398544,385.26971296698036,0.6155618799492999,0.7881790325000575,1,0,1269.1954079294683,2023.8920846234155,0.6867914499367352,2,High
73.18890595969009,1920.844408532514,4.484098256167401,27.39217368584746,444.49942905303476,-0.02502977531999831,0.37265154936808276,2,3,1790.3094654756342,9067.189023039376,0.7608814027097985,3,Critical
38.72252612258965,1721.7435349000227,8.16069752671443,217.29669127964553,252.81261797809117,0.47730721683035976,0.35816820828076157,3,1,3271.11694673695,5472.290997561658,0.5136705927002542,2,High
24.221735470593448,1423.309303319692,-5.286257713385812,335.2409133044033,168.47588789417713,0.7576859197524446,0.9988163452552418,2,1,4087.4532557316397,14815.620010628858,0.5270670517549882,2,High
59.638964607652774,3117.243420259225,8.165171093541321,306.13060355682614,345.69687213194976,0.3036919640259517,0.38380614309947947,0,3,2733.5288166549976,6150.432404081068,0.5898117769506085,2,High
20.312418844655568,3139.3739362779675,-3.8103684161026603,24.362473196874014,508.2549424396056,0.596723957910462,0.247770536315587,2,4,664.6436832481184,14415.405234487887,0.4325833039175788,1,Moderate
32.92285655292271,1241.7756397812175,9.528264447681124,357.6203563460645,227.95104706315794,0.7024326882988872,0.6232136782009433,0,2,2231.2276153486055,3919.2216555257933,0.552074188105308,2,High
5.884228600669947,2191.2371636499734,-4.374799592390508,251.54169253339649,188.85811363670376,-0.05037093263463699,0.8018799519550008,0,3,638.45361061597,4599.316868001664,0.4284220369451403,1,Moderate
1.9013057561593132,3251.485711295938,9.068716495156703,58.42109675304853,203.41441975072823,0.5764095848103212,0.06960783372315926,1,1,441.4858483334766,16123.483208830105,0.287437700358132,1,Moderate
72.19863110084438,3370.998896400595,-8.929106982146502,4.469792100992458,572.0226841041655,0.811825126387544,0.618892231138475,1,0,2948.0838492572393,7421.871038495278,0.8030072098306285,3,Critical
62.69850903841544,1830.4607374349616,4.18544023339626,61.66174906517448,247.6023036705078,0.43400767084109865,0.035735455880224753,2,0,4781.060558989615,2235.4795120938566,0.5524955111986748,2,High
52.19806545702735,1639.604337966711,0.642222676740074,301.74333144686585,51.98233193855795,0.004734468981631629,0.5263323509795179,1,1,4188.059166670297,19228.07610176816,0.5085141015618191,2,High
30.67147083107024,1047.5606741569877,-0.4424584575453867,7.7901569802589465,479.92466437779086,-0.06036321525216273,0.2569915637578092,2,1,3872.356312712465,3547.8431288722277,0.6139741724902109,2,High
12.997074005313433,3360.164368847394,-5.5301137148832,83.93302930251116,434.6011374344646,0.08570886351342272,0.3066416976731857,0,1,3635.2798293266687,3003.942373239148,0.5268087361510706,2,High
11.732778200331454,585.568635207749,4.111915795529839,272.6300143205551,120.71254553163288,-0.08613540408164919,0.4670959639823826,0,3,4485.639285678488,7167.641267032396,0.43175846408624863,1,Moderate
18.76821736234465,2071.420558562265,-6.183810171073858,210.99979292332864,591.6973370242018,0.3647334787435523,0.927107460745587,0,1,3764.1754207138883,1912.6753846264698,0.6202116652232763,2,High
41.191999852959036,1060.6709095633723,1.0568359196953647,281.78485572966906,384.4342569178112,-0.12332484902259197,0.7106673065878765,1,0,3134.386726503857,3112.3275190233767,0.6695291207141226,2,High
53.59469420250468,1048.6281871825086,-4.9350927391949835,268.61418137764366,325.4287200173308,0.04574508709984912,0.9368455962844964,1,0,1823.4004013686017,16928.89195069899,0.670819015820108,2,High
49.51480325382985,1476.8931970790409,9.112427595627121,18.216499363849703,260.22059719259005,0.2839014883034358,0.6599710045586776,2,4,504.71944929896375,3430.1371141933723,0.69210862102227,2,High
20.995042270945714,3495.8959817732252,-9.427376123286944,321.30411087389456,544.2700155600008,0.3213062254422236,0.007107747087859662,3,3,2305.166819220052,2228.5362732507674,0.4568038120621692,1,Moderate
71.61489604973956,286.885443255395,-6.005434397775269,81.73146034161672,184.1799147802098,0.42193833366166095,0.2655851973476776,1,1,4623.921180726837,17599.150737625245,0.5529634763112864,2,High
55.34226875218264,2067.0421818920067,-5.153787872251046,199.22127848271495,207.17289512094604,0.5761764590257992,0.9057725777203739,0,3,2915.501326875763,8875.9301622487,0.5070488868326257,2,High
41.576553938355055,380.7453373199424,-1.7186434846436711,231.94373635000036,117.32594367761179,-0.14804849636798573,0.6434455209677448,0,3,922.5208994756679,3143.2588282485494,0.5139850648901639,2,High
45.87905596757642,625.3708219677645,-5.34539516259893,60.70615591863434,467.515502571343,-0.11131695260663843,0.9816472365702749,3,3,3245.116542404219,11630.34861009039,0.7525921570931626,3,Critical
31.470004682084245,1594.5140020278554,-0.17301819462429435,351.4432524123508,377.5521042232193,-0.1330549330147412,0.1559640192182956,2,0,2327.3111704025223,830.1167975183765,0.5880267231554304,2,High
18.57982421258681,1835.5644465779005,7.449310465170779,175.73614419143124,384.98639308997406,0.2654653470114014,0.2967478331065194,2,1,4656.900442914832,8547.651092591092,0.5247813652227405,2,High
26.69795089884462,979.8941884393815,4.241268428183416,20.751370415061636,170.158737060705,-0.15396726062877228,0.3623676595170363,0,0,804.6995503100129,11806.276527506869,0.4177896429076837,1,Moderate
56.83845828482768,1175.954244973015,1.5992396107022202,337.41433612002254,408.14261401989614,0.6206893935144588,0.32655781816731055,0,4,3560.0587425338126,19142.400605226172,0.474498821086576,1,Moderate
1.0795116472316901,395.6878688701724,-8.219936440346407,211.05642354957652,471.0021459857752,0.04530019914232564,0.2519915301498806,0,4,3408.012324034008,6529.295275694802,0.40075402496455087,1,Moderate
8.705448038018718,1130.9472650704517,3.8798421677855117,251.7095512732955,246.8386918991291,0.8331337426189547,0.44346571575677785,3,2,4917.707892607524,15301.021930728886,0.31053975652999116,1,Moderate
3.450198151631456,3386.2986938938498,-6.671714313781203,189.06328437632067,490.7409291789417,0.33504413060682264,0.6422981233693712,1,1,2824.5606330921937,2653.996278102586,0.4529047786229231,1,Moderate
3.0546601739227603,3312.0050976864377,5.7273477192339595,300.5056637197083,241.8348236926115,0.2909583276864218,0.31125692288669604,2,1,4357.8701796682,8671.64700068,0.3335706085445921,1,Moderate
64.15954380082555,1238.586186465749,-4.998864829796936,11.928046389555922,466.9761538301082,0.6585925619034503,0.07969992331425568,1,1,123.56968765715348,4462.694597609376,0.6489384255178081,2,High
52.774339453501774,2040.9033833477893,-1.6590254335819825,96.61621149977319,68.55155910174544,0.5844693822822902,0.7085325268931634,1,0,614.4598411206631,9849.356717527484,0.49889439734621177,1,Moderate
35.56303718154939,3192.6243297772107,-2.990595953641442,169.0734083049692,353.14053081050895,0.46803994504295715,0.45901655578126865,0,1,1729.6928642326525,8344.637177317569,0.47852569731991074,1,Moderate
7.337562048825111,121.0249969790487,7.176278293497134,27.577301872935614,583.2396083519376,0.8286613768754072,0.5564823060900632,2,0,3096.636985786189,19595.700999198267,0.49147735541722093,1,Moderate
36.871190633762424,2856.3241391478123,-7.469110825731837,254.12640095759696,589.6845303753149,0.2644851870857847,0.4554006571639151,0,4,2245.396724837043,18349.959958412892,0.6618393077895759,2,High
35.510382808542424,3324.4564794823245,1.312897647695772,141.71882906003069,204.96391808795732,0.6893848433495151,0.8903575034549103,3,1,1013.4812367329444,11644.117993320748,0.44696829951873907,1,Moderate
12.990140243251139,410.507496734094,-7.158767811138755,98.16047649653186,292.7695000941955,0.21810224032040043,0.55874499716638,0,3,2946.0186994571723,3530.1955583023982,0.46819799946763513,1,Moderate
32.53887369284798,648.9221325119315,4.095916722643732,1.216384851028418,84.63784939264818,0.7221802417257155,0.9232768398517497,0,2,2833.495296706814,11139.139828437721,0.5007442788328628,2,High
29.887855079803007,3366.5374294226085,8.101562555889622,259.13891222998336,530.3377191825298,0.0854220918625655,0.5105753415560003,1,0,2622.2373926042433,15841.645566475447,0.6011978453524568,2,High
46.18875735391624,1927.6364883771773,-1.3078469226549316,300.1713511942302,362.7146842271178,0.11819378011963572,0.29258816224028183,2,0,452.7805605534907,760.542239546138,0.6845823657565959,2,High
47.63202381507328,148.26855720386058,-0.23815479470048295,142.21459284533944,261.8053734172844,0.5456564874191994,0.3554425871761966,1,4,4635.127463781154,8680.586973096468,0.39378999228400013,1,Moderate
3.397800732903339,975.9487957959991,8.548456729655246,203.11847173201159,112.0238071690342,0.033984624446976,0.5221292935847855,1,2,2961.276518507182,852.9382965890919,0.37478056684616934,1,Moderate
28.09594609698534,1629.8084925141227,0.41982777298714247,81.96718533465544,570.722007023289,0.052069605727971646,0.5299894378050086,0,0,1319.9587359932864,4879.158750958477,0.536478598325604,2,High
46.93949367856773,2455.8902974842104,-0.24803123900878177,223.99115266084792,341.62047630154655,0.13578867191915622,0.6873377015489488,0,0,3437.0909519726033,1842.2931920185736,0.6100491500729384,2,High
37.735219393506576,2592.7452856651184,1.5665820540860835,4.369484993472188,205.61036099559712,0.5468216466264135,0.22449487218663078,2,2,1589.5399543444366,19211.565644501647,0.4847215243329876,1,Moderate
64.23673808912417,3484.433143946551,3.784594727259039,175.91180295555304,242.61832157233022,0.7783269016655552,0.6588428999655017,0,0,2529.280133872129,3376.573055607104,0.5536394546844329,2,High
49.40202237142088,1077.5380779047807,-7.862332498259372,231.9139734626492,198.8834495071812,0.5420244162396854,0.7785880083807523,2,0,1705.6588552949147,3002.077646725039,0.6880098172465459,2,High
12.220082031107227,1929.9483463528159,6.422210554830322,330.54903836270427,380.9953948713394,0.7105956687785377,0.6765919894669901,2,2,4401.970132688465,19441.099329419183,0.5491308643868292,2,High
5.292656055032238,1913.300062722657,-1.289899450934815,137.28089416402233,561.4799666792804,0.3979166486639168,0.48182810981759083,3,2,4969.902922674651,10319.345806061468,0.47760507694674575,1,Moderate
48.18144586547367,1479.1938821206074,-8.55302980205029,275.46847307317074,521.1815918296104,-0.1241844565203402,0.991680651116834,0,1,805.9103266394935,15159.700628090948,0.7268338743012207,2,High
1.9883482906216359,675.1504390642286,5.723653383964262,215.16733077966026,303.2094814842876,-0.08948716734064928,0.4048131591292162,1,3,117.89475278298434,6546.293023390701,0.4663136260448525,1,Moderate
43.93316859550975,3423.3523148250647,-2.461000566274558,333.724360653029,504.57464926555434,0.40983117620360704,0.10659061457982921,3,2,1096.6125349102124,10657.21411869711,0.5148937210158412,2,High
70.51726810687182,3001.2784346663925,-7.992650098098921,143.41596323739503,282.7080147019814,0.16058106550632062,0.821504215407343,2,3,2949.7599154880672,137.07424155446236,0.7905560000396886,3,Critical
43.16056334069092,1794.3322962004065,2.675580790865011,114.87432235427568,188.76892741725092,0.04262488100063691,0.2122012188804182,0,0,869.7556978876653,8176.36942754832,0.47301200182913933,1,Moderate
29.112744465489143,2151.0344371257015,7.6026270686728346,319.37111952989176,590.8783133965353,0.31288262003288286,0.7132855729024421,1,0,4057.4221230307667,11101.795728879079,0.6221273250005541,2,High
48.24661638317649,872.6875821028518,7.755070188279728,17.727984506984082,217.13816238395202,0.5331464149947318,0.1789762827151259,3,0,2043.352883972212,10288.203269982474,0.4699036499299754,1,Moderate
34.368966786863744,1948.8760393319394,9.153269496179462,49.09874145612365,228.04832704279963,0.2234911425094443,0.01687739085793938,1,0,3052.6637035706476,8116.393744335118,0.41335733996701846,1,Moderate
40.92125919869512,2462.898452613018,7.354109195333759,29.665596450256004,594.3310772825872,0.6827964828730759,0.15979860378902566,2,4,2278.0892081142947,15758.153274888933,0.520647635794366,2,High
70.60986065823938,1851.5678965144018,-9.957181613090496,303.51958436750493,123.66012124111019,0.612375571228533,0.3769886965758219,1,4,4516.639608094768,10032.816533074158,0.5820513497373137,2,High
28.95769783505807,3466.9695799888004,-2.3951766717321954,3.8186724133149808,468.2936934053323,0.6084063703755236,0.10661824712979828,0,2,175.67668531138892,12722.410472918791,0.41443942837143766,1,Moderate
72.08929228679357,2178.561631242269,6.370851598110061,310.19657597893735,564.6970171654996,0.8837086586451275,0.19767908423568203,0,1,3646.5094782829983,3692.4226326805365,0.6107992912808649,2,High
67.90129814670478,1361.3106228133747,-2.674939880030516,162.45640633365605,331.4872468514802,0.12475297510879829,0.764626277684393,0,2,3260.860666704333,17230.00192822248,0.6664659081460231,2,High
14.684335109197233,2725.3168938938497,2.0309701275941237,1.4491003874294694,51.38696893655102,0.5091981449749847,0.7698836079771307,0,1,3247.5751549287997,7256.723637792628,0.33298826557107924,1,Moderate
5.202097565637409,679.572539377583,2.126338947490641,144.59226379633506,256.28241926220846,0.7410261741763449,0.8174882271909767,3,0,2069.946965191026,9642.072666529251,0.36403000478536857,1,Moderate
7.558350103306999,1407.3537666013062,-2.6994939192235385,67.24830277621281,111.3629458116549,0.4374768773053021,0.8411552365475925,2,1,78.37614237948765,7043.895596492928,0.454547839082476,1,Moderate
1.3666369238662295,1279.660431283792,8.089478545625752,224.78417548997868,278.90321351353265,0.668452393726932,0.4204358946137554,2,1,3446.2036098397894,17838.143520143087,0.4206798221155546,1,Moderate
7.08322205669463,1568.1441233664427,0.06456690772235163,244.56916437179277,484.5147189032566,0.2558974044239035,0.8675496606935285,2,0,4147.356064041266,18014.802939244655,0.5259761105987496,2,High
51.22550800622676,2758.0514081576694,-0.7043158812499843,175.50992534579993,291.2913518860903,0.4495404802202852,0.5259368750140431,1,0,426.15155493674064,4485.686892204861,0.5440596818397979,2,High
5.339148634517174,1746.1883093555853,9.95027491323792,14.587029158281188,287.5588167402574,-0.1387669679152389,0.47059711693600814,1,0,2208.087521219843,15054.291115246671,0.4661424883496433,1,Moderate
23.923172272032097,2799.649130904273,-0.12999271854766725,236.20636957219267,356.23421230536565,0.8843443664072947,0.7185363289957758,3,1,812.974269735271,2057.670914163985,0.5207887700275625,2,High
63.36564832270909,2060.062270675544,-6.4320349614283785,303.13396209798765,369.9298216112241,0.680020329593259,0.2138184113599072,1,0,3054.688932148041,597.0070661559656,0.6596286060057404,2,High
1.7453951801869398,1263.0360778356883,0.2613884572687617,259.31673983750454,520.9629698394342,0.7556899787945945,0.789497376827472,1,2,3928.024381795183,16731.68227000424,0.3998831749448125,1,Moderate
61.08513619417018,2853.9277285238063,6.280334710398602,298.78485082391467,219.59549157592332,0.5637237059572406,0.42946582656620325,3,1,3333.532824637032,2623.5629103989,0.5606254006130333,2,High
21.139108108004994,910.1848798805114,5.537206537965629,72.18342847831948,501.9191954024088,0.0046550360895694365,0.12729541400376043,1,0,1590.3003524294274,3095.6543572198348,0.5100249267790913,2,High
8.862362071624219,862.9021313193047,5.77163530216942,319.9996582763337,361.263561780626,-0.1658687133401645,0.11931191351696757,3,3,698.6635141619191,12131.765185880064,0.34657825607142845,1,Moderate
52.255287402311296,1815.3099417864416,4.160475679958235,115.98964223326661,215.29125234443083,0.751122268509615,0.16490674384670012,3,1,3971.3407302523115,16335.370330879468,0.47484322919435656,1,Moderate
47.170713508491296,986.8874362711023,-4.915643418666235,4.8257331307167695,212.3193242033424,0.2359637191097354,0.8905727342437824,1,0,1619.5842924634608,3792.018400820845,0.6446385451943986,2,High
65.81040101452898,130.8959188341355,7.241681716804628,303.6209926784654,248.62563440814847,0.09025136364391195,0.9909378222590475,0,3,110.69915872213065,2283.844694245991,0.6849181838124877,2,High
55.130328285291434,2304.211592815925,7.868869307525301,339.0556568273016,392.48128344098654,0.41784025472283887,0.35697379920128347,3,0,2857.1060717462537,1546.4469100170609,0.6156352986763475,2,High
60.26106977886364,1837.7189930061531,-6.116946067629019,236.00095107024555,176.94645224797205,0.2629883747232913,0.2921438522052976,1,3,1233.3865511668919,496.928231709064,0.6455650286610581,2,High
21.152592942847985,1614.7605692767481,-7.390887268972122,83.31718696683288,556.1834589197471,0.5168325952563129,0.2187709725943373,0,1,4206.029991790884,2329.582997161439,0.4842331958003696,1,Moderate
13.307965783479212,3387.692949702272,9.512099371782242,90.62800714171094,366.2019212978452,0.33217255635996495,0.8238164771672455,1,0,716.2760219538927,18853.838191373336,0.47318328080357974,1,Moderate
56.296106373064376,2042.0772254739065,7.366479273007357,167.97343443682303,556.0086773478038,0.5669564544842978,0.2092074824188761,2,1,2174.0042452962516,1905.6502516892372,0.7217389381059861,2,High
60.5126054450448,3035.6673644839075,7.864722944198935,323.219188656511,75.52239721853509,0.7387655964600572,0.9240901299302697,2,0,1265.651018055059,11951.179481502415,0.6493761847255619,2,High
74.2878856500505,574.1308030975446,7.727527692487904,53.85515621312101,238.43625375381035,0.015112712051367938,0.6673503789712827,3,0,3448.008096105407,18419.327778320596,0.6547468378152652,2,High
30.946325768356985,2035.3019746400541,0.8337364806745668,297.3505210500553,62.544213378192694,0.16237616862203552,0.8971277916691947,3,0,2742.654546787108,12556.40281552344,0.4017058646623929,1,Moderate
27.901356434458737,3051.13073088507,2.928034733315993,104.86901113385413,199.7384983038834,0.2804971452277028,0.5540098543941463,3,0,3954.93859624298,654.915090466952,0.4727922485432681,1,Moderate
58.230972055649765,2082.559574751653,0.9072570426728337,291.09102099447523,524.1035597477235,0.8582642928304021,0.6906798621824968,0,2,2293.0628761182606,11928.276144319247,0.545915901628778,2,High
25.560265518976337,2541.2482056318054,-8.975873016193418,331.2976311365539,70.13534371321046,0.20186697490223382,0.6194581006577077,2,3,24.04215772197793,18061.30613681152,0.4554158617184657,1,Moderate
69.80679942026735,1364.948130561505,4.910061707055453,153.89779391795528,289.88090495365964,0.21920983455189252,0.8311954563237969,1,3,1075.9824026974784,6451.180701602532,0.720499492269322,2,High
64.38095638822588,414.32835792602646,0.10664066671760608,131.4182354779911,114.66188876027529,0.5188197752555173,0.8358608111858811,0,0,4995.785540971368,6272.558591416888,0.5777020516720697,2,High
32.17455205312638,1656.861003432043,2.9541814958045958,288.7996748296686,279.2623625932023,0.2611196808789442,0.5897929998451251,2,2,2026.724946547551,4977.271774016141,0.5432487216379353,2,High
56.3153300843623,1441.2299288521156,0.052796099510706185,190.61383765658184,511.3683713454075,0.8463461202035658,0.6325076493297723,1,0,3101.1755394311276,10110.8917389256,0.6235247034077793,2,High
56.59071555635118,3048.004620088421,-0.16377355355088064,246.40165744675096,392.68906837138553,0.7839156365229882,0.92187592049783,3,1,4524.658040293786,4758.856922186911,0.6484446322222985,2,High
7.734290162694945,929.5840279984056,-6.564217810444664,224.21852530602465,455.21598993228275,0.3647496555532403,0.9298664839649694,0,3,102.62091072544222,14475.775427980592,0.4672718377262565,1,Moderate
67.6914680009675,3386.8963736193673,-4.425725697177021,55.03998443212667,242.00726349726955,0.5092527573426349,0.6642497838951816,2,0,3298.0369819869766,12897.234948392243,0.7893297726437722,3,Critical
37.89392793358929,3357.669607335287,-6.822946161120884,304.1245297042422,569.4187322555778,-0.1361663819280174,0.007754278173163542,0,4,1441.8848698921838,8015.472307391816,0.639474308288262,2,High
61.98430995808062,941.9475864428916,-6.086674087493151,70.47904010872902,440.0941515787251,0.5653035808356379,0.104411214753941,0,3,1396.2412767621574,14451.101155885426,0.5627792851941382,2,High
24.00372007729588,1283.3766486228897,9.459547608406098,335.6215718654811,281.989350606492,0.5779209602439355,0.8579425317744162,1,2,1124.2570162415343,1969.9261287943082,0.5524207927852266,2,High
67.16424213721504,3144.889518971209,-6.937731084556031,90.20566491197323,284.5556401248802,0.1951192252075289,0.0847141163708015,1,2,4113.646081455799,14990.56806768199,0.5675261085432327,2,High
29.190125905062235,3386.5155510467653,-4.6145915138958475,264.19715037854706,555.2762978688137,0.04165117198779994,0.21351918085506638,1,2,1864.7386622324725,12058.163631674048,0.6208793227298489,2,High
0.812823861022377,1607.6929496425498,1.8117931547716992,102.47594165769313,367.0225813894655,0.8065862419987184,0.2305466802216518,3,4,335.5826913021287,12601.65751373276,0.25832406593380575,1,Moderate
67.90364823144478,1191.3899551790525,2.203571524732837,114.402747091271,438.50856544667295,0.2693753908856405,0.6002347697799049,2,2,484.25578941581557,1293.2740044496893,0.706431132400981,2,High
6.846500758960017,1888.7196450552428,-6.920517405123419,111.6006670016299,279.36937348224393,0.5190767152818818,0.5766327978837642,1,0,743.0718134340103,12362.700234565556,0.32870619481100627,1,Moderate
23.948522819281116,2438.4153016434984,5.874348515704247,269.24121144939,173.03102062059276,-0.16333832552611846,0.2894175234204003,0,1,4494.637936254626,9882.44047650985,0.43012147204859996,1,Moderate
71.25464752881037,1029.8133522749313,5.704057358256501,200.4534424689815,447.95761059693024,0.2554738832345199,0.20761136556844284,1,0,2137.217132536712,9717.250046338877,0.6869320086558885,2,High
71.2955360203167,2604.0087937048474,-5.253645915922178,317.862884105099,384.30307467776333,0.698984692115268,0.7645320298574758,1,4,4580.246697997604,6437.067995823289,0.6708851028555939,2,High
43.007841609246455,275.63501418977955,-4.226673946490791,110.65417891345615,325.73858423362867,0.2263336004407866,0.9354561556059762,2,3,4087.397363810622,152.27766680536715,0.6409989047157387,2,High
47.38779091273494,267.6012753990159,8.75975730918994,249.11730794042796,393.21151699695514,0.4634772761505645,0.0528056799164387,1,1,4189.41310628924,8452.748000923171,0.4741646783171762,1,Moderate
33.63341414837398,1413.3781974948538,6.513428919589561,271.0614958787198,164.55707233532848,0.0308413805329934,0.13318046270486283,2,2,1434.1590556591632,8018.324484514772,0.4699490382047965,1,Moderate
21.99080787735484,1301.80885300645,3.9559406612504766,54.533560690784945,486.666288592576,0.2581782137235155,0.6421639887057075,0,3,1356.5720635476785,8456.108146372731,0.5082333292204138,2,High
24.649840902743698,1173.1529322483177,-8.35533556978799,144.212168635132,571.4895427611682,0.8204014898585055,0.8044414516714257,2,0,2800.34189918914,12239.880131600867,0.6493959001444478,2,High
50.43888420577788,1769.467193074294,-1.6347183819484847,173.814297966148,540.1067292922365,0.42309692467114096,0.7911886687763996,2,1,2089.624809949754,5998.12428520305,0.7150306748025719,2,High
56.428089707826004,1190.4941798593422,1.1860374415365413,128.04746036197474,226.78965991885943,0.7921246050022248,0.7196831530826893,1,1,2545.3034415017332,5387.668984684695,0.5932398718261301,2,High
59.36842827943864,753.6769227915125,-6.251774240324462,115.96053454888971,273.30317530514174,0.7922212294384976,0.887427954498092,2,2,266.02100928849734,9955.625589465604,0.6918392059835593,2,High
59.22136070959154,1152.1964669012432,-1.0354683578355086,247.1111618391511,494.62126488865863,0.8385625804669277,0.21734887957081284,2,0,4857.95095631264,11846.353519704797,0.6078559836676298,2,High
6.840457728651778,3414.6745275547987,2.0205175497737997,77.71190315741589,377.3144219535321,0.7849308260881158,0.10729094649194715,2,2,290.8440392006156,11346.568533134021,0.3763549605683186,1,Moderate
37.08152285269361,1497.7856177824851,-3.4524663976920156,255.38066829040636,351.3529440221571,-0.1963907580886693,0.6153629700913683,1,1,894.1564883094367,17632.834682631736,0.5178242879532118,2,High
4.316907001248321,1612.0234413183416,5.618896379009744,336.615910700663,559.6530821433948,0.8274163807397568,0.8222758915234324,3,0,3391.0026241762903,15382.881166896412,0.41407973395642494,1,Moderate
41.21466617428017,2060.2529658338763,6.8089916327761095,203.4711076239904,344.8137285373779,-0.04879461700608598,0.5820435784805732,2,0,777.5077586429157,1043.797927500192,0.7888577940921655,3,Critical
33.11478760300328,3443.3586126083705,-3.5278106113185848,220.11632522621065,333.2162737730204,-0.1560811237777344,0.9629974874589062,1,0,534.3496385389451,11269.50830296198,0.5461190993307522,2,High
66.57781370687248,921.4443398815943,6.7731430898491425,24.81577276467207,73.11022519649781,-0.1390726119641419,0.7955644613917894,1,0,768.1019068546108,8356.284189797536,0.6669497088300584,2,High
26.3186259414059,2416.359175810275,-7.9284686779397,311.2116853024182,88.1793272245757,0.18380781469407698,0.7007918009092609,0,1,309.6012160820455,7221.02586834715,0.4786057068883155,1,Moderate
8.78002623207044,2534.347958041862,6.754581972453128,102.76120339195158,54.0811693343576,0.48288449379567305,0.06025729087173359,0,2,1256.5937012917216,19157.918122488274,0.1258037689421093,0,Low
10.72437615396269,2164.9030170964243,-6.944991366647669,221.41841959028335,552.2843241809985,0.24254231617089728,0.1077422387316821,3,0,1355.596355074073,9135.915650561048,0.4123763964241511,1,Moderate
57.113297378810415,401.16635476458987,-8.34145694980548,352.4803811081288,274.61266300973534,-0.17189028688568259,0.7848376325911943,1,1,2493.1104377416086,14388.697899376748,0.7811164833124277,3,Critical
46.36635474871958,2401.36573781376,2.835508088820225,214.3809362062108,307.7087568733769,0.3241308975921862,0.19823792557702935,3,1,2193.6125860238753,19341.73939913647,0.44716320001695664,1,Moderate
7.584200709209268,317.9220175229966,-0.5612526848941144,260.8954154871759,514.9628211758541,0.28634381649741814,0.028835176078990554,0,0,2368.567075744226,3020.0027180482202,0.3486238872228211,1,Moderate
6.308010458624808,2126.8850084696496,8.157812008256656,160.31506256055067,385.0854707066779,0.6325341920518117,0.9107606857469649,1,1,3080.197521044513,1092.3252429790575,0.5268127132703078,2,High
52.572684859434,2614.5760025539253,-2.7362160781830163,21.73170366542065,385.2258780148196,0.10757418826798221,0.8908053737012341,3,2,1154.8071562477191,6272.404588940457,0.6384447188296487,2,High
5.457225477314514,817.2976281078314,-4.2569547312474265,287.13576581632384,213.09393614514684,0.03928429117380386,0.21848382723149185,0,0,673.5206554594758,888.8853069461055,0.42114976158820905,1,Moderate
61.63950444677672,2961.5148256454318,0.014698122883967102,12.599582855034841,508.6496056584856,0.08153285344428884,0.7802062580729546,2,0,4394.391393227718,2335.292225069725,0.7472885213747762,2,High
52.96816703673721,203.20293881221448,-0.8810762846267739,252.23681839962748,141.20648682172157,0.1341138048928328,0.04797966121165509,3,4,3169.7066978447565,19834.19645041678,0.36944430167083653,1,Moderate
6.101158548142482,2968.9637364382406,-3.111439075656235,8.251766333869298,79.23227569512134,0.4590813607038832,0.2850580038232631,3,2,303.31646967399814,19203.578095355326,0.14565607735696662,0,Low
6.362828556389394,1665.1187721854012,3.874825973966571,310.4298851676014,155.38184663519277,0.31867803399728784,0.6236669082566249,2,1,4805.2582495041015,13825.85317917793,0.3797178106185345,1,Moderate
73.99796838758816,839.7989957675912,5.191236678278166,56.74897289987301,197.25547032601057,0.17058402169696374,0.7631789961583855,3,1,3465.3425113420444,15059.739992086117,0.6410003162019678,2,High
28.070309681709023,554.8456929794912,7.059679380602731,185.1377383593184,205.2710818198137,0.2117455741120463,0.010399188788189573,2,3,758.5232104350581,2809.84155286051,0.5255588697394118,2,High
27.798161030016818,3341.244369780067,9.457132094206855,214.97425361393303,418.7824792403222,0.2080160261748738,0.32620861327374406,1,3,4845.6721583820035,11904.711519086839,0.5022378128822391,2,High
60.95996754431269,347.0629977759328,-4.666876157349911,164.71634665442835,169.80352303075392,0.8696473641813491,0.214345560063674,2,0,1827.0367162481655,3088.2548881632533,0.5614993995812227,2,High
71.04364330378941,776.9176277821473,4.321869649799231,122.67485616559941,422.1620674722415,0.05629668685824779,0.9987804057487236,3,1,4922.550399323851,7567.723122044048,0.7806396659930113,3,Critical
73.95007978671532,1282.5959812723563,-2.114835290085095,168.4131466251498,100.12269527858986,0.6998677162994846,0.670982232385235,1,1,516.3781469664425,6906.900507796261,0.5068794497905785,2,High
56.50336389442062,2208.7984864678097,3.5416394390221626,112.10967139721714,130.96135360384994,0.5790319213470059,0.4056714528797438,1,0,799.8460851774786,12279.20922376812,0.4589586211577928,1,Moderate
28.219468914818684,1952.3236899387346,-0.4803661930155929,157.72404494911075,329.85179667004724,-0.19387299383609435,0.07565260198068502,2,3,3287.0977543742206,1593.8621755231975,0.4912256002369907,1,Moderate
6.262553752400157,527.1878742018675,9.875462055358632,129.20867675929102,557.0426914171535,0.8924938399380369,0.5986702575069638,2,1,110.71732583036619,2069.2413984340496,0.6203651947456221,2,High
58.28601869455776,1085.0751447099296,4.578042715814998,203.83373646257232,522.7621738461127,0.632083307696931,0.6417014709360642,1,0,93.44820609117843,12198.638484240693,0.6862032046553729,2,High
41.88031873018538,911.7560216924819,9.049826008686491,85.65269840819406,582.8143933435417,0.5506945449858704,0.8164059275031351,2,3,3959.914161124502,12722.353138792529,0.7328413610208494,2,High
31.816650693523222,826.0457052671607,6.699390989623716,355.9163597690445,407.763485902994,0.24585717844430105,0.2885768529193635,2,0,838.9016586991016,6797.648504863217,0.4098762936224802,1,Moderate
67.9765788821052,1497.890744031956,8.05802022326742,180.3131832175796,421.6981765288506,0.4107233978057186,0.9814280804800964,2,0,4593.949962938036,2937.4225557897125,0.7664666532845371,3,Critical
8.339811172961351,2493.7069388116333,6.2883839442935,69.89834786922347,393.7626494123206,0.07859798523421724,0.4394657393139495,1,2,2129.4808108568586,17721.598315832245,0.4700665222627784,1,Moderate
36.946882821814434,839.3399695386022,-0.8168173924817719,171.7440298442181,392.5504075720085,-0.16096825433973277,0.29594375465949363,0,0,4368.261771496378,1058.9759568866475,0.5732358907724958,2,High
0.8515233575564302,1346.7081909901367,-4.9642309330623124,311.90944662893673,130.91618978717156,0.7196238242905701,0.34844933400145783,2,2,2088.8179204326425,14347.510352094248,0.25715747409743633,1,Moderate
35.14954814955947,1429.1192512599516,-2.5935964909895564,7.8504455247824145,349.05642589016077,0.7861329430492889,0.5195860529671238,2,0,2651.1500248607,2800.894362567685,0.538327718292125,2,High
4.2227456761378015,3419.9522000803945,-9.59527534720099,244.63948287862397,262.33736339844916,-0.021282299724336123,0.9367015645071273,1,0,1582.570808382064,12747.478168538933,0.5073868037187463,2,High
8.911343720105394,3345.865613388834,0.4798633492933426,197.2684068458141,293.3954686775114,0.6657617054303064,0.7351587979194005,1,0,3290.382088779676,13273.11693857799,0.37130234796104783,1,Moderate
8.814468508282866,2820.467781357058,0.10115600540817482,61.04087797324879,337.98031518258057,0.6152679406142245,0.5771096494637823,1,2,1591.0058297153307,16085.192740707407,0.3325885245858893,1,Moderate
48.690772658704766,921.6403307852296,0.5050092966097637,294.29151814977143,120.61789449123837,-0.003787497870300499,0.1628103879798618,1,0,1115.8504892502463,7900.501645408748,0.49877241864141675,1,Moderate
55.95336594490675,331.3268679116769,9.480624499441276,132.79846405464204,247.71825361866593,0.2640116828322732,0.14935331089087167,3,1,405.2365598135038,435.9293646556095,0.6209516749029185,2,High
43.75265738228697,1177.4740682501242,8.229080069096785,105.76873037358267,84.89725848213197,0.2650337129175137,0.502196913813564,2,3,288.3467391392336,16220.987719379853,0.4928104098054059,1,Moderate
72.16294113559064,1007.1014680750249,-6.76574443339784,298.1250690684844,588.8174717323195,0.6359606841357734,0.7287087046016492,3,3,1529.8717660114446,8881.360387570678,0.7059007812377405,2,High
28.115293464277805,1820.147720497739,-2.622349568882216,229.86901662899925,115.19041585106937,0.721426996353661,0.7510121727551101,1,2,3682.3667262462773,16941.79639195161,0.3512050453455193,1,Moderate
21.428406471139557,2744.2748942304966,-1.5208764107347612,323.3732701229368,192.18860619972497,-0.09574736646949189,0.2259143838762584,1,1,1028.1003317180814,15519.698993218943,0.38303517441142926,1,Moderate
65.14493461420952,3018.2979921881174,-2.7893416429670452,226.7581333216318,540.2111096868684,0.4192661583946233,0.10009951284725327,1,1,1496.1372506974828,9966.136424653296,0.6453969247207634,2,High
16.76968788895895,2972.537890395729,5.969919272078261,266.6943568555615,315.490525431528,0.6379233466217737,0.38446098925378946,2,2,4525.8570926106195,19987.988179852524,0.44545846950631074,1,Moderate
72.24169045804585,1322.8969081584305,0.48075339735173905,301.1205226534606,124.60046083634667,0.6648096534716743,0.9181725432440743,1,3,3195.7874790566034,9241.501540716186,0.6421028121484789,2,High
0.9115856017362256,2436.596767766322,1.4419963394325013,19.706268927577288,261.3267959216419,-0.037207123126550196,0.5453672526693822,2,3,4598.611947109883,13930.092400939187,0.42355966625957514,1,Moderate
72.74091200307292,1163.6362715823482,7.060271179758509,279.3776251929769,113.7273968052622,0.3780556574658736,0.3200997668317743,1,3,4556.13017001817,13396.07639845698,0.5878617546483855,2,High
3.2369933962932085,307.0788469996212,6.1185630683071714,220.93433346584763,160.118798396476,0.7433145769989733,0.32363766833912166,0,3,317.05341242844963,10361.334300671546,0.31917475371671694,1,Moderate
66.83573352735533,2485.321903050004,-7.355769543594006,25.022806745469563,78.61641582241477,0.15037043424381258,0.13208704522218495,0,0,4775.046624641824,11707.005780084739,0.5163960570684669,2,High
39.57758318147249,133.41367873727867,4.278291681672686,183.08805187273742,291.025122002005,0.2676285888029769,0.473223736106158,2,2,255.8897953062783,15972.175235560666,0.5714650015851663,2,High
74.47235970894752,1491.220797358861,-1.2912774219592897,29.684908074223397,493.6498669488929,0.6847943624699657,0.7913626785148384,1,3,4628.094588742434,11432.265355887961,0.7257918365103762,2,High
5.534742355154915,1219.8895156270576,-4.107021938749991,264.9409926203601,372.28304828494254,-0.10174852669786148,0.9685586915273413,1,3,2733.6671832835796,9002.966105686926,0.5261103129978714,2,High
41.539071330099056,2457.483630964098,-8.999623581956273,196.7406170032379,383.4899180165365,0.745442618877876,0.5015949999579754,3,3,2665.9479143869576,13241.64949247152,0.5136689508932074,2,High
72.69769017143243,2705.234607385288,-0.2550087930909797,343.28647346842706,160.3212165457822,0.14227238840388995,0.16721491584268844,2,1,3566.320313099095,710.1807074344002,0.6775188732871003,2,High
39.23233831276116,1133.921762302365,-2.891266385509372,65.92873376583714,239.14161378880158,-0.19840465174976013,0.6829503998028645,0,2,4396.05635380865,2183.8775000875544,0.5708035972405737,2,High
47.20489786014469,2859.531849112502,-4.969739206471983,218.17204290733625,514.8831571124576,0.0575750595619941,0.7567913427452954,0,0,3085.0227783062846,2508.5276004156863,0.6850798066904298,2,High
52.18115167384629,1099.3169857167748,3.893434591939151,76.16956844537688,98.320901379583,-0.10154929501494289,0.0716997494231022,1,1,2126.9992689066075,8515.353270960935,0.46426964341382754,1,Moderate
34.090579857582995,1617.5096239543082,5.389707746311741,221.0633945018634,521.8618595176936,-0.09837660230413146,0.8501391296312288,2,1,559.4467149238675,17435.504797021185,0.7166696144531152,2,High
47.06685600630476,2571.8629918480556,-5.104209619411504,260.15389284990835,316.0295144456321,0.5621193075568507,0.8293223899958574,2,4,3946.046529474393,12865.89195533644,0.6071145570969843,2,High
43.82357339423252,2455.928779364281,-9.011051266413055,260.0295585586339,510.4310872288145,0.03537396920297131,0.47254105403911795,1,3,641.4674623540257,19452.369575940193,0.6600586466749323,2,High
67.58685078682417,3457.05280586148,6.9750540113046995,293.42663664573956,224.90353066692018,0.8282165992746808,0.5604225186158683,3,2,3631.8293059962148,798.819387751053,0.6066704784017023,2,High
3.40847852560934,865.5474823341683,-9.800805175913933,307.278082064994,236.36362337066143,0.3680890012504345,0.7134080637109191,0,0,2639.6247289101298,14440.140897170428,0.3733945255106268,1,Moderate
21.072239219417273,2351.88090603458,8.74224987842944,27.817821456183736,463.38267757772854,0.3061080837504104,0.6767481250628593,1,1,1929.1796237903425,6284.031147804976,0.5317717806953968,2,High
71.28086130574191,2172.918488137643,2.5523974796541182,123.57617654606547,481.7478953657211,0.27771187004216685,0.016535978193209067,3,2,3064.931931266838,465.7087282206218,0.5980355135977177,2,High
66.76978379181872,3211.334745266102,-3.5630672959735943,247.36410732953004,176.3045728945807,0.5618464036387951,0.12243530384848578,0,0,3861.780430372715,16518.53379868627,0.4238427905464755,1,Moderate
34.17425645892847,631.6312815925752,-5.070441808465276,179.49106346083636,585.0792286520481,0.2974890387759693,0.1625905557812457,3,0,4705.698092253105,3253.8708685871165,0.5153769028451153,2,High
46.509944835115256,2656.113756195572,-9.819886714710496,68.64334083172494,96.46955733465592,-0.05853960815228898,0.7556758890720988,2,3,1323.4844141889996,4281.498195248006,0.6891862056191403,2,High
20.80358872358495,2032.1132953138124,-5.290571659782457,198.97544526001127,87.67662970617198,0.7681893987048323,0.44008356289238004,0,0,4735.650801058491,6809.317173010499,0.40529246973278166,1,Moderate
14.109086979282099,1033.8639572788784,-7.245433969657178,146.67683499581176,377.5273184073565,0.2712348838182246,0.5455026263868251,1,0,4804.7402299389605,15767.142337217394,0.44931956353212815,1,Moderate
34.77738037049866,1713.0787081003919,2.243324414462913,140.41377995554984,447.5074222743918,-0.11859496673054729,0.7726874368954841,1,1,4068.152572398401,12491.81158342686,0.6048955420421744,2,High
26.50141710195396,1234.8404300373124,-6.669088228123973,291.51133827683896,578.4873710737356,0.38230258624753727,0.3409822690640908,3,3,4407.185874711746,5297.2227169397775,0.5231809982501682,2,High
43.7742083888154,2069.665569480767,0.5725967507323855,146.73540017958524,272.72017943937385,0.5120815443012738,0.7488902273187731,1,3,3462.1375685858584,3369.786766507792,0.584222530451008,2,High
5.830097772373863,3122.6020767698637,1.8023284468894154,9.523621972952698,63.91027494429821,0.10314071057353441,0.44229927462955965,1,4,195.4860996564234,2190.9647400373,0.3544591616087287,1,Moderate
73.07961057496249,2035.6369470014868,-4.03916603306171,20.90280200079286,381.59298669552385,0.6803744484412266,0.3771801877742066,0,2,2875.3927235269607,2996.3314593952095,0.6292167591240899,2,High
73.96580583597022,2247.856222310386,-9.298701019625625,308.2478550089833,209.33281132932453,0.5367534306411001,0.3330372640547401,2,1,3736.02281480386,17362.903061557776,0.5970160624039651,2,High
52.362128551480886,1863.7426801900122,-9.254922387716078,345.8162916045077,288.12091665747124,0.5153752861908769,0.9649448154923829,1,3,4708.515673531675,18453.66746298705,0.5994340628345505,2,High
40.20722747580903,273.9627219146181,-9.473053356121648,247.82736112405473,318.6582152374644,0.2629074481545736,0.7719734107089788,0,1,2852.2592350943683,19359.156152111427,0.5715927051121887,2,High
23.214571221474582,891.7190933787205,4.782493342730925,131.17258587602888,85.4819359059186,0.8581068315524167,0.020195940773529375,3,0,3971.003391286917,16694.637689564363,0.22733117792732183,0,Low
61.03462647802115,1772.8058800690815,-3.639805903714038,337.8961136861019,317.28998151025655,0.10160808474417243,0.9574154865182017,1,1,3525.19358772247,17747.806500466995,0.6797101003849318,2,High
51.35483794154094,1154.7999647319962,5.926003719353272,238.6091110952649,284.4758167423731,0.4354760511169979,0.7754396297266734,0,3,1404.0144427379091,16322.070009268513,0.5898908331737213,2,High
12.196270450866848,717.9962323880603,-1.3653435231430162,303.9600777117616,441.89934590762624,0.13996067321987937,0.14917471445425556,2,3,773.6403757567928,19161.1153809206,0.3694207531850682,1,Moderate
68.31953883703818,1814.0516625226903,-0.9400379834007229,275.70682945332334,405.11625116678954,0.6192852282687096,0.07633812541131713,2,0,3754.5266433895017,16913.01883088719,0.5883074347674083,2,High
61.690293219237674,1197.553297722691,0.2576520501914743,136.49015367813325,151.86864498280858,-0.1474293677428664,0.3081940936594534,0,1,1168.841805897537,9240.05363235872,0.5379965869332365,2,High
71.2349934968943,977.5659867896101,4.260629127502078,172.33279230628278,163.37640501571832,-0.14951674533744586,0.6241815293460617,0,3,1223.4577731507045,6465.086287159052,0.6211173418632939,2,High
54.428963129127,1677.5504192972946,-4.529942683405858,67.00757557251582,188.05339832590528,0.6919470664706706,0.6165466891494674,0,0,3219.731193503238,11684.237777031325,0.4748363357340352,1,Moderate
46.00613969518424,553.1664774793887,-7.568253009329462,105.12507615866426,148.42274216344754,0.27769497717003816,0.27585012514922047,0,2,3945.342320147642,12163.666556153119,0.4928051973796108,1,Moderate
31.368227721796416,3254.335492456385,1.121146703829229,280.12523806314783,411.46725981765695,0.17529806006039134,0.4456749786574178,2,1,2911.660464306181,11498.290778262275,0.5051315949330244,2,High
69.954636251551,3050.1871329254127,-3.4604475351452146,321.832221077919,596.9365985601488,0.4682795483928724,0.21189015571373548,2,0,4424.915769395356,14134.526854419322,0.8105165587982126,3,Critical
64.95479171253062,2505.90999151782,-1.1501737266392524,260.80575237050823,408.6595872837651,0.5720892782558711,0.05057868516673747,2,1,1057.2163462533724,13979.53157800478,0.5989203975532351,2,High
3.3914002579642055,461.1270138007511,2.938934166746108,167.46253079638979,383.6748504052102,0.021321481528847275,0.5169704674268787,1,1,1262.0721477036977,1743.8856784975476,0.4619850408280459,1,Moderate
1.9775230872939003,2737.982665196956,-0.11748517717458817,31.14333681830911,275.46036334308985,0.003974365545204722,0.3469911342520381,2,2,3184.7775207872223,5710.44903494857,0.39224866346703785,1,Moderate
28.23475251585372,2847.0549155706644,2.4055763420168574,20.501261531441358,221.91914237286838,0.8539658225358697,0.54288243229793,1,3,4146.840923091485,17797.203748305128,0.4014302976748852,1,Moderate
60.79149980863747,2710.3997002287483,0.8840000422725574,134.75720326062736,551.0905662985635,0.4486307370230263,0.9465073224704517,3,1,2696.7590083911673,11800.701080739638,0.6732914446274075,2,High
74.04570969862084,487.48401620541995,4.795927438721982,166.9758187563587,582.9510307781842,0.22912812502369495,0.1433703116953211,1,3,51.90786651273094,6570.493963828055,0.7196506236217419,2,High
11.281266832764613,2289.2870540304,4.1187323542323995,219.28342399678687,323.2268965732503,0.6815858641364572,0.001962018310955327,2,2,3384.7156460347055,17009.172991661526,0.38652436687619873,1,Moderate
44.559803651410135,2936.7043055479553,0.6837978361723849,2.3362276993189957,209.6102725286066,0.377674854655709,0.07687821328212519,1,0,4067.9121650896736,4980.845712910853,0.42104861487483103,1,Moderate
28.566814247326615,2063.0015641468704,3.5780604171941377,356.3002405678703,473.5672142183722,0.06582909141203952,0.462708296101629,1,1,1382.7181394798704,8183.997287524614,0.5703700771075704,2,High
72.74357983609524,2297.7850757755027,7.471192045452256,131.01799802545546,122.85123497678315,0.02740883620573123,0.7069320298023235,2,2,270.9911444113372,5525.09543344136,0.7152468711617764,2,High
63.15891923517815,1658.435830049441,-1.3545742442366286,305.3140789684037,471.07353070402485,0.23654519278680392,0.580763603317189,0,0,2589.7598905377413,17426.998475711993,0.6333239267826949,2,High
62.87465285333534,1897.604887605779,-1.744738545024127,192.58801403954558,500.4216058712363,0.7458854462858677,0.494894607373747,2,0,210.77610175476713,14565.773736008623,0.6741537375096605,2,High
35.15198698462277,216.88131839586572,5.284912417047602,46.95820363200474,118.69716954494206,-0.1324072923513152,0.3539631310924124,2,4,2080.083719576222,9204.512892997389,0.5938881945976946,2,High
31.111462675324887,2272.4742747091677,1.6510767408398799,287.1235989124279,587.2738078381101,0.04037860083023945,0.309974171531501,2,1,89.0892223514772,18646.016649443252,0.5431156523488009,2,High
20.505530394802967,376.92052382994126,-8.57986439554823,255.53774697115537,592.0317597136632,0.7824670007378507,0.3762861751049801,2,0,1124.8336145396825,18548.89561086632,0.47336508003027344,1,Moderate
4.228162248819533,1579.0496207567594,7.842240313821627,189.87699057452207,565.1957136300432,-0.06609197413382445,0.6116349540090713,1,0,1944.1122594345495,14230.500523248907,0.5359252072479562,2,High
64.854178219129,1095.0273320691867,-9.384337955247197,185.2391128801608,322.81914517344535,0.4925882900905852,0.1677539558655362,1,0,558.5294487262893,17839.87266498711,0.5608779486588489,2,High
60.967575684755815,1954.4550307198244,4.967927124194862,31.4926580703341,185.34077825225563,0.03486250493312762,0.7713620830546257,3,1,570.7795199434163,14387.86242838149,0.606636641073383,2,High
74.97882549645979,553.6155407789041,5.175882854086257,236.10562148659469,370.1051044850521,0.46645353226307723,0.5752532400931103,1,0,4135.308701628129,12564.237350848352,0.7112380680744945,2,High
74.7477627805429,2451.587566709282,9.06222170563861,328.04825607154794,280.96361115928966,0.22141458352865534,0.26915637761142763,2,0,207.11933378699754,8415.660358530151,0.8145214718873118,3,Critical
41.65737792019706,2803.0392255567995,-8.917311831953585,33.56817091968901,163.2717545944584,-0.08815541392590895,0.5011529628112837,0,0,3444.8312433682286,5469.395242096216,0.5391781127113386,2,High
57.67405613853829,655.405129126732,1.9371372156898197,94.86412223360577,283.02202528981616,0.44072257430951706,0.9627786876851664,1,1,4072.410246746758,1205.1471736753094,0.5782443804881192,2,High
70.8574297411821,454.66449699639935,-1.4431885874589412,324.83087043915555,415.1394096226748,0.5513470217930447,0.020491529145194032,1,0,653.6117706781946,16017.39943013602,0.5457140940786488,2,High
63.72355430080586,594.7526414770211,-3.387340902809159,102.36380753512559,89.00232093229508,0.5482998808623831,0.19952264090122918,2,0,976.8536725673632,2443.26161668621,0.5622284837159378,2,High
18.551107630739825,3082.233710454906,-8.19362879401854,235.41972198477347,233.37990079530908,0.5007378499799806,0.448380239903278,1,0,3207.4665079751467,8206.984813196132,0.3972203356791013,1,Moderate
33.790810148257016,1895.843489971611,1.2530823934261832,192.5345393795319,59.78718950705385,0.3502472590291004,0.6384397217798281,0,0,1578.2330637160946,4692.68428490655,0.4187810983929315,1,Moderate
9.686956136362124,1688.6873864255087,-0.41918548650772713,214.67793780139033,462.2225280039216,0.3714198785452583,0.2122282662854852,0,0,2382.1153561745014,9092.525981404817,0.3645431570059938,1,Moderate
71.55382704440417,462.82018494800457,-7.908910836979515,149.68400456781112,402.3801971891854,0.4992041207887556,0.9314039483761962,1,1,4180.01354139866,6299.676509348388,0.7917487094246392,3,Critical
45.463097583816,2308.49042297367,2.249790141941668,107.996929399336,84.46967408608123,0.5592852979213052,0.6425720124246421,0,1,689.9158569214492,16593.87692509844,0.4420388504984067,1,Moderate
17.148210412759703,3051.1986124433056,4.759062405058769,17.47204226268083,580.6056577810823,0.5203644127145237,0.8774319489564305,1,0,3098.26260952353,19563.57122479644,0.5379987605636277,2,High
50.37755133043925,2915.83195569974,5.345566021072965,267.9411381458991,62.44185641990537,0.445640121404797,0.3293179302503185,2,3,4711.988611404,18831.095515337754,0.4959150349839415,1,Moderate
46.35961803434219,2228.586010534724,8.107463765248546,268.5936463899216,374.47835556184873,-0.028577116715469753,0.8289539343066296,1,1,287.33314843585265,12447.398375478102,0.6168007623941287,2,High
26.862203852463036,355.9476366156903,-1.8105851622244558,241.46126642834037,477.0021039894807,0.03167819234214794,0.37821921689944626,1,0,300.03382492380604,19585.530950053635,0.45745473134128245,1,Moderate
8.516819414972176,482.1498923984441,9.06145537244274,231.70816372306342,483.3429721745976,0.0862464231388832,0.25275177246120495,3,0,2773.7118630881855,8014.453164918434,0.45524940893866545,1,Moderate
50.36798966945997,267.65055617340386,7.308588101653722,87.73816758030944,68.85682457626208,0.8116278227962526,0.911655339163793,1,4,4800.378980471646,10449.748878975024,0.4916991702677037,1,Moderate
39.0230775677845,975.4293360743956,-4.06996857952122,8.044176155864836,548.5283229522415,0.6353346009766632,0.09221847567885455,3,4,1102.3682118339439,5136.996642184988,0.5040784963156998,2,High
57.92387938017295,561.2489883452843,-6.81433925301083,291.13754287875827,555.1484195599172,0.4081535014905661,0.9428887960564042,1,0,1653.9598485810025,17959.65064299251,0.7252691648372516,2,High
39.012262583399504,984.1633368582752,-1.292212077439732,176.80987285049767,358.76470523490497,0.07726262139845153,0.4585152058676055,1,0,493.2398727393683,3594.1824227192055,0.5462410027090369,2,High
63.91361252389051,1409.1973894444698,-1.962025840880667,110.4617270529426,315.14575938793035,-0.07801932443141171,0.9926254734858617,1,1,1811.236152184249,12209.749466459185,0.7557130654943831,3,Critical
41.39301290808642,3306.141465841861,1.5143861066240856,36.69548644100522,74.67710468442989,0.7886351485779723,0.5395946537350288,1,1,221.66240010039974,15989.082373743364,0.3820462752604219,1,Moderate
42.07034786515397,2175.278603257753,1.6677246465549604,22.579772724499826,359.07477838042774,0.7819326174052088,0.7574881720823031,2,1,1945.469988723716,11907.97493653466,0.5217184371141824,2,High
65.74902019937588,2938.9108713220717,4.999739687599504,125.59201984626382,275.15849497362694,-0.07823484473473931,0.007071016338003999,1,1,2777.438874710155,1575.5043573939975,0.6039504729089812,2,High
30.261214965929778,2515.1951024219297,0.197798964112204,289.7053433160986,475.04352407476085,0.6769383327061458,0.49666681996016515,2,0,4875.024133421306,12228.937574982885,0.5451088178234107,2,High
10.051142133798056,482.51064379054793,-7.903547181184689,330.74054976017896,272.1359617873483,0.291309576240904,0.7374534716181153,1,0,4091.93989820975,15341.586442229838,0.4599248180667007,1,Moderate
2.1587007235004227,2602.129381671426,7.165826711062124,322.8304912607033,425.96945832859035,0.15636362611359417,0.782827019958449,0,1,4110.3270538767465,3756.563177059007,0.5444285618754423,2,High
56.63529417552142,1035.336197301023,-3.804708336296258,331.2003005098758,105.77448043064194,0.613014989829578,0.15804858260159804,2,3,1140.7216228609857,14739.05711910295,0.5069187417906431,2,High
46.52321635150985,2272.9666797820014,9.42594920613184,326.78112352656336,123.12374892128182,0.47576249516680363,0.41897095038277865,2,0,436.1735108442255,17571.554161474523,0.5107479850151627,2,High
52.80598260744177,1259.270710386161,-7.642797826404597,189.8009105761425,126.84060485703709,0.6580331183526711,0.4190719581193387,1,2,3015.373520521218,19729.169894438837,0.5300722398684403,2,High
15.972312113168305,3492.0856950998414,9.165023444650064,78.98962988048538,75.03902488985894,-0.1182382533037692,0.10364080849905588,0,1,2605.690975278837,8201.18527568561,0.4216008554147993,1,Moderate
10.227860669007732,996.0750302890445,-8.17976386234966,287.29676982125534,347.73087259839207,0.1504457219532021,0.44304550769146667,2,0,2582.5193828881565,503.2476514886541,0.47049394932643485,1,Moderate
1.0908499250911445,1049.043600632517,-5.37927724105881,76.93667094692844,486.68224932399977,0.15124853545840933,0.8070929586960054,3,3,545.0399310035492,8381.580008440944,0.4874998271028625,1,Moderate
26.294066910494774,3264.285668912154,-9.068401158269168,96.19461963236486,385.72616203151637,0.16272840151654205,0.300180737618987,0,1,2469.424471316629,13204.556803241247,0.46684360631277955,1,Moderate
44.24382651409748,183.79097576349707,4.102262932779899,83.97155585611745,366.22518705407094,0.35272785990818606,0.4325745218938831,3,1,751.7787029978417,17827.300757995064,0.4886672795255655,1,Moderate
29.418303382479923,2468.7425587688695,7.005974731435835,185.3936653304901,424.34316062150504,0.11131518338904212,0.9609586850621427,1,1,2110.5729685591914,18762.115846465596,0.5798675783435004,2,High
32.81061915177968,2566.1097285019855,-1.3185783636803912,115.85790294086877,236.80492768960812,0.2888219710962717,0.031708075891562215,3,0,310.81316322408014,18191.515740641415,0.29527295330390113,1,Moderate
67.81190208703113,2943.6871631953577,8.570441500848595,55.496177865122924,249.0747394065259,0.20455535242695738,0.5915217678953557,2,1,4284.462997042845,13159.19545038178,0.7510985289369833,3,Critical
26.119160026747526,3413.0936561708163,1.8059814351119918,163.14242828179766,222.8485540215074,0.6088256528225624,0.7434360917776291,3,1,65.90043152958913,13650.460851603415,0.34934111604949397,1,Moderate
38.54921168698581,3417.046525132618,2.6001427089304645,314.6066059626601,441.65991306946654,0.46385087524255514,0.7608824340311784,2,0,4696.615697226649,47.676143241182075,0.6635325531912204,2,High
58.77397595558573,321.94097572597724,6.908384034015398,205.39902778199,138.90218461892584,0.5189923755490471,0.7159380248840443,0,1,4314.459113644694,7274.624868179467,0.512728499851642,2,High
29.740708674095263,2894.2536973598685,-4.063995898963222,316.20081811953133,57.16390417210841,0.03164228349090889,0.7264514434684364,0,0,3763.0403628465147,18137.124722328477,0.46362922073255214,1,Moderate
46.65650251709051,2297.4537744350964,-2.9146855734474837,70.51398662848946,377.9080456973708,0.15805238185957832,0.05901266567304986,1,0,4912.7529114286235,13792.353284284782,0.5118876225804065,2,High
64.67727815600588,2300.96325686851,8.119038383892885,60.11059452211944,568.309750603813,-0.1767180076267183,0.5341366191363328,0,2,269.0999856379156,9358.41502149337,0.8079475316748564,3,Critical
71.21404677432317,536.3897504899624,8.019269920775276,207.20776525143128,385.1743543479676,-0.08078782197751312,0.782969071657256,1,0,3207.9855302617334,2085.0482976685926,0.833432503065318,3,Critical
11.030511069677845,2310.636365915221,9.529655524017418,166.79840455665828,480.6069091174923,0.09155965518777609,0.0940650490373296,3,1,4246.51045235858,4926.333318685718,0.4581434504417762,1,Moderate
69.49407188711209,3440.4407740442425,8.036766328833423,237.6621509929045,420.03489020631656,-0.12798990656777687,0.012049922386867862,1,3,633.0854826538468,11098.450356349887,0.6907787870520726,2,High
36.90872198096537,3200.1831364341197,-7.452559279332782,286.0656447696414,323.59015943765894,0.4628956403901728,0.8145618315996581,1,0,2923.8748933326365,17950.030272034757,0.618481690167344,2,High
19.368329122421876,1593.0442467364917,6.474485722739747,270.4706264347835,445.1158209811153,0.897943127516208,0.7122943875664892,1,1,1969.609543473359,1916.24695291291,0.48208705721084893,1,Moderate
34.4351817178696,235.82310917272076,-1.8032304378081179,339.214022517082,503.257268120372,-0.08910326452807264,0.4122064169144426,2,1,2179.135566735467,3075.1088875097275,0.547923443266356,2,High
73.50244314641078,1331.7978660006963,9.816027118918758,143.37230729652416,173.60240429443388,0.7033532339361916,0.9403964325741719,0,1,4562.620426926131,13100.10152738271,0.6238046552013432,2,High
36.94635704946522,2909.727059441888,-0.5543807134239778,74.29922720934508,234.87176426573004,-0.06930212800833813,0.7665980946514712,1,1,2693.257251373662,5882.994629941327,0.5134770092407336,2,High
24.656370771563115,2485.0969449815643,1.0767216500444121,198.32855038123887,173.04915287680615,0.5369054206760797,0.9678609416065774,3,1,466.31022423162085,3394.075830232197,0.4832522195930663,1,Moderate
47.50506407375443,1661.7684290194518,0.5954983051359708,39.867523268826815,298.6951255747425,0.5074733633649189,0.9293152595474673,2,0,4686.080869222144,3568.719301743719,0.6334795478008908,2,High
18.01092140836448,287.3452195400257,-3.565259402834444,103.98640439938731,536.7855030041671,0.7929886282923193,0.4812936029793071,2,0,926.0558528144775,9852.264521931482,0.5410045570104037,2,High
5.689749608149794,1551.4420745992288,-8.499558222141637,74.83969989473201,239.8639054594328,-0.07465982495143639,0.754708978643566,2,2,4463.18408236032,11674.885120843184,0.5217959940170572,2,High
9.665979143298692,1694.684795040804,7.91302460803837,142.76293804694913,255.95678902180435,0.14698891269008763,0.669191388807639,1,0,4854.6036054268,18086.989334671198,0.44000943916524715,1,Moderate
9.603437921832933,3257.088811840062,6.053516250525735,40.037967000797536,523.2019790695624,-0.10014226360984572,0.8114452100924915,2,3,4389.187315803478,10596.34377884171,0.6324441441633717,2,High
11.392702013422076,2279.6927521793423,-7.209464388806614,11.463028037315226,333.45588190957136,0.2481216583848772,0.787688402250992,1,2,3385.6688890446026,13825.471629888665,0.5485513990272033,2,High
10.41203794870576,1159.6199166258061,5.535365427001457,236.44584166681145,344.49694980608894,0.8027524909131896,0.15323197003322675,0,0,3717.759099115451,3613.7190539660046,0.33828602451473966,1,Moderate
48.06560586024109,1886.0820991324526,2.5169333210122,219.68963218432975,523.4406618327171,0.6596754661680417,0.23373553180854634,1,0,3499.3362188237757,14269.205738206987,0.5803954676819248,2,High
13.641006329935863,324.5880465953442,-1.817124241647555,255.00921697391803,319.7897053640103,0.5951901104898512,0.26573157717756735,0,0,2302.6219392753133,12973.87177870278,0.35243631674647136,1,Moderate
25.92504624928974,3406.7320012091054,-4.919577018088745,237.73911849768382,424.8566440461674,0.3863302553489722,0.8184985592170105,1,1,1372.0985937259356,4323.641250931025,0.5771530332033542,2,High
67.25913074295089,1324.2036665644684,7.1945756700446495,41.14608521125806,97.1045662307334,0.7718343165690753,0.8107417039291889,1,3,1425.0136497551484,13387.549301108185,0.5835753377822482,2,High
35.54712301971543,1724.7490067046617,4.003765185881061,104.78839729523267,148.24744221978693,0.29438597806546124,0.49533534693944214,2,0,3655.839306430688,4229.840886490621,0.5085795821374944,2,High
50.06683038907704,1307.9655124055369,0.9547981893827373,46.62957956412685,272.40691039393505,-0.03534576618929794,0.5808322592519212,1,0,3130.1822416027508,11871.555502398918,0.6291440708154745,2,High
12.923990340122238,2420.5398823950804,2.1913706779692816,303.47006473748274,322.1614873009312,0.7213437454328573,0.8269221529683999,2,0,2924.420169845734,13376.994092108022,0.4140560776367632,1,Moderate
14.421676410650308,2351.589338320616,-8.17867635835638,268.88531592798836,581.1535356799262,0.10760216085689955,0.3125936006777432,1,0,3263.044189621988,13867.010890947666,0.5055085785093101,2,High
3.0651462199859147,2532.095855799061,-0.521604781776162,72.54972105056727,583.8583981762845,-0.14100310487310713,0.0501787769163633,3,1,3873.9311771544444,18185.331854751217,0.35798159331905527,1,Moderate
12.670129730412341,1011.6869806805308,-6.12599414428596,122.87132657636162,518.158398113319,-0.061358166264329494,0.4825964382791672,0,1,3741.704573227668,18956.74709994407,0.4386585124261597,1,Moderate
20.894275427396895,1173.2728359578243,-5.8323264198234925,347.9813972151171,223.579359407066,0.46996480781356303,0.9137171438486718,2,0,526.9820289620092,16203.959048027235,0.48445760898335183,1,Moderate
13.275786320756012,525.854185727107,3.226079245737335,213.89736883667453,580.2155599578418,0.46779016031328985,0.7904682609600729,2,1,1815.1752485335721,17574.962263655383,0.5980384687813189,2,High
6.652690031779171,2328.7339042767826,8.225123036685762,288.4160150284166,429.1374755719169,0.08620148819023793,0.3666173031084857,3,0,1319.8356839204284,386.57766217105706,0.5065332203678297,2,High
9.047690332545061,235.31023294121866,-1.924867790433069,95.2527725167425,266.11707029957023,0.5998981627405771,0.06477136048283672,1,0,2691.193311120726,7253.36217460673,0.27780490614666703,1,Moderate
34.55840760245443,2132.119940779761,-5.845014539756193,75.61905126454988,435.9212043416215,0.6510041709394878,0.63691950538251,1,0,307.08041185789403,794.4442898188275,0.6200709250175707,2,High
15.475028880434438,3056.966008495555,2.974938744733084,282.21009438475744,59.08750138258962,0.8125528887469802,0.8344907958705201,0,1,3812.320237462535,4496.907147178331,0.41685093751167157,1,Moderate
27.32023957860566,3128.829304184754,7.423740927006357,246.91408388331845,130.38507525081747,0.4434312485460607,0.6649485664546385,1,1,532.6366688136192,7634.486455600131,0.4833355107142141,1,Moderate
37.75629531411427,1626.7283852578696,4.966376022449817,245.15205451623493,506.32714135600224,0.6573657005623301,0.4250746647630197,1,0,1357.0101295530894,17351.510202363428,0.5836406255486681,2,High
51.7796121472024,1661.6325399244508,7.375144610731745,198.9484494585098,405.0655002802441,0.6284096477487973,0.12335361317907134,2,0,3913.707526105238,10235.081723855666,0.6250442827417793,2,High
2.9484104880824202,361.695222227259,0.7310934202159878,202.88820339955757,250.30708571053623,0.08358995331391217,0.9107742441373549,1,0,257.7999145935422,12977.221022155743,0.402137473523144,1,Moderate
59.955779918178195,2380.6010865063213,5.037524887383817,264.8511019102514,325.36665212249534,0.1412485207314253,0.27595832575338297,0,0,3301.005342779958,7256.311893678509,0.5983425934298366,2,High
47.09252921181808,2892.2820292676747,-7.198708812821271,97.2008932036303,547.8281823051718,0.3263306353281586,0.22428703649295934,1,1,4622.391358971931,12058.31813500147,0.6384263585991666,2,High
6.131927396165393,931.8271856560243,-3.0345076927361703,126.99664770850407,397.3679602134976,-0.17905713571782667,0.8159766656096541,0,0,3088.1890859389396,16310.729978539597,0.43467562660584114,1,Moderate
65.51839680800829,1532.42299755344,-2.2090167103695517,313.7892373872198,268.98210616388167,0.1271375504734959,0.981219938723857,3,1,3563.2874370070545,6024.827639542056,0.5784188157786807,2,High
69.065430039886,2952.053745001919,0.22591492492069065,111.19147236437679,116.17966156864425,0.32127116067866174,0.6601602587447604,3,0,3961.3343626127344,18645.133959242776,0.4850715247864608,1,Moderate
4.580846989114781,3082.2095900517793,8.581527205136474,196.67144569654766,211.56074089405854,-0.0811237751907419,0.6248104890245506,1,1,1111.2316109307574,4266.269917704221,0.3880722207849463,1,Moderate
20.76582361104028,926.8119328983682,7.485931204443485,252.95020704240628,588.0871280381208,-0.06109652344736202,0.31943086922106256,1,2,2904.819590062816,18386.026130732418,0.5285948409637644,2,High
60.4650959844796,1971.9401574406384,-7.309490154216309,359.97293765994357,290.54968456847763,0.30956040931107526,0.020413450685129342,3,1,1545.2835801509457,565.9509069379131,0.4990135666752892,1,Moderate
56.11947677877438,754.476712161812,-6.544206962350736,156.7048793383195,309.5117051146735,0.6040615347445244,0.19179786582270963,0,0,1247.4768961265265,10855.0455549953,0.5455773463049332,2,High
13.8390764517283,446.38779807449225,-2.8471890082217737,154.11343558497975,324.22891781835847,0.7171238240127515,0.5844304365565719,2,0,962.2820754277723,19703.458055321105,0.35589630367137837,1,Moderate
15.701199250253273,3197.8097047326555,-4.185122682186522,303.3318165961203,536.2572126215161,0.40094528725522344,0.15131646181604552,3,0,2927.153076513554,12195.574535144317,0.4367209358976854,1,Moderate
27.78540770935365,2889.725514389171,2.2954190631252462,289.9811200535508,382.1605564119204,0.32222388630140425,0.8838358069313271,1,1,3972.6596327690254,11097.232460723519,0.5790685868036887,2,High
36.3392238893266,2684.118666130791,8.055520955290898,263.1873174244375,431.52237004855715,0.22270862530573077,0.18814468785288518,0,0,4379.445320942228,13649.404935099228,0.5398801275379391,2,High
46.3691078647722,265.8054839646774,9.245830833451734,166.7626694672504,264.1774484020072,0.01224389168136683,0.5221044530119016,1,0,2142.929730709297,5786.04495643936,0.5596089016675664,2,High
27.66852296773293,2968.677895214875,3.07205905070453,116.61808325785769,65.9981902239359,-0.038781796904198806,0.5120132457687949,3,3,1864.4950009896943,1078.3067815572722,0.4790618296542563,1,Moderate
34.69010370998609,1589.3498580783048,6.763184028021733,219.14297373054552,562.0351028335643,0.671086096827989,0.6039456301296505,0,0,3436.534510502955,5021.284983636811,0.6029331933779518,2,High
56.06032036003174,1264.1434192059228,0.5040440046159418,315.44038552739073,572.0202245040235,0.31150729543356986,0.327434069718039,1,3,3901.796209261753,3524.9433430047848,0.6867447505069919,2,High
2.7512402167948427,1958.01962748628,-5.833461062799206,318.1598849550912,572.0341793414281,0.6693522700277301,0.8735342010653153,2,3,1266.596683361983,18471.38473572478,0.5909908165001839,2,High
18.932770825801555,410.60102526008984,0.4937682418695477,39.05940422535784,569.0278976556941,0.5744913394906928,0.4443015359750696,2,3,1486.4544210551833,17045.24057324709,0.5206682350484897,2,High
53.501218941341435,2672.598267798156,1.1016520287530227,154.20610217273423,498.3830675882586,0.013285505821716725,0.700153578736574,1,3,2666.966595754752,6354.2776711712,0.6530941903327135,2,High
67.14051282653995,2080.2792614202062,4.849151284271132,167.29990423154982,426.52782756397977,0.36133799063234834,0.6359108609667031,1,0,2221.9284391997185,16721.38612586194,0.7063905203768622,2,High
38.37580815867496,734.4063293687695,-5.602340205853018,351.94153230855113,514.4804550470071,0.2884182934649488,0.11715608311970327,2,0,3528.938665298611,4235.053772962685,0.5535796584621254,2,High
39.908511394898674,739.989479214755,-2.6337923582653655,244.07928548733042,380.30043145056993,0.26626085669976646,0.6226393527026114,1,0,2522.4249549387296,3991.5850735915546,0.5877518396535776,2,High
8.037900850483204,726.4454153470924,-2.7194506157086735,146.6087102143454,123.90328764061299,0.3968281541241952,0.550702677981096,1,0,557.9955286129134,15350.708579206708,0.2942742584741215,1,Moderate
33.5559275117591,293.80811767657553,9.188791914823298,9.38083895481348,265.1699907727816,0.8802900911829818,0.8986040632559059,2,0,829.7659739405227,6538.612251346205,0.59040652139472,2,High
39.94629498412674,2098.5147278637282,-1.1211007934656223,203.53865763571054,584.2122015851156,0.6941906574378198,0.8808766364849033,0,3,4509.544219103198,1295.852788491525,0.5612866449103168,2,High
18.185287772604724,2957.1838038009278,5.10187934596293,34.587351229808206,243.12579747761097,0.7940836747934308,0.15095478741164636,0,0,1136.9918241496446,14399.731618689637,0.23165874526292052,0,Low
20.193242321203574,159.49392755712125,5.016227627488782,300.4019846451947,527.3053525522532,-0.1673964585063587,0.08168514558660767,1,0,250.43045708950106,19792.027601846636,0.46841746563687475,1,Moderate
28.2963122328467,266.6157929023301,-4.689116303935172,270.90671780533035,101.26630892617827,-0.045629996528243455,0.29459221921086876,1,2,3657.272791436126,11319.5542965383,0.4146860838727791,1,Moderate
1.5053398333294776,2047.4189407356157,1.437393787434642,165.78329756694436,233.80111330650828,-0.10675997375298016,0.9866128566843088,2,0,3420.055719223204,5273.351506415458,0.4886336065185325,1,Moderate
24.15593741873837,2886.285330312578,7.886057866372962,154.5158806350119,243.0243286000588,0.08955410557180432,0.021573776406316747,2,0,3000.380093274099,7458.113873602523,0.5369156794062168,2,High
15.858600524740849,1210.9122279333542,-0.4960456108610103,323.04202760475675,78.38139870993909,0.2860817411633156,0.6728922395728768,2,0,2511.280772323803,12972.991171976315,0.4073957775851525,1,Moderate
24.562301413343597,1288.6889559462554,8.902350146850921,103.84500615052622,115.50188160271523,0.5062585724214785,0.6085137338409772,2,3,4847.901770234098,14027.592243458303,0.4853709224013568,1,Moderate
8.982159886443842,2127.5780914890383,-5.710835413516769,89.6471863584375,156.24086611697405,0.3509143929152622,0.6465782804578168,2,1,599.1614795922667,17726.64445792105,0.38825516507950963,1,Moderate
66.78954605549212,1032.3238230220998,-8.516817884519385,338.11107581727435,510.7985749455621,0.7935023064044537,0.21828588977074148,1,1,2550.8139128907505,18176.70744638328,0.5696598221222486,2,High
44.519434016553646,190.46844466412605,7.829077462894986,291.3285012312537,84.87109446689351,0.8338415547832503,0.22671734579984992,1,0,2820.2247173502183,17225.570244999923,0.38916983973218616,1,Moderate
50.93267393583672,2599.7769615454267,6.953623959244332,295.4252135041901,214.28549573941297,-0.020126953682795184,0.4306420821738246,2,3,112.46459190419667,12969.818524497483,0.6942936275017156,2,High
59.187842895550375,2227.2097040009407,9.851797518676896,70.26977313933318,55.59625142409713,0.7382042122912635,0.09585780706695635,0,0,2059.9621240216925,8997.047396385678,0.45214160459858244,1,Moderate
37.383164919679295,2074.570396789241,3.5878697622485216,51.586556915136384,432.5952599716636,0.3298944244146312,0.0746132090189402,1,2,3914.010626943206,13586.10968755175,0.5276128898616157,2,High
6.519021606556777,2621.726038572199,8.73375853334299,9.370637934168563,391.1666995238589,0.2986624184491228,0.0883594534860972,1,4,2355.4937762146624,13331.309147189442,0.44263878417907754,1,Moderate
40.282990636391084,2395.7848477109274,6.538980501682218,85.33494321072482,404.74024412922796,0.663433283333025,0.5729791713062578,1,1,4376.392248954584,4359.658426111765,0.6050836144979302,2,High
44.01308385156594,799.9987598062919,6.888526662401738,278.7085770171569,255.9105315930403,-0.09754544005063576,0.39774185689789376,1,1,3223.9946594472963,10151.07258804223,0.5891620865874523,2,High
55.90796056382475,1298.4355596073938,1.382831409085366,86.41383075509393,164.547301697163,0.7707424401610612,0.2936167806572736,2,0,3830.426820249371,4164.295278748143,0.47242757447218253,1,Moderate
32.37446596722595,528.774481707325,-2.3527080416657835,262.4771820941554,446.17611730731835,0.5379496900023761,0.3158193796513056,1,0,4022.4006759617996,17982.475619707056,0.4493462882546955,1,Moderate
9.568522709667281,541.5138456207956,8.691161450865636,90.68697553227175,496.11483000738235,0.7627877684237978,0.20728330584907373,3,3,3447.5011972006664,6464.958172013114,0.39092554843348665,1,Moderate
21.283192934904335,2399.0655376122336,-1.3576564876821102,142.3052992622418,126.23082395401097,0.8939253354783852,0.4115053353219349,1,0,3746.9033001317553,16108.519781182307,0.2972242347732374,1,Moderate
27.23117222989763,3019.240363740494,0.7763873449933811,353.938424368107,317.75618536558176,0.3698048975929787,0.20305806919996738,1,3,3476.5526991062384,7544.541297160587,0.3615641779167593,1,Moderate
48.44379309987009,3373.290785127873,-1.0777138574962457,88.1322232622888,186.79362508837437,-0.09741158230017813,0.6980460422993325,0,2,2752.3187422681162,15274.722831215262,0.504156331795168,2,High
42.80837285016839,2236.380199668111,1.2963662792039425,135.49342582737634,142.45877366337356,-0.016823750776024854,0.12393251265393612,1,1,2832.664827977165,4418.249097095905,0.4800596952626099,1,Moderate
26.707254442338467,725.9444994272537,-0.5898984201534567,108.39138496747691,453.8789224222495,0.15598006680974097,0.9482420845808465,3,1,949.4239131840066,15274.864350631144,0.5079328672663017,2,High
73.98864365947348,459.2111745263644,-9.040648828410482,39.464995078800825,345.95331451006035,-0.08609176365181949,0.0898189401272822,1,0,4137.1961668952845,3590.640689892708,0.686487921586833,2,High
45.433111451766536,2863.6933032249763,7.640963720153973,176.36189116709699,168.90193280826728,0.6968760087515469,0.943460714279876,1,0,1560.686568859494,9816.350805296643,0.534978476066788,2,High
17.792009380199588,2067.7720196239975,-1.1121236216846047,136.32863879988082,220.5000061663498,0.12655463613604534,0.8332949715204067,1,0,2678.6844123266555,2272.5348957879587,0.4770535633649633,1,Moderate
7.633685446530281,2202.1690714466476,1.778872970146974,250.15935089062083,581.6595192302583,0.8734748068218519,0.6807121206133804,0,0,1247.7277897125798,10557.96161620102,0.32123104019987225,1,Moderate
11.464435438824902,2756.9711017660115,-7.21624394484026,294.33403690255665,516.7737605897062,0.5728505751250412,0.9123016555654836,1,3,3479.3248955311374,16414.28700182901,0.49810943932005924,1,Moderate
18.44682962883811,2491.1425742903352,-9.932243040347217,195.92989721842986,533.9707085802206,-0.009226592718886595,0.13921879351737687,1,0,4875.844760919678,15110.939050431,0.5682628191216004,2,High
12.051102994466675,2937.1580597107286,-5.094198127127141,11.590711951441271,303.0066533943894,0.3236469116383343,0.17631477418691532,1,1,4009.701173237037,1014.3043068248936,0.4234478178995919,1,Moderate
13.992526803847932,291.12727856358686,4.0917206426670045,222.81204824449978,393.0939951564813,0.3135726437966532,0.2521525920588158,2,0,3095.4774094378345,9843.551426805348,0.478549941640094,1,Moderate
21.382137652038534,2641.5701649381162,-8.016109397742428,19.94066280753811,257.2222571124264,0.34176282416699727,0.2448115267658909,2,2,2837.5326687105044,17044.506208165312,0.3751802063939531,1,Moderate
13.003019647106612,2992.8993748951243,8.177748807729358,221.88827649564897,92.74158662888979,0.38926028770722915,0.31084827092716016,1,1,2448.856286764645,13002.069806352225,0.3239739396837746,1,Moderate
67.2574068469819,1072.8591443582686,-5.699548612876308,246.61078173690785,270.5881208612304,-0.16570960945049606,0.5756308982730933,2,1,1024.8571588180012,1184.02638038811,0.768958397830219,3,Critical
6.017530924623165,2277.52073157706,-5.908127714164484,71.19634594230664,376.6894142639296,0.5549312383179859,0.028172611305104622,2,3,1740.0502592212274,6512.640468882935,0.4114112741151796,1,Moderate
39.3383542177691,1168.1510170457052,-6.369840767570089,294.96461353983756,207.9293489224723,0.3359109528172876,0.3822725950399758,2,3,2031.970370856503,11131.737774612835,0.5768448584647365,2,High
30.779762024224613,3357.1016260403435,-9.720365740572705,327.99064736665747,516.3728161000786,0.6700619387555689,0.24638512789259648,0,2,4722.8453742050515,3453.029504287288,0.5690612547301753,2,High
73.67839626814548,213.64014628071277,5.436109369564692,292.7113070809751,133.10508754602924,0.6968845305864737,0.606629848052722,1,3,2127.914270180062,13638.281344035273,0.5627278633106629,2,High
8.402917662603926,2071.295669032047,7.500690624905172,109.83930847634957,251.92099919030596,0.05358863419088922,0.9851693310515356,1,1,2930.9517739796297,12696.928187301686,0.4830688614471895,1,Moderate
29.83916992843062,666.1120599683513,2.2832540523239775,211.1914844804284,118.69714792831161,-0.14673475893054444,0.5176546121833726,0,3,4612.122703058794,4048.885603241257,0.5118196357800875,2,High
72.71028249565266,2521.5486976023394,-6.236000366402754,329.333453708842,272.6576736918739,0.5735572417235548,0.4256852391184338,0,1,2592.1320390567153,11007.95929589806,0.585181405012746,2,High
64.91303444204851,698.0269636234511,-4.294440061182405,115.43930144022598,71.81371773584874,0.8755390673102619,0.36824354514511615,0,0,1257.2488993201719,16234.371117935749,0.3855041022540868,1,Moderate
61.28040532119599,900.3030904544157,-0.4814660527007337,295.21001601555304,199.902167283905,0.2913237852389912,0.7849492188798577,2,4,1905.0305329903877,7496.533995543628,0.6396942664712466,2,High
19.34271202837049,1780.8607575555775,9.086919032466017,3.4110472542107484,270.40439031252606,0.0855740905529554,0.07198093165072694,1,0,1877.6960022639144,4939.731500007505,0.5091260591577722,2,High
12.816569054254936,3210.4388299893853,-5.0529725636451435,1.3128130024834572,312.99094980218035,-0.02766091595817094,0.9597705144601215,1,0,3573.5878235107725,14024.411469060962,0.48747175487642547,1,Moderate
50.148241494332325,819.8288653031009,4.632918078397761,273.4961977220283,349.032997161328,0.11619015712964359,0.4179178859880456,2,0,1480.6036523001292,1416.086280228006,0.6529578138051173,2,High
69.70319918456893,590.416071801552,-1.211035534141594,274.1211295657636,201.2451213844554,0.16071150650859478,0.313700725825113,2,0,3651.442888801971,16653.476141744024,0.5637391439006604,2,High
41.75721697604473,2680.521228303704,-4.043053032799564,284.03178762682575,337.6727340381798,0.266262217777911,0.9740681163997013,1,0,4446.213559433629,18869.179345282242,0.633628511302005,2,High
42.87095171024249,1802.1064099353653,-0.881681259557725,334.8096616397384,329.9525418591329,0.5209478355360453,0.9358788632431999,1,1,1680.3650585685593,19295.740103400247,0.5507875556461039,2,High
20.998432024521314,3200.0693820980227,-8.575865649175348,42.44627225530232,223.89792798191465,0.10047936168824978,0.641934139765721,0,4,676.7055012288453,8650.775086313566,0.5202329777204814,2,High
57.711969989395264,598.4894943434638,5.97374741860725,83.51459459412781,506.61018186106304,-0.14392556018445646,0.018507374850401326,2,0,3192.771754843214,12464.056819350993,0.7536531385672838,3,Critical
14.028281141814253,2296.1548362783337,-5.1339614403406575,325.3409713345707,350.1026196264608,0.21060647272999156,0.7485349762065718,1,2,1804.272337619971,17147.291149410405,0.4146056982747619,1,Moderate
24.275942730318274,891.7890969161712,4.508242463859409,63.80503119804724,232.74834531059975,0.7411925777749833,0.3355574000420013,1,0,2669.9308357228897,4468.479800858687,0.3709611104337635,1,Moderate
31.90773289623126,632.9854574155736,-8.633032571036106,245.60253632757022,571.0361816444271,0.3481866619370722,0.3882802308542611,1,0,3170.8281591980535,554.0533751601151,0.6211838909843457,2,High
38.070778401334124,2423.6600115347196,9.10197112331372,190.96668001469354,514.8118271891385,0.8612621335199508,0.1587421289773886,2,1,2038.7147203045574,7691.324649704871,0.5802218290938298,2,High
18.18072993113102,2118.5277076896928,-6.139700291886028,29.94972366654261,590.4232963534905,0.353983684197605,0.5234580838648993,2,3,4623.4722589503735,17687.42118035334,0.5900985618514758,2,High
8.612761855440265,2666.413358431926,7.6548415241416095,102.69491829895183,430.7286310549814,0.10348869861403259,0.7445525962037662,1,0,1998.0732708523608,10101.43823090977,0.515586830625505,2,High
45.79650318312245,1152.1727599170201,6.189464192308691,187.33399791874842,258.0225980283258,0.012645396969736045,0.27301111809306844,0,0,1536.8716362001444,10604.378970245718,0.4936033994233345,1,Moderate
21.647291493019182,1623.1036316994457,9.35719848162832,306.84604200618026,204.47336667345678,0.563976946464134,0.9387329080433752,2,0,4428.376105494438,13829.48090471776,0.573879978398709,2,High
43.59286660669592,1478.6036995234228,-0.44218678108500775,254.71385626128253,414.82481402096454,0.39001941435518,0.19473685600295432,3,3,681.5086171290485,11490.345207485096,0.48802017823417754,1,Moderate
11.577203645565174,3445.9041774861485,4.54794587691903,223.8779381237759,589.449120372417,0.46439882189498566,0.06626234059443337,2,0,621.0446439279505,1089.532780760376,0.5214967971427265,2,High
36.08550763911131,1093.646452913919,-2.585786859244319,178.57184037890934,394.6932940571168,0.6306394682675442,0.644363873349901,3,1,4678.491038028129,11217.202502939865,0.405092823660299,1,Moderate
39.94420744136894,1102.3786103790073,-6.312635239606124,107.52623417308835,534.888217544411,0.5984938106913822,0.8493187318800468,0,3,1044.842070547245,12959.17701775111,0.6590323532866306,2,High
3.886765261682018,1305.463910017265,-1.1384813413310226,42.92816807493403,231.00688707627273,-0.15230036981495032,0.9531328593075122,1,1,742.1870181232026,12831.915556445976,0.4523042345389677,1,Moderate
25.245320864544045,2019.6198763870932,-6.685019692230902,147.2673724437944,273.8245803608406,0.6828290958245311,0.7671710105165188,1,3,2675.8415200977424,14566.883181560612,0.4650657846176209,1,Moderate
10.081100770423069,957.8973304967338,9.64089245572768,10.266657808065327,548.4513817741442,0.3859736377568826,0.1996500115060723,1,3,233.94233105148766,10398.405541942919,0.4524510828719776,1,Moderate
4.753122785457581,3211.985797289531,-8.075070177185673,75.98012013606622,466.27668607680033,0.2308793838962499,0.9776611848037303,0,1,3100.0750036378004,18001.175955043243,0.4742791626309717,1,Moderate
74.24701742924589,1003.3309205452958,1.7842344690524072,155.69401531415755,589.7756762023482,0.3912713688948774,0.9194358760288427,1,1,2264.6539916953234,9285.212268490848,0.7685072755296549,3,Critical
24.176538373104222,3145.773487304662,2.5292771050811176,150.69786684188944,476.12031535273303,0.4736965933030575,0.16316742276244744,1,0,3202.0598220736674,10363.729460243638,0.3665765480961652,1,Moderate
60.74058343909761,451.8152163983878,0.7615908574810852,15.946355158917264,296.68363897002746,-0.03554305913882333,0.5587858269153244,1,4,1419.6845176637523,15606.11512565858,0.5779995119145234,2,High
19.09804910728229,2332.313188158818,3.2437177142366718,212.06165526910488,342.08741090229967,0.2591569348590895,0.5555174259309789,3,0,4527.361071744708,16664.699514308217,0.3514950313307877,1,Moderate
51.11270416679469,3183.7507626900288,-7.676384499762181,197.88633210716503,545.2835208547251,0.1691448312070022,0.44253477812947084,1,2,1352.9035636267283,12967.229339961257,0.6792848051437469,2,High
57.017089491726495,673.7480905539804,1.100370484105822,28.117549447528624,353.40570485392635,0.18544983929984227,0.9842813302596888,0,0,3187.823427714303,2527.464253266427,0.6288938794985879,2,High
44.67290554558832,3392.311664337467,-4.255748577452769,339.53869888575815,190.46855579044487,-0.09953156775196097,0.059622237180221194,0,0,4725.459253138123,6639.041883259444,0.5010843387240755,2,High
35.36821414126188,1639.8034254127397,8.803521266021132,35.77780042230964,289.59089702347217,-0.02417216319974655,0.6272089084435847,2,0,2004.046441706413,403.11104720076816,0.6069461619482732,2,High
30.88806856104514,3315.4313686994833,5.241433068794514,307.740294445441,333.9737938670148,-0.021984725655156495,0.20530362267881008,2,1,807.1326414642249,5908.996163129834,0.6069106641145086,2,High
26.165119990724648,2401.18814834216,9.450289643194854,0.11150348940213828,103.19590845312126,0.21054721754381256,0.5273312047309596,0,0,341.91237955916887,11404.885825228168,0.46625388769084225,1,Moderate
69.71468581858694,1125.3953575700752,-9.248878605196209,317.6211942163379,459.0694708390896,0.7839406993622708,0.7797407717875188,1,0,4815.089984038032,16104.614786937444,0.67542439435522,2,High
62.29645558407969,740.2285847181619,-4.297336496385826,7.09910359355252,110.14466334523516,0.026630109113036954,0.24672680316854634,2,0,3818.507429969695,11712.995472046554,0.5798592415908415,2,High
72.37701829998845,1132.699157165338,-6.09154826723302,272.8123314811618,272.70474235284314,0.257811758442285,0.3933595464831485,1,0,4594.760300353921,797.8931144407242,0.655397056821995,2,High
9.322291761415855,416.25919149309493,-9.77690825376339,130.20869206809107,492.54234284722247,0.1427703568290517,0.9507680742803991,3,1,3494.1652657990576,5182.1291974659125,0.613029911113176,2,High
54.815060640273316,589.1510855673212,-5.153485395073572,265.75804804907517,307.1636988873133,0.6661216438064719,0.7614807377203096,1,0,1712.2425209467845,11561.2336290461,0.6720159268526646,2,High
70.37553426157784,455.8454971780359,3.5755196704085783,144.62827395299226,513.1085358451794,-0.14486092444710225,0.5727231845118356,0,0,615.0829299169009,14180.954432054474,0.7791462630782074,3,Critical
13.59247996242451,1538.0080487212963,-5.378221557308629,25.526852039463023,238.03472713086325,0.016197735089479443,0.22199738780671674,3,1,4646.534296375004,17329.07700038856,0.32025954163459297,1,Moderate
4.987220052508312,2804.966479275794,0.18006890965236444,276.3024103423311,576.6999616991395,0.03170569659027381,0.4253054374775831,1,2,2448.095220654706,19352.904322843773,0.44109821748073014,1,Moderate
55.58404869675443,580.7040843355567,7.756362299299973,25.65096671569139,165.20763749287954,0.8922590803445545,0.7740613190499227,1,1,1982.5449813881141,17835.732425849972,0.5948050249677177,2,High
43.085483488493395,543.089472785942,3.8751584069815053,331.96335694603846,71.04527974411572,0.427852519762934,0.8205430781099762,1,4,2888.960306195616,9346.559737756348,0.5255790424121207,2,High
63.13715825687041,2287.6584283589245,-2.1074186018793606,18.350652884998095,529.8345986447302,-0.04714590917812997,0.24460619814239892,2,0,532.7966071553452,14938.590221895134,0.745544478782177,2,High
10.482928246971712,770.4221386914253,-2.550621221757834,172.55709999774555,463.7114937727245,0.09941905320422201,0.6620602104170192,0,3,1546.0190968724196,4810.555995485694,0.5154865030144191,2,High
59.64504838949176,431.8741295705714,-0.885283719830305,260.29239510628645,177.59111038705504,-0.01539569646478331,0.09500299212339991,1,1,3189.380535490835,1276.6158901473545,0.5492316925467172,2,High
15.12204900358084,667.285165898964,-6.459171178801872,141.56872732513358,591.6078839251707,-0.06293497341860721,0.02321230745046443,0,1,500.6147317857762,1101.380281319515,0.512506084504667,2,High
12.274195714927838,3240.6867459810387,2.6800153483197615,78.20405085327648,326.2540710976903,0.6769002312486818,0.5486739234330212,2,1,676.2137948244196,4826.113693584164,0.3985717740580311,1,Moderate
12.31993484482447,2893.002259439049,-2.71694361790789,273.2727461025697,573.0859920792899,0.3453278915263904,0.22437985428042873,1,0,2552.9393204552775,750.8217029231834,0.4579076773805738,1,Moderate
61.09310401735366,1303.8195120073199,7.047306985240873,282.3460937239415,327.7658242628496,0.49433115053365956,0.07891203124213286,1,0,3117.2856230054554,17005.448278699914,0.506818568154906,2,High
49.88979155221501,2329.7906089131357,5.131053201156327,332.1701942235722,309.53102272421006,0.16437637169119568,0.72982831289523,2,1,935.0085289689536,9798.4151492236,0.6584729011779457,2,High
39.22990685768395,1926.7372904713295,2.2102632818432006,135.41943975518797,297.0261954294558,0.40906459467406237,0.49797458836464503,2,0,165.42317227745906,16218.000813835579,0.5246191123189137,2,High
26.912286309262687,2402.2224958407173,-2.7159555470096786,182.25062441903768,234.1814018731226,0.08332593577606684,0.7962770109584505,2,1,4791.83446383378,18797.965537161374,0.518435971565013,2,High
65.79004056098312,2421.0819183733815,-5.801363366530312,130.72623942458594,343.53582344710344,0.13883990242105831,0.6639442396805569,1,2,137.46328941278418,19878.157731010277,0.6788516562293946,2,High
29.433383056697654,2237.695651203976,5.523037282112458,92.54945586649255,298.90506407171233,0.5174617388034064,0.72980493991549,2,0,10.260207603206005,18743.28018957291,0.5502453465129373,2,High
61.24495796036828,1004.7446530268492,-0.2718180201782694,270.3718661535391,70.21078214295477,-0.03461486148884674,0.3073605812958998,1,0,1616.7028441409986,14331.135943419633,0.48334114057358063,1,Moderate
32.935118142766385,232.62183059358165,-5.50499923645285,122.27466420610396,193.23937838292636,0.4789440450842081,0.2632758256832364,0,0,1112.265843877841,8839.59303681928,0.43037185179256093,1,Moderate
28.270832206868068,1648.92705876637,-6.096507699199876,154.13379911724675,167.21754005805712,0.73745829806544,0.6008748920952612,2,0,2867.9318104910544,11959.696781223829,0.5076477110801456,2,High
34.700983925220484,3129.311207948393,-6.691981909972819,145.32251674465002,527.0895812765866,-0.06753445120115403,0.20008214039808436,1,0,4471.044384205401,16329.927358191328,0.5942532811254596,2,High
22.603340562310656,2036.2906789631581,5.543223924111899,256.5580412328285,379.3784874747628,0.7872074086269769,0.8154121156320211,2,0,2405.538362196573,17951.090102186685,0.4901998010998974,1,Moderate
56.07070351321883,2930.1295417864867,-5.420256293993766,330.4064253998447,470.02570524735006,-0.11260975167121552,0.5229201689742385,3,0,3866.506044084853,19129.36937207762,0.6849334227238455,2,High
37.70402925693594,3471.5227660681758,0.5328452705039499,240.03218207065584,576.2543207621043,0.18380014965146035,0.226989932347761,2,0,4546.1351923947495,14612.113981139795,0.6009956531411421,2,High
17.4159521360113,656.2950940701393,-0.9690727805388715,169.76973459392374,404.2215998895255,0.47156024676179403,0.6251682323299085,0,0,946.9982680310374,10799.070982433246,0.4457323574696854,1,Moderate
67.46809299559264,2452.0439730827397,1.5922179845656785,280.513841305998,590.4354952726094,0.4153562361303906,0.9450357350836177,3,4,2441.5544306100296,19367.43419640514,0.7732625243366419,3,Critical
28.791841602990857,2392.5981505800837,7.543098007423886,230.7496766839695,221.4702284086713,-0.0939698202561232,0.0820947265907741,1,4,3210.3499979936473,19172.499235355834,0.4623207109701156,1,Moderate
40.766464583549144,3431.8485210181466,7.354947801634612,21.819728562412855,152.4469502720916,0.6788044845644385,0.10934520731350295,1,0,1659.4161896017229,9551.056751704225,0.4807845669871765,1,Moderate
67.98540832234102,3451.042495439521,-0.9784785635028079,34.438891110783,271.8204383961013,0.8704686224597782,0.8438391468633399,1,0,3698.760554942126,12973.167809892568,0.5885593090358676,2,High
46.817849693549405,2434.70727986204,-9.692674985305533,13.650099866507999,308.9396782146944,-0.0006488818978528932,0.10959377456687358,1,1,3526.574876109125,16185.342957842799,0.5403907968628395,2,High
8.767353053127305,928.2902927394605,-1.4711238857139364,164.45387743427514,542.4488485689218,0.7846440667970092,0.0393753693529878,2,0,2105.471420757098,8661.58213369617,0.4407382101787659,1,Moderate
70.48740927101063,2815.089849644037,2.1238707484828083,297.30723636202737,357.967241470172,0.4124903863229256,0.3479305810464729,1,1,439.76876712230717,16587.552533662794,0.5617172886899183,2,High
47.07810398035634,463.8990563175295,1.155295181961236,112.70994096648674,210.69954967990935,0.8295271483698603,0.4667058849215976,2,0,57.84391741289807,2229.109449704727,0.5925756210432209,2,High
25.11792109928146,2754.3776341835373,3.0267221160041107,138.2976659132934,458.4488555771365,-0.006305445741562776,0.5694444366906898,2,0,1846.7478108042524,9623.034417053628,0.6519446313694796,2,High
10.445405449754045,3194.666822091968,-6.91848535053833,327.41175901244065,328.207565426489,0.671223532497367,0.5073002325642498,1,3,410.34422558799133,9652.249977779567,0.4152264339896231,1,Moderate
59.551889195272196,1401.63354221268,2.9307019756146513,301.28524031399576,139.1725699013436,-0.13424026701013575,0.9131845626581134,2,3,3908.122216041305,13693.141123358046,0.7285706917759238,2,High
46.50545669463851,2244.1600029424735,-6.346967625124556,239.41732045772162,367.2508831751887,0.7715160914829993,0.7686681003916374,2,4,1671.628916344904,2328.26020350714,0.6857075571658735,2,High
40.00958189822411,1562.4852891292094,5.010479613934979,96.04936155321047,551.2669952440061,0.5415753644195971,0.9838102558617108,2,0,3330.491378958484,2064.2086690056294,0.6884658297448005,2,High
67.04194372882182,1588.4011869596368,-3.2182477347464005,42.13493376783966,513.442439611701,0.20728026231467306,0.4764554232253223,1,3,1731.8949365022918,18011.896248110184,0.6501082407063536,2,High
59.14479084183981,1155.2610229676081,4.197908667629072,5.781176164840938,372.74548494943207,0.00951350584763519,0.08432960983917892,1,1,3979.6920841400906,6074.829289067234,0.6262770065835581,2,High
11.375615979956338,2691.2407095311037,-9.042688021877858,38.523842137591515,257.39574563674347,0.6981864084239253,0.9555306429428746,1,1,4442.062483098905,6538.447566160772,0.49065068232240433,1,Moderate
23.379155084666117,3283.0003181661177,-1.8427994881817327,105.3347197046194,97.83831308531614,0.46356545353429274,0.004113161589097358,1,3,4187.5707463137005,15537.230933901743,0.3230770516029771,1,Moderate
18.636685486084932,3298.5529213971677,4.100690445266654,198.64442288861844,308.30690783239305,0.19645743824280154,0.7760960138390484,1,3,2422.3678198992666,8298.18072223138,0.5199285608008035,2,High
55.79597194295077,694.256368574775,-5.462589673370117,23.04002979085928,463.64369064126856,0.2882194072827679,0.03128203077167946,2,2,419.7580543491025,16658.475081978373,0.5582494811970021,2,High
2.5149326051834535,3074.1284088323246,5.905740895944451,49.042000194641645,248.15054585315582,0.7091969216796143,0.7612141906516384,0,0,1858.5555289671474,8029.37462328035,0.333369025625262,1,Moderate
42.74172636534874,2607.2669008522153,2.615594662098639,65.18905283085877,179.49575405341542,0.17281991269255453,0.9379389398480542,3,1,2122.2799735254134,15211.995324154832,0.551612996420152,2,High
57.18440143055179,959.6471623469835,1.7512354429959665,227.51355347399024,562.2588455990244,-0.10140405407907843,0.38926029733104683,2,1,4801.270054284373,10506.199156994362,0.6590202336508644,2,High
65.75742275713121,328.76768393314944,-2.929022915913258,221.6843276328448,501.8556352518958,0.8024103894238201,0.24096485121971767,1,3,2827.486526035478,18716.56252676462,0.5176884502557045,2,High
25.65613115369306,1011.190707406885,-0.3509705923776494,198.27566149397506,401.0515906810796,0.22607811362383806,0.22627915251183084,0,2,3204.231164482208,6547.77945917336,0.41262679246292616,1,Moderate
61.59429785040096,3201.5080050571873,1.9469860195570625,90.18051289053827,125.23083915628567,0.18322626222673488,0.49171764415020336,2,0,3910.0179050103693,7253.811900782845,0.6408119824387206,2,High
8.297380271640542,2252.807494645626,-0.5507577217021904,133.60308883874353,129.69986222339514,0.02483958076353332,0.17088703575679154,2,1,2841.0123360516936,19399.730324880366,0.29740898774868985,1,Moderate
63.483921880088864,2551.585847052764,3.966266478811203,34.80829788158749,106.77077530067842,0.7871648283511803,0.6729236306597121,3,0,2992.42304591381,14750.501959328896,0.5102886881093485,2,High
9.561649674898682,974.3179937709259,-1.3260613378608088,81.52581735289975,388.96316679100875,0.039255867056617266,0.3683523574883749,1,3,1226.6389866730265,15451.346772486668,0.40594962956718295,1,Moderate
29.796546792027545,2545.919728954389,-5.954536365159393,323.17388153012894,113.5595380603348,0.500340154801522,0.32310949240325904,0,0,294.333037806378,5919.534978941648,0.37675560987511436,1,Moderate
59.79715243346652,195.6131213449408,-5.721324343979055,352.68902871689824,513.4449593744482,0.7688415127689132,0.46128557625645705,3,1,3606.929395545178,10640.887945782704,0.5850216390800117,2,High
11.243807051158033,1376.092575628247,-9.883924623141178,233.1574508305061,596.1307510006271,-0.16159502393646086,0.5425875024397518,1,3,4243.42348677213,6270.819708584694,0.6619496595554237,2,High
17.193854642448112,2230.9613850439264,-3.980845688826551,330.05638512843126,251.4915015897659,0.7116708758302155,0.1419302622587958,2,1,2060.000916625519,5197.377737186224,0.33621359893627556,1,Moderate
54.16894262947997,596.7283228404888,4.978352809570392,231.38708414451304,299.51841583190355,0.2516593638587519,0.7077633637968433,0,3,2744.572266241049,10704.823752544336,0.5905274666118022,2,High
54.002740240955575,2898.212153119578,5.883254176752191,11.950734997969157,441.4169473421233,0.523772032791733,0.8829470999053262,2,3,1536.426136678518,19755.212484997675,0.7369827683554171,2,High
48.0860724663973,899.1064159605233,-5.950649158085,358.83453059510725,565.4341534791712,0.20964501954810932,0.27798691620118177,0,0,2251.1029673286735,4292.452944287111,0.6035676485614301,2,High
52.0461333350325,2317.7557835827174,9.180879937428156,35.62282860715256,541.7515754560118,0.5650678819822434,0.1803909018294848,2,1,1044.4486313322755,4850.397181750785,0.6235373942666029,2,High
40.70433325106971,1477.670284756121,0.048055869602535495,245.75104852022184,81.67550581241672,0.07972440601346908,0.7605054237190636,1,2,3799.434040524805,4862.579766893898,0.4248381900661481,1,Moderate
18.884929418021457,2126.5482246240003,8.339574980370053,91.02103310692442,142.98949140622076,-0.1758764033210641,0.18354172376564948,3,1,2459.5589388754756,15834.0452322658,0.4062702061392244,1,Moderate
25.92719951279396,465.3318789382876,4.135305637232623,141.11320064650565,465.0284592067858,0.842566266266749,0.04125516036295662,0,1,2735.7827660553944,10209.641222293289,0.4073432571726186,1,Moderate
13.619828760106925,157.5035197334649,4.448668460448262,232.53630652833778,428.891209417846,-0.18199545955590896,0.6192432203827789,1,1,185.44039130611588,7695.35313461883,0.533415483413593,2,High
68.13379210002212,3192.519053093024,-8.299127573878577,157.13544575077455,123.27022672206779,0.7065092185968578,0.23975141630535024,0,0,3111.991961466737,16875.796687343824,0.4354236325091382,1,Moderate
43.75438460745904,1016.7420298084215,-5.600177462061387,90.19658121520617,326.1355201008622,-0.013948647345278814,0.1718104089285597,3,1,1013.2790600389474,5949.812767210718,0.5290289979772864,2,High
30.06385625727299,2886.901809453561,-9.823703334110547,120.4006272761969,479.44804709691255,0.23144225146223069,0.9816027417145062,2,0,1916.9732218243607,7844.357973492293,0.7724257793391169,3,Critical
34.65043527330995,3497.7910216054806,4.32255280953475,122.95732209234347,170.32937524448153,0.7047416141566614,0.29186498339972766,1,0,2063.5785004792106,1472.4111858685696,0.3773388922764036,1,Moderate
71.04625047088615,818.8662771962979,-3.1112342314298003,345.3566056229569,529.2081996540664,0.026525365343579882,0.9034432902155357,0,1,2243.6629874404534,2378.2020375003367,0.8523448356066207,3,Critical
11.501355233706015,1001.580520023409,5.733050321526935,287.5006857324424,79.13447615120238,0.7522783660775394,0.1782187658886043,1,1,1137.1819455738164,2734.6213344231796,0.22237262556438225,0,Low
43.967237401259794,2353.7232779578635,-3.2212756012594745,165.07755773258404,480.20729678744067,0.3475348330120916,0.8189771320624352,1,0,4250.551123578203,6939.5047688460345,0.610033726759931,2,High
37.94165091633495,3382.5253576421123,6.386675045977221,71.93553132289108,388.70039488442865,0.20276880898900423,0.502018873048482,1,2,2139.2507535231125,10481.70520975387,0.5851378645422213,2,High
45.85906765759859,3213.7687838485294,-7.38603492503374,291.96579969455615,223.35964065989202,0.5286815214099698,0.07859476911599528,2,0,3060.6722895413063,14.886297781622204,0.5837528261167325,2,High
1.3582637865630383,1809.7767682229887,-6.5325368648498365,56.585689779014466,446.51290158805125,0.1755286941790533,0.7336052936435724,0,3,3069.687728468865,3798.646229996643,0.5445893548735015,2,High
65.40929317081137,2803.374960590864,-3.1824692083212707,75.76639817112122,480.3011873331378,0.18201719489599272,0.89207337173478,2,0,3034.9233721068263,3513.0004038206207,0.8601813677373136,3,Critical
69.90887118627093,561.5359005396635,-1.8302522223545346,131.76482106245442,563.6444342171831,0.6068790300321336,0.16301699033552153,2,0,2796.5900447479858,5066.936975770335,0.7602799433024275,3,Critical
42.38498876919067,3423.289826293642,-3.0259437831404323,316.9253505067164,252.276069684845,0.14081544699301868,0.7255902423361753,3,2,4113.128741323943,3321.6185210645867,0.5682532749147504,2,High
52.24881179076692,3378.800995722354,5.272940650464397,47.44320070827969,427.3092047889752,0.02084991318986762,0.4450525190731238,2,1,4063.0890687359456,3902.563623278228,0.6897655704774549,2,High
69.18745358829717,656.6784567891813,-8.060972147465705,44.00430942762939,381.43895231408,0.6884107407962294,0.7538704532567183,1,0,2085.7228630242953,19677.607219279955,0.7211152323773053,2,High
53.042897573504895,1118.0386243305625,-2.975659607230239,177.83099578989575,338.8633382013987,0.6859081370999549,0.7139279481853057,2,0,3179.2302406531085,11894.605183092257,0.6703387343838735,2,High
11.4404282185696,440.52699152300755,6.744799990309186,99.5077947937229,539.7290607852708,0.34734427407755625,0.026600230463005414,0,0,514.1462226334337,15253.863297063934,0.4327298077374505,1,Moderate
43.221627012510986,1023.839836253811,-8.66405845475656,204.74205899333757,51.74202277612018,0.3793211777792506,0.17872103596715516,0,0,453.86339134175057,16386.86754161377,0.4154707451859339,1,Moderate
45.50362847871419,2874.2496840117024,8.846870153427147,162.58920648596046,205.16138335697872,0.5656842883444024,0.4710272429322744,2,0,2399.5820276063096,13353.611948518903,0.6142034849873265,2,High
31.80980034767895,1386.2730643618822,9.726336845440258,156.58527828643804,346.0524817496565,0.3602017209386768,0.9335941719120803,3,1,4501.0201180301065,14081.60540054486,0.5888129044002186,2,High
55.23331767185421,400.5496882989785,-8.228636523498398,40.31026937531758,148.0612939001038,0.2587439548661558,0.3420734567548015,0,3,3249.998512618478,12645.668890705685,0.5164716607855385,2,High
70.0775261076761,1263.5667842482756,-4.17454955488526,50.777888489942455,549.3265935530171,0.8943836126264204,0.6288734702801819,0,2,3346.082113237971,12987.469560925958,0.6852727398435563,2,High
69.41763846800822,3436.7033364203526,-2.5519866792928774,295.588287880866,406.17731468715846,-0.03759552936218519,0.012083745514428812,2,0,788.3665603975065,18568.99258475189,0.6631627131082427,2,High
33.81295285530991,2240.92422388129,5.527827373054521,318.917785525828,312.8356470475945,0.45200077716384673,0.7111269215469441,1,3,2266.5222213441943,3714.7694775095542,0.5976318916326371,2,High
8.492853438056644,1514.9472177809364,1.9185362423346763,84.48607183869008,498.08596748666,0.7744493286832264,0.6030682627528046,2,1,2003.9547249224681,5494.600716525384,0.4738551103256231,1,Moderate
73.86308992217509,666.230945890718,2.887314009851348,40.845780548916856,297.9874053058071,0.5559365452992262,0.7153947466157659,1,0,3914.8917337709654,1865.170976374748,0.7294374784811736,2,High
62.91735648344506,3453.0011107645623,5.15019645637012,19.23000189642382,357.2591565615052,0.7690156289970622,0.9046606130249449,0,2,689.1204838613402,16746.48925928544,0.6464468583708298,2,High
9.349701090245013,2890.8866314946376,-7.6404200112594856,218.98714094708285,51.51304755465655,0.16996819239013988,0.14649893311781004,1,0,2695.955036654022,8975.106472556972,0.32779229941777216,1,Moderate
69.06314119630292,1057.022828333126,6.6641891382052485,257.527156500074,251.13529160729044,0.09919227388626317,0.2615895960080671,3,0,4556.757512744259,18142.091210950486,0.5490876820923789,2,High
65.24222715465962,338.23356545204416,4.1123960836028814,134.21159611315397,126.33475979303336,0.7363996255923153,0.995780892168142,2,0,4462.29944826199,8233.514264927446,0.7025145079675207,2,High
38.912854284455406,292.52689508369735,1.5468345039274052,244.68331229663025,429.3287743642601,0.2335260338040066,0.15628395850962695,2,1,4261.685548738602,8852.283161630203,0.5018563855139948,2,High
44.34565768086969,509.285708318815,7.794706695661134,256.6651736014294,313.4648274366536,0.5806505553630426,0.7206270065260263,1,0,1874.926564681917,8967.130025751661,0.5545643695420928,2,High
29.92520279025977,2074.6131842890336,4.006127077676142,336.7232213028859,215.96665648762692,-0.037476563744474306,0.7250759105109018,3,2,4705.503453275289,12249.861843620116,0.5000941536818315,2,High
4.10712291165235,3257.795632098674,-5.966000747379492,23.35450962063861,307.3077866544583,0.6314219379143422,0.6829937462355694,1,1,4026.502543296859,15322.482339317245,0.2819546264385287,1,Moderate
25.13979312344257,1788.9276552203473,-1.4050923784866658,69.22502036318872,165.2964383732404,0.4038809139273563,0.22744058931457767,3,1,4255.706596204516,7025.845522344373,0.3977546353559294,1,Moderate
60.21400864485086,2966.0146403510703,-0.11914266128533413,24.66935553491573,558.7976478673772,0.09547280390150698,0.21513406321387074,1,0,4661.768971624936,12603.309068446395,0.637273995422623,2,High
0.3474017253452144,1616.0145075233465,-8.895647464991887,312.4778160009998,79.68494790300215,0.3439543603547956,0.666341068034788,1,3,4685.006328070404,4079.348735138695,0.4419737692241329,1,Moderate
25.012437876835815,2509.184055610606,9.092750267201115,285.3313776120847,525.9793694128662,0.5666379884236739,0.18625018445921604,1,1,1200.3248162999541,11080.942090028995,0.5827699856097104,2,High
29.86265201932075,2588.367306774103,-7.42845478406243,206.87114542386206,331.247333803343,-0.18692495026787798,0.6615633317405374,2,1,638.4385588858344,10931.6979968736,0.6327668224271726,2,High
40.304670220344214,691.4766000713514,3.949225344534536,30.11882761842594,390.42057287634947,0.5012137646955424,0.49252828202531806,0,2,3454.3747178565764,17774.31731296574,0.538450472001319,2,High
68.98917123095704,1328.13460051776,0.1246207218176032,98.39244911533906,216.43309149978708,0.3957498561006019,0.3866288676493841,3,0,2816.069783185712,17916.904476994543,0.462403736311888,1,Moderate
25.975949577447093,2266.827332229281,-9.48735500231155,107.17914530106609,581.6836892368767,0.04231478452140586,0.30023234937794574,1,0,1637.1325281596605,9744.223165991512,0.6277276791693698,2,High
26.021490142217075,340.36846782684506,8.494949517287232,201.86755056555015,205.0180271857194,0.6282791813738164,0.9475769333231167,1,1,3422.247533885078,491.9893155676802,0.5290359723694681,2,High
55.312593608231126,1329.2366383940525,7.036736176378664,92.89580185321756,373.8828984271674,0.13380708309652128,0.5080936577427876,1,1,309.98438657960867,16892.439012363382,0.6637411365333818,2,High
33.91634556673554,1918.3181853560543,0.4851585580767104,26.265551008663742,596.3791878089208,0.10454702470122124,0.561251962510962,0,0,236.0415824794171,12.449411303439017,0.6473321725844944,2,High
16.845361720498648,3487.1632763517714,-5.421153277211095,263.07442866718776,534.6019180108951,0.31834018389925495,0.9492560846867855,2,0,1771.5529210088005,9565.072710150873,0.6296316362143067,2,High
33.932963709952006,1713.4141129162986,-7.567542186398115,107.66887619594807,344.98140390735836,0.5437646462646013,0.6538773180971337,2,0,969.2331171608043,395.80315266913635,0.6453786692520056,2,High
10.564276528484989,2874.5929741887003,-2.732150411357468,162.85470372838822,594.7059876319667,0.82173057346388,0.9578529277568275,2,4,3592.780253687887,7051.825887120458,0.6069613819433579,2,High
13.229023987966748,1569.0287692265003,-4.89143437907819,45.95998859362992,435.753423952938,-0.04450703255468563,0.10636674052269846,0,0,4740.10918954096,12735.29372133148,0.42064370402266976,1,Moderate
37.37758295546098,2807.7284569070102,0.13382402012597439,288.91738922204866,164.78522887799514,0.23611493282690704,0.8466396317724039,3,0,3308.1370684231274,7424.018061081614,0.5844713346201122,2,High
31.419408712841093,2124.4103255083683,9.328185922468577,203.59147569266074,273.0779157396935,-0.12631144823610707,0.33541462802309086,1,3,3273.921835637819,18537.827171537127,0.513904493106777,2,High
68.6134425801075,3114.4245011081543,1.499069864592828,324.5708254355506,233.97133370635305,0.6344058222189168,0.8104875250703412,3,1,32.97786709791583,12815.272668896176,0.6439501171342932,2,High
27.179542433747482,1497.2046779903737,7.798621117801957,178.36976270352,239.20753954915403,0.2925061786494968,0.8556366241949785,0,1,2561.3848586231506,12928.877451094806,0.5505024405458767,2,High
43.54412627085326,2154.635027393028,3.017576749915545,338.9132418544367,468.25104164792646,0.5776220487070036,0.2714878861425558,2,1,4085.506600875797,7488.740919387394,0.5067553666644155,2,High
47.41982159396478,2242.063514104013,-0.4950694682559913,321.07255357727735,371.3446100000365,0.15441386637391602,0.4088306165154789,2,1,3270.6018266900883,770.8704859251925,0.6903254742449415,2,High
0.9820842441250227,1519.1020021216093,7.092151254667424,207.52554832532422,70.9509913742407,0.7287489655469559,0.726014354314904,1,1,1138.9119232441724,14763.59446983912,0.3416283531391727,1,Moderate
49.76530290125329,590.6609485374372,-0.5726377965400502,336.2016377339508,532.5966660080369,0.38831088606412617,0.09905563089697067,0,0,4242.376242136004,14324.894610889312,0.5116304976209642,2,High
13.352697515231357,418.1019835019409,7.372563410207221,116.31194902603882,213.2378772640905,0.8379686040060208,0.75553353433934,2,3,4821.883621075912,10602.500540076348,0.46064994720027813,1,Moderate
72.08027381020914,156.68327203875253,-4.168464608484694,131.63117857351608,598.391182302229,-0.11330389694156238,0.11047292605474401,0,0,1394.964237501352,8325.360785153816,0.7396067425326094,2,High
11.149704581483471,3070.01649843373,-7.423738524740237,16.372062470173297,574.8049016841321,0.3657045069962818,0.9144557322680581,1,0,1035.4717108290336,10766.341000172428,0.6435184217946961,2,High
31.09680927952678,904.0147016115615,7.106289287258768,212.1123264349871,567.2918941750809,0.6431007705974685,0.2763392932963534,2,0,1692.6345232633794,14936.308083007707,0.5486755267510469,2,High
6.401225105898289,819.1229475580113,1.7483032758533348,259.892629174416,496.1201822351855,0.4601679128809762,0.5755993468673558,2,2,315.7914193883554,14255.708615757305,0.5288329481361894,2,High
74.76556888844605,2602.5203614486227,7.781847964979203,278.4669084871571,171.33733242594843,-0.174486445530473,0.11715350007627279,3,1,4367.163365434378,13162.193246563806,0.5640211471568666,2,High
37.664625774843195,1188.054784497132,8.756544139847662,53.93386297659719,342.9480092158301,0.8695725461782691,0.2694931546624787,1,2,4646.497402662406,18075.545348066586,0.3848238304267404,1,Moderate
44.65387629900329,1820.5519542002444,-8.927432192571017,159.8972660325001,173.36644475373603,0.12809006238348825,0.4039550434871054,1,2,3166.5151981656513,12197.76754600607,0.5666552743988411,2,High
5.030735804132061,652.5376220113513,0.019386037177365978,63.67075635380963,192.82150057392207,0.07420565300302029,0.48704887668301433,1,0,3821.67406426723,290.192950900745,0.4295340035636274,1,Moderate
56.24703527993834,3363.1354529706955,-2.500709018509415,238.36584558752958,386.02347318995254,0.3342258631672375,6.749764657443258e-05,2,0,3343.25338717578,12361.276712705096,0.5598080389369483,2,High
15.742919482168933,2995.376760058607,2.5171679414023433,56.86069407183653,72.45844994418486,0.39637391827568386,0.8886557623804684,3,1,1886.7711464493452,12251.184913405588,0.2674749178772374,1,Moderate
67.35407170805352,3036.884718081011,5.87182394404647,325.49892622418696,583.2022117513892,0.642916951348808,0.007674809558877116,3,0,3160.211810271329,1392.7232701087644,0.5831389981078487,2,High
15.385473036150538,1483.0307451448177,-4.388195680512621,83.0284724381088,555.2702449178805,0.2326010234248881,0.773684562994425,3,0,4181.600854375564,8554.595086319221,0.5620403920631566,2,High
14.301579049774993,2692.0281266043876,1.1359676874634328,104.90481586376814,259.4221646867459,0.2839564141084335,0.47057891235637095,3,3,4049.5370511788356,13021.925239166552,0.34898037161260764,1,Moderate
2.741225088607116,589.1789283252525,4.174571598097991,306.3262759743599,333.4823464038022,0.3884559075272141,0.5238800249013764,3,2,405.2876320833726,14090.024634961035,0.39731480007325504,1,Moderate
35.40502088324995,129.30460881205295,-7.31137834328532,165.04833965246056,306.36568059726744,0.23382580971580474,0.20826547933454087,1,0,2313.0048027155854,17860.992504759273,0.4804937468266976,1,Moderate
42.36308499469623,167.9079707652956,6.281338119025335,8.63854048802629,535.2098782396083,0.8060028870112717,0.6073683503457041,3,2,1986.60731978625,16827.61961419761,0.5200911011875889,2,High
4.928147957126427,2094.4459071755055,2.1221919970594616,178.05105043295248,428.7310319738611,0.7363771632976774,0.5372319091694522,2,1,3760.0437288993235,2331.036186218649,0.46075216015474146,1,Moderate
58.164571252125796,1648.3426778429987,8.990748742273034,30.435600736844293,202.96118608339606,0.30047106458566614,0.16423640662029537,0,0,2506.8796977289167,12175.68853274829,0.5648359306814413,2,High
33.99666260610207,1861.252186288967,-3.209421617386134,354.72409872743185,295.7626899559133,-0.19978565142895116,0.23811900134921915,0,0,1748.505542847098,11929.628223932928,0.5282416804653234,2,High
39.329270199568505,125.37467741854599,-7.837081153256027,211.72016536401685,285.93128662772006,0.7910279450822089,0.06690362901245717,1,0,3531.7488029660076,6074.958353551989,0.45055418017607973,1,Moderate
33.05720602036711,1537.1345068352475,0.1300240207385066,92.35174233995224,577.6343425561553,-0.06322976921658824,0.06628357208945268,2,0,2367.892601679494,3682.114122357851,0.601888878231566,2,High
30.05722956564945,2541.431748082927,-8.283784565811223,202.9383646371424,146.4210007830518,0.06896365671345084,0.013775785952426567,2,0,1283.120138764875,3990.173179878027,0.5176814684081181,2,High
41.97302484811634,1605.158586689282,9.390530466480136,27.672157217431742,99.26698551193597,-0.032402587198061994,0.22047432548308377,1,3,4452.084613051128,3550.9553808024675,0.5000440686369796,2,High
11.643018444803438,2589.5453014615555,-9.226300834856168,287.9608695367741,534.3403576889297,-0.0022028730208738523,0.6796612273970557,2,1,565.2392407652585,16125.273448299731,0.6436978837037023,2,High
13.644609787145335,892.2644789492383,5.070078022146161,333.11809939109895,543.1772942282289,0.6831652916788182,0.3162153881423563,0,3,90.43853442743277,2967.8610131617656,0.43564479965601194,1,Moderate
64.63392157601379,2864.6828152378666,0.5020479628448804,314.7999797542174,529.4564983516906,0.4374515858325167,0.34273426986737665,2,0,719.555163240197,5287.839546836109,0.6951720847672564,2,High
70.95865966002245,2100.6662175417378,-2.6275869500342264,123.0327368274826,331.03730359405597,0.8517046794378835,0.1319053932554447,2,0,818.216267486721,4355.76809043428,0.6046783110433899,2,High
27.99819872098147,816.5945380616812,-8.683156709826907,117.27652307161266,412.85943554820324,0.05459886355608812,0.57547066765642,3,3,2690.211000237828,14257.136648180634,0.5552221916572437,2,High
20.305850485766534,904.849617903032,2.4433384834721554,12.631540037868,359.8496761585411,0.3341983989443574,0.34214364154673726,0,1,3124.3275031851877,3167.917887842633,0.5040853507978508,2,High
48.29996574292618,2235.303579536426,1.7044065878191041,234.50412913233004,88.19630432992051,0.8751712059907171,0.6763168034302147,3,3,2243.0556702939957,481.299052169577,0.42972046999346836,1,Moderate
30.65506283235723,2921.7946169223073,-4.382334538648005,192.56572230832617,377.70919329539737,0.7090878657022468,0.7414594688425534,1,0,1020.856226394879,7484.508438364641,0.5109965877067619,2,High
1.9039766745258646,1513.1344588991276,8.204434028206244,165.3646936778429,57.487780990855484,0.6014772470325402,0.5846928752483821,1,3,660.954493969626,6101.885223019734,0.3864830844967207,1,Moderate
11.711444802464277,978.2214590338135,-3.9177998531432623,326.7471432004945,228.7430752563974,0.007872721507871133,0.2760695368120363,1,1,2460.7598456186324,7954.094099115016,0.41500733262304207,1,Moderate
53.69791716355481,3047.8394634960414,-1.0054917881578778,60.43640438982467,562.7609167302419,0.6463459410006878,0.5086077993372543,2,0,2827.4154380990603,15076.31478226752,0.6700142776681152,2,High
49.41929564326135,2375.5121919528387,0.8752491183731141,3.4798560084656405,217.22489829969416,0.18232163485550956,0.25193080468230333,3,2,1519.80685851737,247.33817790323576,0.4545692280841306,1,Moderate
2.0321994377612618,1623.49065676246,-7.995362436474278,26.393922763475555,566.9046534543363,0.3835905867514335,0.9029128353539181,2,2,1102.1997367048707,754.1520347511765,0.6353556167198346,2,High
16.647912144971208,1758.8606639496263,8.643234384272645,80.41371761785281,187.57367643208434,0.47007733434349425,0.7663857500825573,3,0,402.9636342371362,5112.892637316156,0.48073211717743447,1,Moderate
17.330609744105356,794.4719909837478,-2.509276950979178,11.982797734844501,223.00923225384287,0.4703000826766795,0.49300590600556626,1,4,131.2224349611635,17784.169725596523,0.33143456374632985,1,Moderate
50.391955769904634,2231.1289422204695,-8.384415722513127,181.02373583152877,395.6241230412044,0.5991758191048682,0.9654571431781466,1,2,528.6821541808995,3381.490011955275,0.7287233455220924,2,High
1.4782903315773117,1319.7245358458213,-2.254176526493401,113.0725638840881,468.89483503411213,0.5278723019064262,0.5467554467301879,1,0,3710.397061419703,19940.75913563213,0.36150238093554143,1,Moderate
7.808143648843038,3485.1936006927876,2.004050941851613,64.97388290452776,325.76327240268625,-0.1247920327583512,0.3285354769569482,1,0,1720.0932507694472,16113.851321427339,0.3653969531308989,1,Moderate
59.993706402989204,1732.6239518904188,0.27305343642659174,270.03026698151837,535.1636279567855,0.303081728544018,0.09546730079404708,3,0,137.0945770095111,9122.731062584255,0.6131571503507847,2,High
13.390849654075021,1752.0110610446848,3.8908394807454805,73.60247744371081,72.13223188584058,0.5304237673919772,0.5437456448134136,2,0,2540.826359271723,14957.244904972133,0.4004198296724157,1,Moderate
48.955958088890604,2023.8960771962843,-8.890321158641788,247.53783635776557,557.2071612489037,0.12559228038230152,0.8604166115813455,1,1,2680.3363344431264,10376.30249873825,0.7680174825508137,3,Critical
17.86370857850449,3216.970410603739,-4.309187794558877,125.73536610515,157.9692899424744,0.14436235593802865,0.8667187281564487,2,2,2143.4438980619675,11319.845292797183,0.5225650575669435,2,High
7.4581044569508865,2822.781539523151,6.384611536802044,184.25799383851964,536.3313097965608,-0.0629756974699229,0.6045670666827484,1,2,553.4140601774295,11615.43483837702,0.5989985842629088,2,High
18.237914324959057,1633.842237312661,-8.402126244172782,336.19213434647514,270.47474871750927,0.2604764845723409,0.3934383632342128,0,1,3774.836988029818,12974.410257272424,0.4020651046172413,1,Moderate
54.170019889174434,2543.5775043075064,7.10971909391915,13.44658853369262,508.0163807290707,0.8855134777367923,0.6502963080906798,1,0,3445.4079411830958,1215.2838006117972,0.6915794937163227,2,High
64.17723510797143,2093.20069585459,-8.162078158457875,180.09522269188628,419.41605239203227,0.11385129741684114,0.7621403545590395,2,4,1973.645691357941,12329.962098727001,0.7761382344656245,3,Critical
62.26648984252437,1774.0479655842464,6.689084297833926,307.59226571794255,146.76789786304414,0.38458058195470796,0.4116247843941262,3,0,1904.07678374034,14338.971637170214,0.48386220515096734,1,Moderate
29.788764721384112,753.8736274667917,-2.784231978425467,211.67072941332546,554.9261634347966,0.6175609780569928,0.47625416921492536,0,0,779.6755747297157,6214.462700734258,0.49854979855714887,1,Moderate
50.10638524279846,1677.383295746629,2.2441812651443165,99.6733861074564,185.0345647686528,-0.18515300202730228,0.680616307377943,1,1,3767.7467354387472,19571.57660946714,0.5171666653034735,2,High
15.373822156186574,935.7831958767538,-6.942257687040037,143.16520865221236,184.27706528224948,0.7904835155581289,0.8766526061027464,0,2,2997.8695216988312,2888.901720228887,0.4378196614349559,1,Moderate
21.986079769575994,3210.4633094956257,-8.676625565496384,244.89562634228685,497.79839315055926,0.22520520319743237,0.7910103781422749,0,4,428.96722756472826,18208.850450567745,0.5248029713412407,2,High
67.22518638908399,1240.3831658875795,-5.681235919597299,320.6922819529691,108.23029056488656,0.7560275853820806,0.022391369320348686,2,4,1890.3172921845673,13528.98815891433,0.44494973541868077,1,Moderate
0.9751442633052027,3337.6976494134656,-7.44292364182609,14.783894548780175,172.1197485037532,-0.15715757521057416,0.12437234378458784,1,3,4517.804712842513,13286.289563774671,0.3683950851336406,1,Moderate
6.413139814085106,1912.3879863220182,-3.7518820464073643,25.75397588053551,327.02266538158426,-0.039770092949956565,0.8527781802855218,2,1,2261.873008281131,17520.45319839331,0.532354235701979,2,High
15.59146913595205,2247.250887498945,0.2876649302204033,117.01854849945153,506.76236577764337,0.15478239992531517,0.8338228280450336,1,0,1624.6374965028858,16634.584226012794,0.5017515240213819,2,High
1.9899152905364788,1945.9975112637144,1.7751892713001904,83.80068639749243,131.11618610549712,0.18000795036960665,0.3888067831487092,1,1,3218.920377242974,6908.688645988974,0.34013445132904574,1,Moderate
13.6076576317348,539.894097686783,5.797362147594857,95.37511904006617,351.2175289817905,0.7325736453308183,0.5842779223576656,1,0,1014.8618884202915,14107.396046314227,0.3806466374142683,1,Moderate
43.72811707272691,1377.7921446269993,3.1247978649671726,79.65719950531714,441.1823254916167,-0.18767877307294129,0.9058449824286463,0,0,2619.0169910358973,1012.0516537385615,0.6831814127811776,2,High
31.606841294437345,437.0967817439214,2.1751665025910594,70.49701758785677,523.3273735937732,0.5052229541166475,0.9115586810070964,3,0,3347.6137678182276,9280.368644516195,0.5882945773121816,2,High
66.95037833077312,2218.043750223498,-1.7643594502845072,47.02462807294504,564.5610581112207,-0.05555632020359472,0.7830928457608908,0,0,4274.392079875389,18755.54521448629,0.7688306317850349,3,Critical
61.308267130383065,1619.3722636814923,-0.5238313007972266,336.2234874462857,481.5519529579128,0.7055372157821544,0.20958893835967896,0,1,3462.52151388935,5481.78895602645,0.5363418201218022,2,High
25.636301377340697,2745.1489033411854,-1.7095834121963787,51.9082070062151,409.05561902210104,0.6564305925537035,0.7302828073539449,2,0,1922.0489858428218,999.415781310331,0.5391387616700534,2,High
19.456757507346936,849.5996353978575,6.8433206012276635,73.58535891559302,288.4910469220212,0.3499131301523207,0.10109843234705662,3,0,3839.000866741555,11658.899838828309,0.4074048610923653,1,Moderate
28.47693061254502,659.5245986597387,-5.399990949032003,88.65566063308286,111.6605848036308,0.03395594806361271,0.8939384594545691,3,3,4491.999640354209,7101.995261329213,0.524673492386725,2,High
44.27212068861058,1481.5295852768106,-9.885581369160708,335.8853543269514,440.3554558890367,0.497944930062112,0.14914880357871452,1,2,2388.818123299698,7593.669401984131,0.5849072103006634,2,High
20.10477306171572,3250.390302942496,3.026397944524785,272.0570880963905,596.0055174615178,-0.0281158505765898,0.6623486401114509,0,3,22.503927416411827,11649.143741136302,0.6119354135328985,2,High
46.81116808868505,2515.4341710422,-5.950756327223372,284.2917949135853,455.21832710265494,0.009026171851918813,0.6102432742523487,2,1,4404.590129759221,12431.781186964388,0.7815930257174866,3,Critical
30.705873914343034,1524.3403242959234,7.802302726196185,37.7129734338593,59.191101555749455,0.4893588924478935,0.7768996558795831,2,0,827.2099580437548,8746.439311639895,0.526595477339732,2,High
41.403538563898515,1858.7253771646558,7.180926594133123,301.0715550056418,322.9429879230113,0.8903512906974869,0.5515775023584555,1,0,631.6275249018665,10150.984843789676,0.49528740830579204,1,Moderate
32.70948968514875,386.32423800213434,-8.465452561435882,146.94950945427047,388.0556478655971,0.780166920977801,0.05956657537573218,1,2,1538.3928287001575,19865.11513491611,0.4391962173518221,1,Moderate
22.084931965643825,3447.5580476787845,-7.872231891718453,94.61628943645994,429.32081060656367,0.4524180934520448,0.7058462540441491,0,3,1899.9187269538058,19142.959160691098,0.4552619361020646,1,Moderate
71.13399802216175,2365.784835962724,-0.09656815506667371,207.2700300673118,445.8492095803897,0.3923904456441662,0.38315455883526794,0,0,3996.88349093326,14146.341440486083,0.6523333953889878,2,High
57.270434561982064,1070.3738327756364,2.184453255387094,295.9858460940242,356.9596426690882,0.8982233680089196,0.32028500121910985,2,3,1945.9169255656434,3229.5905387796497,0.5543947809904567,2,High
10.50848818248394,2091.7485403318306,-4.501833250355185,280.3147743869674,172.84818300383216,0.40213686239728313,0.9916735495337348,0,1,244.1058317709166,7199.201679750684,0.41127920300912146,1,Moderate
65.13509819234346,472.24004463457953,4.335954333987413,320.39909372920755,568.2103638121007,0.26212817415538836,0.5903997659597278,1,0,3179.808399953059,17661.764481736514,0.6816553965679136,2,High
36.55733986871353,3383.844673945784,1.8983204183774305,334.12758696555983,433.16655721501405,0.8005110893528757,0.7107190732694113,1,1,3356.1051171500417,8471.318323583699,0.5399988437802941,2,High
67.09141701705686,694.2689588034442,-3.503517805028906,85.72394571398983,180.2620202781752,0.057602725456217085,0.5263261369356483,1,1,4071.104604160518,19107.352987525668,0.6014922346569703,2,High
59.98914419604864,2303.303081387728,-9.492570239153688,152.5888419009378,227.27700774865008,-0.09272141067351013,0.7699726459516527,0,0,1994.3304033056586,9766.035665180572,0.71194889258162,2,High
31.89101283519251,934.5451726323635,5.003005625970353,5.2662741138252045,557.0602188467034,0.49749903779801335,0.7520727354999752,1,0,430.3553810383853,17235.382684102533,0.5907976906333765,2,High
1.6851981240088048,2539.7087010050213,-5.704926683498346,316.55579733542163,538.1168526890347,-0.0945654028543761,0.6571461156801605,3,2,2765.311388472763,707.57799055996,0.5391551067719232,2,High
20.150801953870957,2741.1926486169555,6.689474869252567,55.64597453091632,272.8305410969493,0.21046339064825614,0.9977430614437768,0,1,604.986912887533,8683.273895855496,0.5003309784489588,2,High
40.62256609956502,2389.627078298871,-1.5941947989148968,310.13093244336994,71.06897209529804,0.2659351241398926,0.4597935340831377,2,0,85.37661512154959,14005.237014983128,0.4508367759236504,1,Moderate
47.51086648696104,2189.2981648676546,1.5415488526353087,118.5794359151747,76.673552891666,0.4022918737541565,0.706192348298155,2,3,3892.917359256728,17271.290646864854,0.44746733609863165,1,Moderate
19.341576407490173,3134.3949194368397,7.458974608180039,132.52809239320976,206.15506000511397,0.8908255003227588,0.7977779628049182,1,0,2017.0530016919201,12192.657856424556,0.47941433404218736,1,Moderate
10.45170555546181,367.3308173651773,7.272460018399066,14.087611614189374,396.01722063644974,0.04307989566649886,0.3760347095945443,0,0,2625.02586031218,3465.2405188223765,0.468189044739426,1,Moderate
62.619767759947436,1225.1102036526636,-2.5696084951285343,117.67636431551506,371.307049434009,0.21333201635760324,0.4571750275536186,0,0,3314.24601384267,17715.883304651743,0.6456702736739612,2,High
73.83016355276641,944.1774307448762,-5.822222145703138,319.81092580845507,398.6052828191685,-0.05453586314827619,0.9691672663905854,2,3,2005.1383335561918,11496.263253479143,0.8505174519702224,3,Critical
39.42676367270144,3459.2474710224333,5.502921554571893,9.19706440377749,444.50563456265866,0.4683748786365582,0.03229101712660809,2,1,255.65796238697868,2160.3636350142265,0.49425889122157196,1,Moderate
12.875946438622762,1423.9252508673699,-1.338395927957377,146.2778902968211,60.46773947600613,0.6004405005386169,0.3352956539609143,1,2,1263.7182885398029,9276.935547796693,0.2521321330635069,1,Moderate
20.42304948895267,2590.883177417356,-6.159160128819918,11.303866732586808,107.79707734484359,0.3302845055594668,0.48621296233866995,2,4,971.7059566897274,13978.867870525915,0.42777104510909814,1,Moderate
1.379300741060005,2428.0655571954157,8.088506846343005,133.5324330392634,247.71589850496696,0.07041439511896813,0.0014649930691902346,2,2,4886.9701041213275,9020.314926327586,0.38701844557846543,1,Moderate
68.57241049203742,821.0762074230843,-6.037916115178252,62.150630680904825,135.17299863686998,0.4829770960999225,0.8991271010066118,1,0,3697.5272701272993,17415.802145291087,0.6503401742048656,2,High
8.831331216760585,912.5921127192745,-9.483856636175378,90.79862157661393,91.42602339950479,0.3930734957057345,0.2862444002121587,2,2,2257.7499913159627,8473.886291215438,0.39259744690985277,1,Moderate
43.23873566356902,1056.367516080316,-9.5944005246516,315.93541433811083,402.53041779853254,-0.011695704255910488,0.2577048321094443,1,2,316.83698228757163,11669.053790663222,0.5993907092209203,2,High
20.55414155154045,1497.8327460818894,2.4463071290852856,156.97771942388076,498.4350626201045,0.24625009055234331,0.8203261953537418,2,0,579.2526123913527,4223.40872003806,0.5849744457458246,2,High
41.5633501886845,896.7052232117911,3.233501214350607,98.56727690468838,463.94466158885535,0.27871680079871447,0.27798322850247537,0,0,4064.4978463570737,10253.72700090223,0.5084526563210221,2,High
48.856529126389816,166.81504133928252,-3.779165898860322,212.1618160621972,499.37187823504854,0.8808795291485763,0.6576225939020224,2,2,4727.245469185003,4457.14619865458,0.681253194660962,2,High
62.230635278040126,3089.9363931444645,-3.5997802150587326,51.15850553972965,416.22109923183245,0.7342144153710741,0.8215031439019592,1,0,156.75092237664222,4503.742958989181,0.7148385872990346,2,High
15.48159538204524,3383.0734266950058,-3.210121698801145,93.38097867150812,454.4399269978112,0.6078078671009532,0.7924768477103724,2,0,4551.985613441379,5598.050844864839,0.5206306127190069,2,High
0.8246871493860358,1261.339315907331,3.603170935177573,196.64926833703987,199.47832581456572,0.7776547280532422,0.7819507374259289,0,2,1902.8185669299596,883.9853489535021,0.37532993868622505,1,Moderate
10.266422255160546,1250.9233900466077,-8.837324179463428,85.50829506530478,596.1544199562904,0.6090328464115866,0.08863756986523486,2,3,1068.1633032683696,3266.1928347953562,0.5442056613115338,2,High
67.50139813860788,124.11216343286135,8.582327053826514,244.48598546431438,150.7411099716379,0.7937420406383067,0.0798469675723642,0,0,511.16178706595184,8487.212506661226,0.4563254748924916,1,Moderate
65.54175581718864,2412.8523403232716,-5.549579116451071,176.9368688134281,167.97163091416036,-0.13999157363254122,0.3067700357373875,0,1,3858.744709765974,2621.2099741467187,0.6232628296750287,2,High
44.805982662773125,2906.4956455453375,9.993464104841845,277.9160652916887,208.90700749871576,0.3016728301936082,0.03594788119601777,0,1,2344.5524259090685,2667.695010341615,0.5094859617996244,2,High
45.038764532524006,598.4682212240107,-6.56954612425626,341.3680328600887,586.4328365586184,0.621588168766017,0.5004297365192644,0,2,4162.118909676284,19358.636567613536,0.5307617428764663,2,High
49.877750590969164,642.8655878483125,5.43092914624755,41.68976016506679,593.5587241446483,0.4416253762710149,0.3947820662702183,2,4,1130.7857671248105,8541.947263944125,0.6416237953760725,2,High
13.15284589675872,2786.2830499028883,-5.531749101407499,120.47940359443615,487.19156233857365,-0.007317219434134659,0.5570259125431491,3,2,3392.840184162123,8074.653992447378,0.5342396455119596,2,High
68.58089594437199,2195.388544404092,-8.38306396713492,115.03766263622636,395.98167920779855,0.17454129518138767,0.29878853866969046,2,1,590.6085243306403,5354.713096799657,0.7338336045095499,2,High
31.407789366905483,252.52589593423784,7.498666487012976,54.42585096141153,336.0344163515374,0.1495518125293604,0.48575400299042704,3,4,448.7534206738486,10248.943182149365,0.5801526479603557,2,High
28.735389618712308,2216.6597675717576,7.175025183817837,291.7091294400495,583.8414651277651,0.0874816045027696,0.33474476585905377,0,0,666.9992518087575,11921.298033161063,0.6355372441005773,2,High
38.91882789621282,1150.3202576688045,-1.9285921510079724,273.5563334539644,432.5925415720361,0.1774491088653627,0.1952080922233086,0,0,4044.506502801536,8363.710439189856,0.5164444506241173,2,High
3.5224475081291287,1353.6655286008763,4.047922850808536,174.39316950038364,569.6015705793166,0.3663386173072331,0.6493666811378149,2,1,3278.0986771631997,7876.1703291016975,0.577614511591028,2,High
12.471252656705955,2717.0868222093927,1.1413186536783435,193.59748000605944,224.10293971269314,0.7403559272616036,0.6734359014991852,3,0,829.8194596682912,14008.533672881098,0.2707123265415818,1,Moderate
55.35252123197778,2857.179655086876,7.059122273474976,21.43588968089865,233.5761357482611,0.616235928633132,0.8292316927497501,2,0,1923.8610534259271,18995.53401772237,0.5687426995765752,2,High
6.209900094384485,1461.2125312554242,-3.698880613626912,199.9826468377364,520.0985267651396,0.7187746744178571,0.8747517831537248,1,0,3818.430048782284,17556.441419651725,0.4500280034550531,1,Moderate
45.23640820997912,3320.3199824216063,0.47344799997970455,284.8829486470691,132.4202063219119,0.7719641190193951,0.7044619043679154,0,2,1428.3719470694361,2372.4053381077815,0.3975803171532345,1,Moderate
18.40118322609907,1481.9732410370457,-0.2925525759089904,206.5779264901886,570.2603237128417,0.257765501707368,0.687498086697512,0,3,4606.318561565479,13046.17340734479,0.5100239923413095,2,High
29.197171053148242,2724.2425197823736,-2.9218834748628257,95.5102932433508,329.1108950648741,0.18062891242942192,0.0566756653364725,1,0,4573.013956751286,140.95225002020985,0.4384654545564279,1,Moderate
21.65203025780249,1745.1826995184808,7.829101291127444,240.3173780403614,559.5276332210337,-0.136614280147422,0.10977924145817153,2,1,2764.5041284736176,12661.835547016624,0.5991802645326806,2,High
26.675453734871184,3151.6099101750856,-6.68244150674929,130.13583478748916,235.2360337991972,0.8235407840640778,0.8125627103908734,0,0,3159.871345760574,9287.071778498657,0.43867485846126275,1,Moderate
53.92844288881841,3186.3882284106076,-7.009827209586077,196.1543823428647,443.77739727666835,-0.12759468026804166,0.23295126162363156,3,2,3266.0917669391492,9822.261046876662,0.658536526818211,2,High
22.284128671738127,397.2171467616851,1.5381907064550262,175.5235307804129,315.58131708497933,0.6152490669075175,0.355565060217083,3,1,1292.3422887753782,11760.512157042233,0.3703374237082324,1,Moderate
42.480348022267286,3284.0773264547674,3.14988459969884,137.22300034746482,394.74199663501014,0.21591913491214593,0.14529735367587682,3,3,1826.606943619935,14853.10762577839,0.45876102165754923,1,Moderate
35.703780164932475,2906.8184611694132,-6.107614913508696,258.7960729418886,327.4048712265337,0.8436588519491051,0.195151968574919,3,0,679.7055524494233,14589.156052958888,0.33992043434534186,1,Moderate
49.77533740219861,2790.4564286630675,-2.185651154907518,318.19540031491744,581.9135895542488,0.26156222302754195,0.7754172353702062,0,1,4624.356708269345,889.5806309336151,0.7041010096750112,2,High
70.26223044935685,783.0985549307763,8.931276859574876,1.8765066516929796,430.65796879765446,0.6982691864901882,0.26185961951553827,3,0,3619.2471934777604,14729.887726029867,0.5442501485424428,2,High
54.94290729076877,2837.4053097658607,-5.06765154618652,336.1019469229322,188.2254327444735,0.11092031538004427,0.44903496626419015,1,1,231.78133166323778,16596.31961338308,0.6010750236356102,2,High
16.120528394306756,2990.4512979291253,3.3672140423478822,184.14544898996098,550.3223070477965,0.12899758896823132,0.15167137305923928,3,3,2746.937250489583,1363.4524887120492,0.5010968214956797,2,High
2.3387351295963503,1083.1111371441132,4.802987873951816,252.26347693077545,211.7163559853074,0.45507135086627765,0.6779299063160986,0,3,1715.3686736897967,6458.932013553726,0.38563803387659706,1,Moderate
19.66980332248688,3337.6842664319006,-1.0374260106968087,308.0248438233158,254.38280461547095,0.8977808970782213,0.7282697341334762,1,0,4076.4393853070455,15841.281536640612,0.32701141328224825,1,Moderate
44.630844802519114,269.52449775715843,8.75051973519166,168.15732923313718,106.16803391111736,0.3693296597771159,0.3616923178987138,0,3,1719.0004391675639,9862.136314034047,0.48096353053568625,1,Moderate
3.8569360113187763,609.6914610402748,4.733134704375811,300.5906664113605,544.9815858879049,0.8299395000326197,0.7847466461227506,0,0,3220.7506230044746,13897.82137619912,0.39436491017672165,1,Moderate
37.22746854009272,1927.7758693751487,-0.8415084027820434,63.9431350038728,207.36161277532466,0.6648748110736007,0.23990665192212646,3,0,828.7016672828629,10046.31615196269,0.36506167765079406,1,Moderate
44.76321366876669,2057.694401815853,1.3867040355218805,57.300312412733206,192.40468986226028,0.6754507455949585,0.6919038621001561,2,3,2793.7774482452937,19564.448996163323,0.45210887165889724,1,Moderate
25.06829181127206,2293.5102832230714,3.852268868502014,236.68969278821527,556.1444288972247,0.27955598804164056,0.729964581420454,1,0,1469.4286627677461,18723.86145732723,0.5591406933745551,2,High
57.81841528093664,157.69503967258595,1.8438036085843645,313.25148199862537,493.0397743227683,0.22519647519008074,0.9686573777887763,1,0,824.4421118125639,5622.904838123981,0.6883282536366909,2,High
7.994868985032885,3365.247033715243,7.573951676521517,321.2734239129742,127.59340683565593,0.011113988899896926,0.23232166518671626,2,0,3096.29573468228,7717.69643486988,0.40542591471652395,1,Moderate
5.635333630185658,251.59951529608958,-2.862226754391976,231.74656501580876,473.1284771470244,0.8603353936820191,0.09371048004275273,1,0,3193.206000076879,8626.919956706372,0.2652021844071463,1,Moderate
54.61415671527025,586.4106392595681,-4.002285198883902,189.17612287535428,552.1682039295849,0.8553329736882023,0.2630354222897866,2,0,4916.768905668933,2084.0866588716976,0.721043237454502,2,High
37.161848715464885,147.64935958859374,-5.723222210094714,119.30151157074583,93.18117001590915,0.6217745077412011,0.12286219658211905,1,3,3345.5302983055785,8081.498937588923,0.3898763944623147,1,Moderate
51.6301797320802,2027.318673199922,-9.244340638708097,352.8001496157593,503.8682471975152,0.12587769483793648,0.16969430849430966,2,1,2578.549692635641,15496.95642373255,0.6772857643900321,2,High
32.61205039528097,3269.7074053313054,-9.139720712398894,115.09044719985017,351.0810285301808,0.0696974943765104,0.3341145118559744,3,1,4563.104215423748,16937.925628982328,0.5314999466476529,2,High
18.480152492933012,2364.2203646735784,7.401103862185657,267.90699860337355,418.0585971583404,0.8874712666256594,0.41399074672200087,1,0,4141.404093442279,17722.65500876522,0.3618322265748303,1,Moderate
61.432673825564976,2897.035392833453,3.5678629281181458,191.51344796580025,321.0698863977153,-0.12680290338100475,0.9037242257513796,1,1,2743.7313922008934,291.1800034294965,0.7272866497059152,2,High
59.95619092267344,145.15609175917228,3.2106483087297217,219.0644433091248,433.79169669790326,0.72792072135544,0.19561577150002107,3,2,2556.7453887040365,15776.120774967168,0.5326834458681429,2,High
52.10223531408201,1942.8520148310686,2.2928563786977207,141.65299821190544,68.75382391671427,0.19100380053072213,0.9717589759212162,3,3,4709.845928579384,10052.553689704691,0.547607448608889,2,High
20.4108852922472,1662.5141235187743,6.984382893882099,347.3363251700092,469.48869777280606,0.2607566916999426,0.8101532098961717,3,4,3085.635219794654,4123.182896572781,0.5462450058724183,2,High
44.26730001518153,1796.4910103506963,-0.3946614866874505,205.8056373957376,68.33903382242713,0.715175413623721,0.881471389893441,2,1,3568.8958458475345,9974.90045022872,0.524719013833329,2,High
27.07304227050201,345.524830139639,7.408216571166008,337.6035469651644,300.4149162610389,-0.10033668239410617,0.9294439897402434,1,4,433.3952107360156,16885.20933363585,0.6001574925914948,2,High
6.868655499497561,2427.0802276356453,-2.811099476355217,2.732909822609084,133.03074622166218,0.1895866463722829,0.7532411971411207,1,0,3591.5281062462964,8684.987355212521,0.4081593499813802,1,Moderate
68.7985181596682,1810.9494105193571,8.53415008678181,206.16140994880354,502.96585254321894,0.8472267048865305,0.7887798316170611,0,0,1323.409211033416,19809.22161198048,0.690974125335974,2,High
10.261397318922105,2701.5060895282977,3.9731396016248013,258.1872803010977,222.5135000466177,0.5689725040483822,0.43781829660561955,2,2,577.6896160314587,12333.663693370101,0.35535342393608205,1,Moderate
71.26780153656019,1749.9881558098323,-4.856457279511455,268.22886161839847,299.7514495323829,0.6304330812864796,0.510450234676244,1,0,4248.3305440265485,9795.273382914835,0.630046878986192,2,High
33.45043297184668,607.897563169869,1.2816984337725028,325.7916774414053,285.81290771407134,0.6332558310510241,0.9324854267666343,2,0,3455.95543326373,5897.786557347018,0.4909490189303841,1,Moderate
13.884969662896474,2304.073643864595,0.6606112297651112,1.58457924136306,474.8760811265886,-0.13337290851966105,0.3782559115526495,3,3,2037.821561190652,221.02125278062212,0.4679856105852078,1,Moderate
40.64257105337686,686.1136311575651,-7.242023565393321,0.11885733341151727,314.6293978877865,0.02352835258647426,0.041947073064207197,3,2,2157.0836310403324,12210.967133786087,0.47677004753978475,1,Moderate
65.47093769073062,3066.1415154063707,1.8248581150122831,170.0148458862775,483.9270842556903,0.34038958168933303,0.7627543854747729,0,0,985.5886110490819,11549.910927127354,0.7028112925084117,2,High
54.91686648071709,2184.595212835421,-3.704287525660841,10.545733801933434,90.42955224147138,0.2049652557229127,0.5731575117175184,1,2,47.75497733137624,10336.287104650512,0.5592310826489282,2,High
60.492086089608726,634.4932040936444,-8.953024663807952,350.8317193184548,155.3766823466473,0.2520035224461389,0.8148759623433116,2,3,1746.7956978468835,10754.089079573261,0.6646932274076156,2,High
49.4087525033038,3371.9493954361033,8.973123154131297,79.94346283490111,353.34383730549837,0.6595921164882399,0.07555126661096212,1,3,742.0717984129277,16870.447422879286,0.47255994915748445,1,Moderate
51.920742338838934,1862.4425753400901,2.8298073812857556,170.15930257134409,570.8985786139823,-0.18385284142549121,0.6212319904757898,2,1,2108.6339784365764,6337.398492804616,0.8322891145529241,3,Critical
63.689673867398945,347.854736363627,7.53837863741694,22.0095468044005,91.11681569697917,0.5265411189533626,0.247705887990758,3,2,4169.125439649792,11005.078880004143,0.47966565571214986,1,Moderate
18.725100664438944,2231.2318750112286,3.521120100265062,187.93742982165307,73.69631888627538,-0.1998787450179953,0.903268594494484,1,2,573.7718170135986,13598.952517170927,0.47008662972058884,1,Moderate
36.70687227323553,960.8762838435548,-2.8603261571977416,136.78420505306707,136.10287121032064,-0.13063562186613192,0.10990993974174568,1,2,458.76801068073235,4196.378538571219,0.4913503959511579,1,Moderate
16.590708136470166,2832.5577363828284,0.25376144657622746,16.07761039580055,402.63422087308606,0.24911473182138638,0.843069272725063,1,1,4510.51109982781,18496.388300940478,0.46623582302795574,1,Moderate
74.07510059974852,2880.595050125048,3.514935206943541,120.64473601064091,269.44610416863594,0.7250433717853035,0.08855425197191036,2,1,3725.6978121916163,14742.450495478215,0.567349079107096,2,High
70.804450476496,3428.4210099058505,9.20504650402875,140.91696728022802,504.0538086797274,-0.040504657879093464,0.025097355496998097,1,1,265.3493280879504,1065.9080031214696,0.7463472259686081,2,High
2.9570108526379424,1806.3564054833125,-4.92661081756607,356.3717368589784,89.56323331475119,0.41008355004147273,0.2350594300419223,2,4,397.85242628791906,17302.133958758583,0.26442551172321427,1,Moderate
52.91813793867664,1646.8533910743063,7.499541172482353,74.83891389097516,158.02774774808557,0.5463557495094187,0.3330445409266838,3,0,3424.6211407446376,18597.402907202424,0.4602910941502998,1,Moderate
69.39362380617494,2661.817058518034,8.481556105885389,196.12066153323588,215.0145230056926,0.0524861725893766,0.6265287718118712,1,0,1851.7210107384308,15873.4009644751,0.6073737004772415,2,High
13.543150884550014,550.4002315625503,3.408310293179131,355.4335977115063,394.7015476788319,0.36356328079654127,0.1317245973610538,3,2,3620.866477722211,8524.492033873377,0.35212824920645863,1,Moderate
42.59589229144721,1959.5127468966223,8.625332548026755,285.12691485844863,426.844979665851,0.8025480114520116,0.43732993359107497,2,0,2022.2703465023883,19887.53799435571,0.5890162306661145,2,High
68.66162231910315,1957.2418404448931,-2.0424282504526303,357.612300317552,118.3118116800756,0.3634513779020861,0.20426360210287375,3,1,4838.933436605838,2488.717988218221,0.5329542349811257,2,High
2.5459483939349132,404.20861755531655,9.060323520808854,348.5873932776609,569.0925899454568,-0.026944632033587212,0.8553033215470632,0,0,3472.0830613032554,10732.116827071508,0.6222340508377237,2,High
52.306520043513,1521.1458907235062,4.055657543319498,176.23423515389555,237.57427435461503,0.4905957263562993,0.04496650795130497,1,1,233.07882422837434,3407.8160814507896,0.5301175129378218,2,High
22.301175552941306,3001.1683151284865,-9.159884651623763,250.69530595340368,442.2428196501557,0.45142019800936545,0.3559377266885211,1,3,1652.508874386831,8786.976056924404,0.5337225838852303,2,High
69.32971465323978,3010.9223147818448,8.137456636381057,39.7595256988144,338.3142454212343,-0.17034976422205567,0.6313740799691089,1,2,2818.0309306801464,18548.4861325116,0.7331578314790216,2,High
72.82936838740258,437.4080607269154,-0.3105438193361483,158.81357701684868,172.51696245090864,-0.10034615367767673,0.913088178051939,0,0,709.3681910017868,15885.222568033329,0.6244457132489936,2,High
70.81998668350754,408.4510013426249,-0.793460304443343,291.24667521601106,515.4255777134761,-0.027540509344888137,0.8679934226938952,3,4,12.601500376478448,15641.6388306068,0.7597742136446578,3,Critical
35.566066249309785,993.16462180658,1.329332119592685,181.92071555177162,500.03091550556144,-0.05008201468194309,0.8951919995171636,1,0,396.5406616085815,7077.076019636428,0.6770327103495868,2,High
64.65319882419851,3074.204612683578,-7.012309064575442,252.97165181420348,267.8395196541795,0.08541234761702643,0.06285329368298209,3,1,2621.31738848084,18685.40354887081,0.5245076732227016,2,High
63.34120489013028,538.2687892498964,-0.6166790286520278,268.4704787943397,373.7341721316205,0.2995158555591248,0.8409232614634595,2,1,3161.275454427855,7365.218613079858,0.6886012803938202,2,High
23.932535493244174,2547.9891289333173,6.622544334354913,91.2488908474418,191.80413276476685,0.20888792768888287,0.7799125785441191,0,4,464.5168784710624,799.4687143987522,0.5038212352647684,2,High
62.168660561300804,443.96310668455095,-9.690350817249694,315.25177425932355,429.4183958104658,0.7797148805450567,0.9024316492756189,1,0,3325.782619528066,12756.025249219285,0.7583243635550099,3,Critical
2.7755726036619466,2218.6687027426065,-4.5416567935125745,165.53607512730443,219.96474694123728,0.4733203503469708,0.31157626725800136,3,2,3085.620786273379,7252.952330517865,0.2991844941629367,1,Moderate
44.72024088615398,1310.6288170050923,-9.950908271123115,75.66663730375575,514.2433039102292,0.7637587849580274,0.9117651062733667,2,0,4699.484910056313,3074.4977647103224,0.7506667099642349,3,Critical
17.25066279657773,2782.307474083948,-1.6857738170030334,311.54971744383977,169.56180735250086,0.3797432574093588,0.4026410850864478,0,0,4203.377457811351,18693.16124108183,0.3129318963273741,1,Moderate
9.04251643329591,894.5475260062362,4.566310209874693,150.41477019825132,58.14188255015527,-0.10114248224172605,0.6340996855258,3,3,4716.209318694826,12744.790680684868,0.3719564313586459,1,Moderate
5.771490122190687,2273.2862199258634,5.97543658229257,270.1124778166991,197.67942308235516,0.3096161939730783,0.4241789912069983,1,1,4830.538115783831,18810.593790204613,0.34356703567983815,1,Moderate
52.22165819086048,901.3206175580088,8.903795222540133,197.29190599977346,155.07886755271767,0.7042358015266015,0.42764843051565116,2,2,2204.04267989811,11659.573645881637,0.5530419138047222,2,High
25.49062228260496,2526.4449625813227,2.17009225941573,137.47383080442015,329.55754184870835,0.013514143883818913,0.5466370187949016,1,0,2439.5534063900536,1277.2731925154446,0.5150221416817481,2,High
54.35750786465711,3070.505317506546,-4.907462666942091,291.555509413885,162.03681041111696,-0.09966429337208527,0.3559267096208225,1,2,1408.109841445505,598.8102742075218,0.6421558717202508,2,High
4.901725559920678,531.1261170309841,8.48295898273398,210.4091753920607,469.7544288957221,0.16237821217208614,0.7927369942692357,1,3,2542.1620129741846,18011.228700045787,0.49661034470813886,1,Moderate
23.646775337295775,3046.425341224712,5.506315077607521,140.60235687373142,182.75385090220217,0.22778761370415357,0.6336387354152389,3,1,753.5734909960595,774.5587375741603,0.532004809145601,2,High
40.461846928150294,2118.1558650086126,1.4885696600628897,39.45523332064573,438.83249895196064,0.13688344404649483,0.6897557615389457,3,1,3357.1548037909897,12303.51594365559,0.5729205029065891,2,High
59.304237362922265,532.1756689478815,3.91280431437872,322.36031295601487,368.1590076575482,-0.051235135812988414,0.2310348002217636,1,4,124.6626733251477,5959.5161488472995,0.6422671292830452,2,High
23.906437719905245,1553.6423082230208,8.486327100148582,12.76905072299996,592.4374210595364,0.075923845693886,0.9695752884813924,1,3,1178.1387814277489,13753.162782059346,0.7111024837931836,2,High
46.941853232775685,646.9249978493328,4.247880569458433,310.7474454125002,599.9455373550774,0.5505106450623214,0.6601760977729654,0,1,1040.3584909565755,5694.44857434292,0.6196496372846275,2,High
66.44833111771403,2481.1828221463365,-2.63250984830532,129.58614895793596,528.2393458245315,0.22452136792248034,0.19719586453039162,0,2,4689.44535711027,744.4434089897989,0.6904095657940889,2,High
46.18973911367284,2680.1516570210288,4.260564045781933,230.1619548605061,467.9908531143131,0.4958043890804114,0.7504902434710338,1,2,724.5087585392457,14616.769455978294,0.6212851545837734,2,High
17.471960606522533,459.70816892751645,-9.194436745292244,331.9919005808467,262.55102770031556,0.38993415791060576,0.1737141032076227,1,0,4453.877253915471,6218.052605270898,0.44269611488488436,1,Moderate
1.8300586167403514,1820.8754991617907,-2.2716887633883758,54.61438158140343,464.30219992221697,0.40395823384343593,0.06338489629950839,0,1,621.7911068408189,11015.978545197653,0.28347335054540823,1,Moderate
65.25741554256975,2869.725190488118,-1.8735393630884154,204.10217122997167,576.1715453937198,0.07340451374257562,0.5275533961458343,1,4,3253.489931402312,15477.316398703993,0.6879782930039404,2,High
1.5952058137790353,3282.9543412733883,-6.663235311583307,275.19583045326914,62.85766646749429,0.37369733604499983,0.5535239541623472,2,3,1599.4298408666907,14056.46603660011,0.27379978616297246,1,Moderate
65.60262545131495,1845.9607469220182,-9.538290388964597,272.73017977886065,345.8530851087563,-0.17404581475047806,0.18896557473159858,3,3,1580.011842734958,6971.422104092948,0.6570604892629269,2,High
39.670285052040896,3330.949360278784,-7.332375267245144,189.22748925582144,169.89906741363905,0.2749181165574188,0.348378944292159,2,0,4991.355500607326,14956.533184525946,0.49600207329224955,1,Moderate
70.43007738846721,1921.3424995505013,3.0924299159411017,224.9062055663249,356.83197372786776,0.42988510550890663,0.9457692956786969,2,4,1130.2142889646204,18513.620140501713,0.7027881400489463,2,High
59.908742683024904,1440.247681639687,6.0457763272737495,272.709717887824,306.5458993673901,0.00019518348952021758,0.2850032320874899,1,1,1012.800339672213,12199.49185032089,0.6155974242215916,2,High
74.84505829000031,2983.8906370798445,9.764069854539482,302.76994959266824,366.6727198537564,0.08221435687384654,0.15556806076536867,1,0,2946.673745489818,14070.12121289087,0.6981559959944205,2,High
26.30338615887826,1776.1412155575028,-3.0727299378301147,274.25271487531097,353.0292217802983,0.04148412179718136,0.992561958665454,2,2,3703.761985142865,17318.162793607527,0.6215837540099534,2,High
57.539121669834515,1704.4685359193784,1.9875844452220353,127.44177954524736,578.0588715427091,-0.1223862492080334,0.30230553638046676,2,3,4912.522617617238,16872.812325585568,0.72990463644335,2,High
30.14481852069316,1767.0624639934163,8.74289933630244,358.82150438078395,353.7023599141048,0.18264305325409907,0.6802536731460787,1,0,3507.068871187304,7032.026549715651,0.6236040485488252,2,High
35.990671522793164,2979.069006357134,-6.659164373236948,156.42096973894957,515.427648468677,0.8768623430971336,0.23156018143926638,1,3,2809.3553312520476,19834.011935527862,0.5043659501810447,2,High
47.06290974137776,2928.601241739377,4.3529117268548525,8.80729299321603,225.90115774046558,0.1892684471099711,0.5501211969863894,3,3,2045.6585887904382,571.3200009410135,0.570979553357847,2,High
65.52578356397541,1471.967974296718,5.0995746629832635,130.54210257076633,290.9553788350769,0.3065902840206732,0.38628198660961555,2,0,2975.564044863332,19734.15143537526,0.63030767272824,2,High
73.80626018994714,1233.219523559785,-8.220489282613233,46.00186364658357,308.72741182464546,0.5183959760520127,0.9615792611591886,2,3,3004.1749837634584,4919.942667732164,0.8462397288852687,3,Critical
57.620506039838865,1772.5552817330395,7.224987703661302,43.719341662215,203.30042383445883,0.5133475262860179,0.4328058745504877,2,3,1088.5574693216188,8808.741009104957,0.6365357027478391,2,High
31.332508662550033,2047.4265331061706,6.262100942216875,101.35261443848196,258.8846438128754,0.8448844780204867,0.5841741841817242,0,0,3356.042807669017,17673.774756494284,0.3437225579333959,1,Moderate
31.601775170780265,910.3465161351896,-9.331939868451311,19.215177903813903,379.18219370672637,0.7433205544390378,0.9447662659001471,1,0,1022.1189533220204,4886.576770548368,0.6008250297262294,2,High
55.31867261916686,2799.447288033008,-8.17831170239897,247.8643878274427,369.1032698174928,0.6733457558156675,0.9892342999379551,3,0,2449.7741169767955,4495.6327018011825,0.6029154442607644,2,High
17.908285932622675,1754.0414034902378,-9.017462122162954,26.635998312685828,400.0394395154143,0.8467899483561419,0.1016583640049965,1,0,1299.3475631495617,12862.175243761649,0.3197531075008791,1,Moderate
8.2855584848546,1235.7548646278626,-3.305129364012755,73.18423995694423,243.4998534810776,0.0538419240314888,0.8343207120423889,1,2,1564.0051186487553,14109.010511905535,0.4207772564732763,1,Moderate
26.59666182305824,463.19137607756807,0.1857798135985238,33.44389721788298,223.70732233418138,0.4787596140839719,0.3821164941872488,2,0,3069.3850999801493,149.4136840205451,0.4562408413004893,1,Moderate
21.54292437405613,912.0735453722635,0.6469545590925758,22.740383125091185,386.3898355147897,0.7759164433943719,0.5948287062056128,1,4,322.4255736890014,9008.884719515736,0.4132784087860413,1,Moderate
22.223109034199258,3327.5559839703446,-4.646664804611147,96.390599594235,123.07396163513873,0.48655197410591206,0.3750480789552455,2,4,60.174076621137274,9782.179557612402,0.339411199210632,1,Moderate
17.520581328743244,1137.3389351863905,8.231937731205484,205.8836283577332,189.167348942677,0.8751625220675565,0.40111620565479233,0,0,653.1000477382182,5436.703994439083,0.3836201599121562,1,Moderate
3.156989222727141,674.1215838479201,-2.634744202561736,347.286800320863,73.17025532414736,-0.08961201470298309,0.15885753598511154,2,1,843.5348903724877,10922.194292578095,0.29438043883042275,1,Moderate
1.3405451050060357,1666.2874916269768,-9.08899688069295,315.2003955658583,89.93596892784407,0.2832635530725204,0.5727664584278659,2,1,989.3648402281697,3091.55211344313,0.4443960407055722,1,Moderate
74.07917923020237,1144.0983274248456,-3.9954577691722726,315.3362131603169,183.86080359333488,0.8750991986995,0.5467159459447247,1,1,3869.6553510723993,6472.116037147977,0.564234870142665,2,High
32.082985030189676,219.5414509220601,0.6221884508831099,63.38413297355674,60.741104163305465,0.21752483142691836,0.18935578853839985,1,0,2234.289835189393,14264.784671090969,0.320375327057809,1,Moderate
28.824498536976126,1198.6937387500186,-1.8355635482353598,95.36658965921524,184.97582564810384,0.6135120126092348,0.5417304293339414,1,0,2349.680669221361,17475.73075738608,0.3977317821415581,1,Moderate
50.97354620198024,1949.9693213941932,-4.523149618014816,27.501594046310053,410.2369776841143,-0.16655680881348592,0.9731018826310861,1,0,3221.6708142777175,11787.579234264109,0.7142235903626504,2,High
16.369041589879814,1975.8220648678875,-7.373535004713652,280.2486023694666,83.60889315791317,0.5643208260933443,0.7144085958537897,1,0,3645.543842064238,1496.890786823959,0.43464446967919224,1,Moderate
71.2470887962669,1312.3003320014216,6.383290001924596,25.133868534802303,290.20517278705256,0.8280894057803365,0.4809825595833519,1,3,17.541747767180205,13574.917395300834,0.6157088603667231,2,High
58.975876081166405,1620.8293712588422,9.922904842483838,200.41044149550717,552.2098328057522,0.22097691370900302,0.9160839855813753,2,0,4283.626679025848,17951.956417793943,0.7647545500352082,3,Critical
6.705825173419464,3382.760921998206,-3.4091573295223583,89.23520603662227,485.20665590897056,-0.1765701782803776,0.5753143565053058,2,0,4942.174236370542,10086.28085993364,0.5735958488146496,2,High
31.318558183869627,1382.9848225830594,-2.3675791164679216,87.64042825034811,217.99062626217147,-0.16929921516496776,0.13504799872780338,1,1,609.0371611921086,9873.839322061307,0.4120025200254503,1,Moderate
65.93387306716235,977.9711650839421,2.3607504935391415,356.66101988913783,558.6430135554058,0.7812256362821979,0.5475096478124564,0,0,3255.402918284518,19828.27158904577,0.5589982439315907,2,High
70.85490167185577,927.7879498269845,4.368829494710827,272.4407305122735,231.30557321124866,0.5947677178058881,0.1809731153658678,0,0,12.068772004882323,12725.955750920859,0.48953636461415356,1,Moderate
35.05511334374023,1656.399683194056,-2.159409303928175,301.29816898477804,89.88352298565937,-0.08264497735076219,0.7675048387476743,2,1,245.1474308729118,16120.578033323336,0.557004622309115,2,High
46.00585419080308,2682.36850563761,8.098590339636303,205.91376672384456,596.7307762224624,-0.13995069524368378,0.9671742142947083,1,1,1425.0051004302766,12929.869705524237,0.7275242681418254,2,High
12.527545956905643,800.3598262408088,1.2000797845783673,313.5651434617497,528.5123899540445,0.6853078999770275,0.36081858454333027,0,0,4232.0204220981705,4418.313731278216,0.4320494320375654,1,Moderate
74.33764696027325,2511.6068322786114,-0.9921984718813803,232.37659409988706,306.26303081560076,0.690846696085895,0.4349178801251945,1,1,3262.504507188687,5681.563679925317,0.6272255106679588,2,High
17.375377603758256,171.90939938801537,2.933455063198103,340.6225337266843,416.50708830582215,-0.0674259762287461,0.42149646683863007,3,1,2229.1046598616344,13314.115174978833,0.45814586128449825,1,Moderate
70.70488306013442,1524.3721251454165,9.056076964983465,101.28189097642924,419.1754428211686,0.13167244427750047,0.28529997579488187,2,1,2192.992368011964,9121.422601438226,0.7725631283257101,3,Critical
48.72349867442763,2737.9412216894752,5.89104588843411,214.3150364818422,156.96522690175317,0.6580286710312786,0.7941799648786311,3,2,2330.267871765633,8086.955804322828,0.5077597488816602,2,High
45.580259615914436,1251.6920496330667,-9.199737389297514,248.44728525728115,160.02674823449777,0.377953278049407,0.6177283327469959,0,0,1555.165539005019,449.0390676278633,0.5898449663191287,2,High
38.45163832623815,2016.7061449143582,-3.3538017852008073,141.4574298100104,308.26938684350415,0.8522433467978294,0.06405155685655961,0,1,4388.572588127572,17687.381347973926,0.3288085661091804,1,Moderate
17.300235878831902,796.9293916080967,-0.589106300975546,316.69487366545917,551.3652270757339,0.3291689098806055,0.8388063350231355,0,2,2839.345655998987,17689.95579673574,0.4236970352786099,1,Moderate
13.23960240041312,2622.784329828986,-3.7096485558178944,352.7291387174956,55.49657617221393,0.5446537313220638,0.18708823115320727,3,3,2419.7498176292643,9219.422494494329,0.23937546728848116,0,Low
16.536465680263152,277.7489511137827,4.00375121660913,177.75701689415817,480.3780997721476,0.3607617023157427,0.9791511617091211,1,3,2325.383015785519,14014.784172513637,0.5821009304737139,2,High
13.98286966081909,2998.644992576701,6.525382997251622,140.63063572956207,81.63973104305978,0.8372620452535504,0.37666313900256576,1,1,4679.132334489713,3556.387074706224,0.34535524452437055,1,Moderate
58.4688355175065,773.8677138336717,4.626901903705431,169.89765428032513,313.0221631857148,0.23852500127436976,0.6164496471503238,1,1,3618.309641098409,10076.220491675882,0.7111555303767908,2,High
26.259394437504756,3072.9533078083246,9.786665736565507,306.9852284634954,400.83005819041205,0.05277610069646005,0.0778236188960304,2,1,724.0727735829283,8777.312837997104,0.5524887484617719,2,High
4.3382007422547275,1298.5994204217589,-4.549047042139418,232.36863318654034,427.71759689535565,0.15929724630909253,0.34466327468835667,1,3,2184.8508497163257,13132.271416232355,0.40969445461230924,1,Moderate
72.68269726056084,2557.1241532132544,7.49978990048843,16.118054106514226,82.16359498875126,0.7380527245817523,0.8023539573607814,1,3,1441.8610520726165,9392.91802288408,0.6124572094513132,2,High
66.28394137225693,1185.3660124730409,5.332453303489723,195.18116776045733,280.23198956118256,0.34773241986334674,0.47720849195325843,3,0,4934.3432886508135,9968.685653379245,0.572071250061214,2,High
69.58142123964097,3180.0996821978015,-2.756424848837078,6.228044186749133,371.11049327627853,0.18967753385246294,0.9046034835440229,1,0,2076.978531565904,5914.24914026714,0.7311776274712171,2,High
74.61808669848264,530.5662267624728,4.682490873139374,280.27273356122595,86.32504551830381,0.3986860239904311,0.5751384410508071,2,0,339.35051514891177,968.4633660916053,0.6361644236732789,2,High
13.042143691461547,706.9672835268356,-7.918480871635061,118.19241847528694,124.30200612742038,-0.05344732199547342,0.9285721953957478,1,0,2056.0600073140217,18340.51518034781,0.3756340392192376,1,Moderate
29.718151417699406,1776.3024255399278,5.786669646811047,169.92269356223858,415.0069442272212,-0.1941047649118443,0.9826099070125561,2,4,1606.7514030296763,244.63247014848255,0.7162384478622725,2,High
56.867885677806846,378.59069272969685,0.6466120517420535,287.5241181267475,336.90100812485844,0.10864315206283987,0.45389455951827595,1,0,2997.913235391239,5626.48857122654,0.6134114722526751,2,High
52.20154635403442,766.3326279859906,-4.154196545814937,16.72157422287416,139.00576369755981,0.46550629176189656,0.565156572577808,0,0,1130.3908761451492,8952.215643886026,0.5204939481220262,2,High
11.54219297548913,3308.805699520849,3.1155460356836038,57.07495281297976,344.3816353031034,0.5828488466275261,0.8349206432512698,2,3,179.8682484969083,6381.847085848051,0.47747753930918696,1,Moderate
61.18748437429633,3420.0648479028164,2.8323999742881796,143.26573552024135,551.9808053944287,0.7092720629871634,0.221533005535813,1,0,479.4018757944568,11038.357401265408,0.5825089970624734,2,High
16.83304288774955,1379.2817197234347,-5.810275545608006,82.7730588764018,58.57317162645016,0.8193299153339166,0.8616295737811096,3,0,1415.7379476718268,9232.260303410325,0.389562086702711,1,Moderate
16.78632111169673,3239.172471447381,-9.392051703769477,121.64451327902272,403.44857541722,0.2533235816612449,0.5919201403772696,2,1,1741.613157665538,5109.524717271587,0.5390899460233216,2,High
40.273081717006015,1952.4038972896678,-1.3275482619665233,359.3429056412874,90.50773903293806,0.6145684795132003,0.7255001353845254,2,1,4172.252700223664,1760.4026181087984,0.5065577939030963,2,High
44.47049511312774,1017.1243839708079,1.3902373868884244,297.14919752657187,53.54719363058547,-0.11785977678213122,0.07985402266344521,0,0,1350.348420071924,2750.7054116833897,0.4592797434686972,1,Moderate
43.50646558783584,2488.155651674035,7.532105567411968,318.20465338563906,132.8599687633486,-0.1367170013507119,0.7661876834534036,2,1,157.4652673802307,9726.401385140281,0.6147902968506914,2,High
6.861512804831616,2340.2661423545146,8.56433591295189,337.3396680836791,282.59864751965563,-0.06272220881522775,0.31078690457365843,2,0,3903.667416014271,16918.910679714783,0.3924929321336419,1,Moderate
65.80956469727853,3463.0260849696933,0.5761043631353289,122.73691691311043,491.2891994400741,0.29342600761383864,0.805232276849842,2,1,4344.587850444813,2012.7778384396033,0.8542816617554035,3,Critical
19.920003194152955,1001.1607771915632,5.076069675370897,106.94770480673017,204.98202313250727,0.03240958234862493,0.5091525383027069,1,1,2461.531187002639,13544.127704070215,0.4763151995230066,1,Moderate
9.713619096210312,2385.0023090499003,-1.2139345534400618,84.26249732594697,394.12026681381724,0.11561743613159742,0.27461433481563313,3,3,1424.6361537823539,15841.822916912182,0.3873381496552055,1,Moderate
66.65610599017329,276.88076710011944,4.921643131457859,298.84208807092415,276.13615087541865,0.5126681908635329,0.9527596970216541,1,1,3860.6994005920797,5535.445566294564,0.6967436486059064,2,High
71.67386236723151,486.396531568846,-5.903969501216661,244.63867042266656,178.88248558130437,0.1943743966831306,0.7650623977114992,0,1,44.49203340995245,13364.78985703799,0.6677249398928877,2,High
64.6595712949088,113.3224748337171,-2.5787053039293717,85.02191369383583,332.83591285557225,0.4131087134898244,0.9856860738736469,3,1,4620.141145539473,13733.158893658338,0.5490736596959546,2,High
60.713705604365856,3498.1663156028885,2.684559976272297,135.71777851576377,488.6054697049428,0.25364413241025147,0.3644698984122038,2,0,4327.658224386556,14155.854620528526,0.6594686126070142,2,High
49.14314854792663,2827.7305703014245,-9.636840687858424,182.4162350158074,507.8708035308793,-0.014133818928198483,0.6492196335416387,1,0,2724.1660497741786,17816.181831989747,0.7473000684630227,2,High
41.31430279568545,2774.858250094039,4.44922620677908,190.1304206185513,515.5857425324803,-0.11857801071851648,0.6115886778637267,3,2,1387.905939548943,7970.521289822105,0.5925760299008026,2,High
6.52400699335576,1833.068655979811,6.710710025363337,319.9419822786173,236.20679690523866,0.05985464484087666,0.6875567410688029,0,0,164.2244137449883,4873.782753428526,0.42526898714294675,1,Moderate
30.633990980302404,1120.2280818784957,-2.0171667781209717,137.00380786099788,486.40083559366417,-0.13652948355985123,0.038316566041330824,0,2,4999.118750984311,10876.897357745394,0.49492467975151494,1,Moderate
27.95163877592355,614.2985671730981,-1.041151656456714,327.06865098018443,166.69815030989935,0.48047315587878764,0.2917193238773741,2,0,3810.36861519342,1250.967464708308,0.4056629440622958,1,Moderate
19.481533782024467,1067.8941120779764,7.025644244330621,158.89232171512427,456.1338056835858,0.6752893616127105,0.9093375737908073,0,3,1693.5493790407918,6678.41860400904,0.5319681334381764,2,High
54.25650852664387,1378.302154559073,5.513092706520668,268.6941629252474,571.6114344499391,0.17371484506114093,0.42382005487222685,3,4,96.3598581939229,17664.50253427676,0.6514710822884581,2,High
37.19068013090781,2671.4543297329997,-4.2370102193325,334.8915551946202,57.55910908002645,0.2258221608875941,0.9606436790815472,2,0,3196.4586423038554,10641.15120488426,0.5681943782724812,2,High
6.078466193073595,1934.8500822707183,-3.5204778687692206,326.7272534267759,292.2001621483389,0.6978101690352374,0.21350317264497576,1,1,4934.520028758478,8733.506084791848,0.2955252059558343,1,Moderate
16.51374014623585,363.44433028864114,3.5775646478119327,20.50303222644522,406.27404362770255,0.04487420361091632,0.9974239734810894,3,1,3535.363543163336,5313.6782140206205,0.5234663473134278,2,High
51.244407274469694,161.2986304603016,1.2639618489632234,74.05354619156515,435.97667376815417,-0.06892370828563837,0.6975809089595323,0,3,418.5720428490264,5007.513694123495,0.6702641256943006,2,High
5.709814461772514,447.9294104158147,-6.755408578070061,171.68595319161903,146.8482670480612,0.3512299290641952,0.7763934240664878,1,0,2011.3918608677811,4732.240427206384,0.43417121997535235,1,Moderate
63.84051855365765,1495.6956265710896,-3.8014018154166713,155.35954438311862,584.700801381226,0.5108091864865609,0.3968611722025358,3,2,545.9173136377904,16584.673362397636,0.6426765368091492,2,High
37.13598952604807,3272.855917966662,7.999665537573083,230.72099934139453,388.3959523840351,0.4596198675511272,0.9070081212606208,3,2,4560.802748004738,19700.40744385619,0.567724226819762,2,High
36.0439932994986,2267.1684361113535,3.763488734445268,340.0952582971484,140.38733067554728,0.5852603498015989,0.545462900958622,1,0,1652.072354762904,10695.968665462246,0.45054298640235385,1,Moderate
44.43058384946382,2826.2080595767516,9.71948635371039,40.465696060061575,61.28738144188341,-0.13757369960967375,0.680938380224635,0,0,3666.8826467033555,1596.6683434562644,0.6212957852646095,2,High
61.85107244438619,1685.673621315465,5.340250599615388,162.66911944832657,480.7953093343768,0.2710217740342102,0.094808271336286,1,0,423.45179004553313,15020.780918703804,0.6273358265930651,2,High
26.085690592664477,1329.6646828631456,8.839488642871803,69.26797363937015,93.83760669500249,0.062427576340262414,0.6316807008928934,1,3,642.0734789771976,17541.088468406404,0.4673625384708953,1,Moderate
50.85121144192976,468.56126723651727,-5.676228522590492,321.8787354232611,127.57800658863009,0.6350333855006267,0.8790789882621566,2,0,3397.4383102534234,18624.563419790244,0.5434387854385799,2,High
42.42989729968433,3078.1722754330967,5.429697496338514,347.24886688859505,366.1565147706298,0.7600035324663845,0.17828322821598808,0,1,4217.3997418108465,12575.506920427704,0.49737232153859245,1,Moderate
20.0271202627066,2762.7440986948695,-9.595649597044051,172.33260548052604,381.92802689729086,0.10946931488705636,0.737725934634846,1,0,1007.2497816563947,10137.61666517639,0.5334919315666592,2,High
65.89724897663685,671.6015318322654,3.4152004342306785,37.443707182130666,427.7879152258192,-0.09526011302365091,0.02540075899465455,2,0,2091.6862299853174,12410.546289328258,0.665294190734657,2,High
59.806951620519605,1841.6859171792858,-0.614354437595173,282.70608002016235,266.43270696499144,0.07877075819053653,0.9262030165625189,1,1,3097.0851735156334,259.01435225959,0.6727374273200883,2,High
49.383887599381914,1757.0743469322326,-3.064798561598627,250.97088617726365,475.6442679317526,-0.08559066203518835,0.9829171160311863,0,3,3981.381696301363,13108.397505974997,0.6176351493738259,2,High
63.79362968206814,2225.3112791341973,7.24808704586178,127.68149757971176,585.8972297887387,0.15466438272479915,0.35418006679809444,3,1,3140.9830518964054,14192.92786511096,0.7105961307703815,2,High
65.04706507198517,3317.035439570288,7.085353853150615,319.4666906288268,199.10221869393567,0.3920184361540083,0.10707384971533485,1,2,477.1296032128836,14440.606952757766,0.5314251360532635,2,High
53.12722325362761,2071.2229019924307,-9.553965902027128,351.2994803217746,436.66573909587026,0.8710490498380272,0.658576368163145,2,1,2714.09664167042,11261.435618188265,0.6780374362214104,2,High
62.775999627275404,1936.7387070473033,2.19010244898862,200.82738568687034,560.6577588173363,0.2393072797864944,0.029834514147479063,0,2,4423.033407382851,14000.887426427247,0.5798990338816995,2,High
52.31035962519627,271.0979719778574,-2.6433555135808717,203.66204808394525,427.4577194393735,0.042043916240083246,0.48248628129718674,1,1,4340.11860511992,12776.647814603846,0.6564555386270716,2,High
51.01055788202253,313.88541846128135,-1.6867799699910169,107.10486184096001,424.6102242543427,-0.016518085592081427,0.2717791751378865,1,3,2925.0780387548066,2310.5683968459844,0.6586635266100982,2,High
46.39585336613882,736.9790905110822,6.640814784375518,210.4221729539931,173.07491299686365,-0.00965625724745639,0.4733390539528769,1,1,4978.481033854195,17967.33538804872,0.4914317513891201,1,Moderate
56.453747966823094,210.40062375194415,-3.803204569446434,158.27123538894475,344.3216101758311,0.011857451587605122,0.01827551473835698,1,1,525.6186119217771,12454.550153757793,0.6295926835258518,2,High
11.895382896980527,2627.399844938042,8.860976212752401,108.78876969409868,359.3875639825191,0.6384937247911917,0.051612183070706474,1,1,2392.9767869582643,14555.887409660532,0.35160504280228483,1,Moderate
66.06530693991964,2559.3230335794747,-6.407323472557184,24.186670748604474,435.071259350774,-0.1328695174243381,0.015975828843382334,1,0,3875.618196763702,6857.750398349019,0.7057279874148871,2,High
65.3882645808924,562.591197067586,3.254448467363556,90.97482949528496,598.2517974429004,0.8971429776373376,0.619131870047114,1,0,705.1905905707962,18384.790324581707,0.6630272061798906,2,High
2.193546227591936,2942.668262703955,3.4421013402752934,71.22767388395918,68.50410239906914,0.3749550302828873,0.5600929176752085,1,0,4863.748807414273,10052.315323773824,0.30470957004692767,1,Moderate
61.9362562923572,626.2725184767808,-4.956096771441636,195.1351144394216,85.87796369711776,0.3986990837309083,0.23315799853660446,3,2,1770.2327259182248,13580.11983317315,0.48586658065720595,1,Moderate
9.66524006050839,1123.9969957910198,-3.504987820655961,216.60120783489378,92.87253818700532,0.1933202665695653,0.6466431289040213,3,0,1750.6987698929543,19043.641211957984,0.3614027696207433,1,Moderate
25.133914069435644,946.521457148641,6.695969851598807,219.08582075016594,458.6385239689262,0.5592808953533326,0.884207256894975,3,0,1065.971505706031,18321.654898657198,0.5506424058684299,2,High
55.76311922187058,1365.8441351483625,5.236105099099049,139.7451603764445,124.99458731091663,0.3186019749688775,0.27732210102611365,2,3,1440.0873203329718,12895.975414774157,0.5314745403614347,2,High
12.056992203623116,965.8568040258704,-3.4180823937048093,151.64270412677857,392.3485309696899,0.1619674134610048,0.8319938078789875,0,1,2887.944500365487,3314.827830664895,0.49998594862948,1,Moderate
61.347526808929665,1762.433149890737,0.6791309386986768,300.3258346706304,228.56788284140214,0.09165224407884714,0.6625091360021815,2,0,2146.7714452547725,19011.368619472312,0.5981440705355671,2,High
62.41006334683065,1485.1867966059303,-8.766394074938091,171.44381286617846,301.525975915891,0.8182163276265857,0.03382044317298316,2,2,966.890891633651,19682.713946219355,0.573249651656305,2,High
38.060080032062714,3454.3362686497103,-5.825082352027415,355.59839956936406,168.61473789957765,0.12008846655766225,0.3751498958294345,0,0,4045.6997015823463,2067.9339076403094,0.515667835783247,2,High
0.4789403787625185,290.1495904359673,-0.2835888227920176,158.26220280319134,526.3586087174981,0.2800325853728262,0.5077572158590171,1,1,311.1965356202984,9005.953642366072,0.41259213437467024,1,Moderate
21.527859988118458,583.4166797169955,-8.280525294415767,233.84914006242204,372.3826782896645,0.1853755423281151,0.7316991899547214,1,1,4173.26372250136,10965.111276923531,0.6123830068799669,2,High
46.26951887818066,279.60803928924844,6.866647097838751,18.13067963762249,569.5097949702389,-0.10520328982916045,0.28713055825341693,1,0,1374.6936232395624,1841.6308093784762,0.7499440876917323,2,High
73.58896335205677,2227.8600629400776,4.3601242021529565,235.2023727907719,366.0279373373813,0.00452783393049383,0.9827301048579323,1,0,2479.516665479859,3793.5989891931986,0.8878655397619588,3,Critical
47.38601452625013,285.3315432066466,8.872673412969895,306.5135019894022,118.14941682832067,0.008452172859020224,0.6845397405050858,3,0,1905.3226929419593,10754.10782158746,0.5325118773098707,2,High
19.485268579811983,2943.8951070788194,3.8693381192805436,339.28482187198665,143.97873861116148,0.5630144658286205,0.37281367716436054,2,0,2853.0105669485706,19261.7889570131,0.35508541998106125,1,Moderate
47.55042773247085,1840.5913443185545,8.80802744524371,359.0354201903174,593.990687002316,0.2472439509623901,0.09702503907711202,1,0,3979.949975700877,556.19951857516,0.668685136651376,2,High
40.49890347868916,1891.8259235772146,1.090251113819301,101.58431243372392,449.06085853197726,0.6601643193777245,0.18136776027080992,2,4,4946.598967373475,18248.861483137476,0.5918707739718692,2,High
58.48840463633577,2009.4213262214603,2.0043722212393877,207.13322333725807,77.1033125159993,0.5798460167675727,0.4876077600551566,1,1,1530.295728269508,17972.163400987814,0.4583373943271819,1,Moderate
8.023547912021881,680.7666014411164,9.539421092525217,162.25847479157306,437.07955276906563,0.011254743035641418,0.4946953549583667,2,3,2769.0220618176686,17143.572703731126,0.5877859487604132,2,High
57.0770926876521,772.1470305892576,2.842582937285208,202.97429300706156,276.6951757452864,0.41920861213211075,0.7677187648213535,3,1,2330.037743874987,7551.018573284884,0.6314798524731811,2,High
40.59499340070827,1183.978897768216,-9.384268622785068,56.68306458834479,218.9646127527548,0.6171997306536832,0.7261766255722525,2,2,4994.6407965656035,9816.470744160053,0.5899334361701029,2,High
72.2244002894246,2117.8878137942947,4.4760555326104665,308.2138461345389,134.73343655179383,0.4963472158232954,0.2012730385178173,2,0,4044.5681524972447,8071.892786517452,0.594142233348119,2,High
25.640412452901458,814.4004381967294,8.109373842748312,327.44481960405153,511.9471750061111,0.46001815889677905,0.594956620558265,1,0,1985.419292900964,18951.72372857657,0.5659076687748423,2,High
47.44664198504611,495.52787225308816,5.911604995886533,161.8781987206521,85.11275844400538,0.6135719761408449,0.02062180074288833,1,1,2384.395278038232,10427.012395478121,0.4510055859253523,1,Moderate
69.90210791325131,3398.3974138226695,1.676665452508452,100.95475016648767,209.40950430880216,-0.13754118681806243,0.39854739938433337,2,3,1229.7829721329667,1612.25217334086,0.6938380479490673,2,High
7.688229599300945,174.7381703527179,3.4260702618703256,50.700033955084436,218.5105916041374,0.6045641420975763,0.7641052405716058,2,0,3776.2365987441326,5481.196886223547,0.41563031555158436,1,Moderate
70.29213654273383,2829.1711781424738,9.803835785033435,246.1553369200096,138.4979061799252,0.0999207894687712,0.3995085932871665,2,1,4226.058931892211,9240.664258295086,0.7306484623244819,2,High
51.591429172561,2779.319508555075,-8.186758229813233,112.40346226346468,329.50168580777864,0.42905947996028954,0.8355962398014242,3,0,4824.934118114602,19071.118646355888,0.5515035044599955,2,High
5.087779432887893,1110.5279870733264,3.3448965726647906,327.4338851688199,56.43644474599094,0.06653549416615823,0.9761552901252816,2,1,2829.1444840889853,11379.021812446115,0.44597521172716775,1,Moderate
22.57226752101122,561.1304944248656,-4.3320461085881234,241.56449094415322,215.536533475725,0.7226993294275215,0.6072126026993657,2,1,3353.4150111871973,13921.452463360114,0.479284741292976,1,Moderate
53.11290664839612,595.1373987984396,2.801807931723401,232.44671706272666,563.4961942181852,0.3286152897308317,0.1450040763417566,2,2,2230.2941583472966,1770.3969466765468,0.6926007491962536,2,High
5.051295110157877,2471.2674986064544,2.1524715176787765,201.3847617233667,220.79126313810315,0.5072353332274819,0.3796772079054107,1,0,3045.6425516882186,17546.48091849496,0.2631583878024261,1,Moderate
43.662784513220494,2285.5424096929905,-6.930863357836758,16.47948219434122,248.2526629087134,0.6734902478244009,0.009483355068375166,1,0,1743.7451512006542,10780.364440275747,0.3991417856519338,1,Moderate
25.941229271471755,2761.335292454715,-5.865067085195217,335.4920768468113,310.2407765287394,0.7848467805785009,0.6027259238407526,2,1,3688.445582603196,18424.56825081217,0.519020203970393,2,High
46.56866383256078,3287.435986156956,2.432591560864271,226.0574975878056,358.9313561683111,0.6052683067762752,0.8215685009737982,1,4,113.50182877188698,8909.533707811119,0.579877619041215,2,High
3.4306525359384636,2452.5530351064126,-7.435401053924517,357.86231401791974,494.7897546514092,-0.03635456619055369,0.6299400789230429,2,0,142.28424845991793,13661.679938898355,0.5223900499309304,2,High
65.36526046142822,629.8952242749077,-4.696382497393543,193.44830571823934,154.6766727358097,0.7399856065443653,0.7860862291834498,0,1,3580.6044509329904,9416.77187453934,0.6071009627273357,2,High
73.01167268830477,927.7048970023964,6.704910954760049,255.6399210862367,529.4605074559065,0.4804357074520568,0.7999039272758867,1,1,4653.41401562583,2851.158590286209,0.8461758656510056,3,Critical
72.66583914642686,2963.4586849685893,-3.458169879967228,20.23544083183998,466.6521464291392,0.47039473421830097,0.8510125762174637,3,0,3161.2446721822316,5440.999559106829,0.6933787010730811,2,High
56.223887380719354,811.6406578363092,-0.23879687460674148,227.42502365642792,447.45768406385537,0.8134746157854138,0.2666637829975542,0,2,3632.6414950184844,1345.1458888236068,0.6304747849497356,2,High
9.756468009797398,346.5758776452368,8.822806702916807,275.2738601725286,97.74251554304938,0.07371471123247142,0.8712685228204219,1,0,4119.671456090839,8805.326858235603,0.4430680487442332,1,Moderate
56.869739694676696,2491.1521837436517,-5.457018223261074,280.26514614692064,61.90237948602157,0.06354638034343668,0.6540939984634909,1,2,1808.371322317897,12986.830869226935,0.5994367582179659,2,High
1.8440187344101133,1468.589608666483,-2.207479652839792,277.24019480290275,376.7069854994462,0.36451291016445814,0.28972555659448695,2,1,540.5682877970419,4874.225516192985,0.49001603307238734,1,Moderate
1.659266364674794,3228.1361786560724,2.1291555108709126,81.46174582572036,524.7236793877387,0.6259493731883516,0.9872947149962611,2,1,4665.461436250482,9807.76116413208,0.5552791129783671,2,High
24.27076643621559,2310.8672417184493,5.106778590079443,351.1434519378813,371.44280527734975,0.2919647790513601,0.950182393731669,3,0,4692.852825012201,9179.46668476326,0.5533214883407943,2,High
36.648239280349934,407.42452449164654,8.033067734254104,358.2655634249779,167.27917599504195,0.4972805288816425,0.5744409832063994,1,3,2209.202777860395,10668.409818066812,0.43842520847245636,1,Moderate
57.78055633558449,3322.7123286624465,8.309459751470303,27.214515058176456,99.78594387206726,0.29777719664499075,0.8432083783995635,3,0,1085.8482849730688,3691.6933405415707,0.696283652677226,2,High
51.24715324548789,979.094696376836,5.53280148745246,337.1207122122326,434.77804904975426,0.4714258985356656,0.2614944887198717,1,2,4461.771913849945,10679.681768137069,0.6134851999378881,2,High
33.44270297825612,1246.5224673813716,-5.433383268133792,104.20170994957296,446.9736525247952,0.7044885328750823,0.41603699661089,1,2,3542.133485426266,7284.111135743426,0.46609724813358205,1,Moderate
20.52199997112494,1467.685406524043,-9.503813399148683,248.1422694303473,144.89243537790975,-0.0014756342999843464,0.1839717607438337,1,1,41.141752734809025,5720.836979180964,0.505921452848416,2,High
74.78433751182834,274.16260777466505,-2.324521392887524,121.71993146500756,65.50467352309495,0.5649163874065826,0.520102642629248,0,0,538.5985072954124,11719.640280472313,0.5225195183882768,2,High
31.96359766769797,1788.1524355840565,-7.1690229802435335,348.39155641432376,274.55593227275835,0.6661683132720018,0.4960014300716653,1,4,4915.998213858723,2960.73607003172,0.49303971329962243,1,Moderate
33.85402682472566,519.2828696559936,4.207752948765961,36.541388989272775,370.4952861731622,0.29182254822996073,0.21281322596156638,1,0,190.64089404072337,18013.173012149517,0.43938603796450815,1,Moderate
12.27178658937519,1463.299110740396,3.2226117365143363,179.18885410429536,438.3013252619551,0.15555693477463972,0.6728016937160975,0,3,1412.7750518181103,18697.0562597943,0.4477398157072204,1,Moderate
59.610716156244706,1292.4132791730867,-9.120567167570904,154.09720509914686,495.4697550340965,-0.18510124368315772,0.11779029552541254,3,0,2742.481723530682,13212.193795905645,0.698818528947628,2,High
52.02616693361165,2727.656283650111,6.731875582619022,117.36844282007456,385.79558501870275,0.6768155245675029,0.06169145106971119,1,0,921.7780810277276,6063.0937920746655,0.521121830082507,2,High
16.55772095915703,2830.7797395512857,-5.025134674176355,232.39223671685352,110.98433472916676,0.1607325249395869,0.3849049686623861,3,0,1160.2704318147948,12520.11740052828,0.34637216707641616,1,Moderate
6.178578421188202,621.6038001228992,-1.3554584901791564,47.18006763180029,425.41991967832814,0.19304041634885521,0.40982477778470494,3,0,1764.8374328100108,12030.469330562953,0.5126522334371151,2,High
51.03744765560348,1346.2740370893691,3.3586747091148474,257.9984705281309,591.2971535921852,0.1696067794086935,0.31974060652648617,0,0,1347.771341614768,7825.019632586729,0.6507590697476885,2,High
49.08834107108514,1369.4007475082278,-1.411624262954934,353.0131645697234,548.0715215285721,0.348613263893572,0.2579466375782504,1,0,4016.7811396000357,5744.944947466191,0.6426965476708631,2,High
20.4944645248657,614.7955093826891,-1.174243944001132,289.6411372087068,529.4179000982319,0.5727495305409849,0.33877634500953036,2,4,2501.372366963024,3369.0590462446603,0.4812634725648818,1,Moderate
71.31476716878078,2814.7419171740476,-8.687440093285193,309.6060310474363,216.19358434708747,0.6490494441005621,0.163375573952103,2,2,1393.1007378880522,4347.676800513012,0.5869115216362597,2,High
11.329341883567517,2504.576316340439,-1.9711290147999243,129.4692275444409,462.93349704970035,0.23182779244347418,0.40345246913287736,3,0,1565.480167473492,13060.598470971216,0.46560187350060045,1,Moderate
32.42511007819515,747.2980734099181,5.296957864399669,116.95917833323873,518.10689528083,0.529412238549686,0.9046033735174437,2,0,199.32479794015688,17717.886621315818,0.682677817674875,2,High
70.77119401256992,1346.8544892189168,8.303526743731954,186.13740768844795,423.07941254719475,0.5927526752984469,0.22442688120883825,0,2,246.96038090437798,7699.121098709116,0.7065356280562692,2,High
31.47954876945917,459.73708451214833,-1.7300572587325647,16.46158131441817,187.8089661123893,0.1266090648451197,0.6844511043503504,1,0,3589.5378317944205,2437.989690036637,0.5106515986861914,2,High
47.889446074806415,2235.9024301163495,-1.5282834624184218,340.32892840435176,574.608684531227,-0.0937163835091974,0.14178451039783935,3,3,564.5541853555702,256.12603302498815,0.6752357072776445,2,High
29.81957984720957,512.6645434653069,4.052542126473043,51.762662285829194,297.95067630227175,0.7841322927089087,0.35390662401023076,2,1,2378.983873408909,8118.113101247708,0.365104373211853,1,Moderate
20.566140176150252,3452.1761733247204,8.855440022105533,325.0846941005133,121.39305726623367,0.5448275689597522,0.3211747805452563,3,2,4211.828214278984,4651.339023728176,0.3926350423553065,1,Moderate
73.79832359698712,2754.319053938732,-4.6587811952127955,30.08959992012805,110.37784228156559,0.5129214497639207,0.9370293944083278,2,1,1842.2675286360056,6451.11134017681,0.7472605923071515,2,High
30.700050473628227,1426.8110685855831,-1.1971158692412622,296.14497396428163,406.1354430144752,-0.1352072332668242,0.4279820558018089,0,1,1728.7611350535299,4833.397490115912,0.501025077864286,2,High
67.05744027593508,2067.117369749805,5.9194648710460225,54.706509316157444,290.7403055292065,0.6996603632543192,0.6904659437813839,3,0,4365.241378934859,13282.952641495234,0.6418457916620177,2,High
17.246595441831463,3198.56217513579,2.1938713874807707,13.727381072930172,101.96613134843,0.42265957169465845,0.6024628089713293,3,0,4324.251983248363,12770.286016895849,0.31674196210362887,1,Moderate
15.982852801881247,1983.9375533458087,-7.7882731207209055,259.0162020933871,457.20051468585206,0.7326728590493228,0.1410300752847614,0,0,4400.684007301418,18246.090490216273,0.35947565136218307,1,Moderate
2.335056216338352,693.2948537530476,2.5546547112453144,100.89550806279419,489.62884199224084,0.8720173021104378,0.9395404510306183,0,1,2859.5698006587945,13994.898296893472,0.3873902841683902,1,Moderate
48.87501190319138,1387.5914089759417,-6.265074308053462,257.2186150023658,448.9785969325482,0.8528103529682665,0.3458692918557632,1,1,4761.521367866301,3298.8276118967374,0.6435863519645394,2,High
27.639475779282087,2966.6925411011343,0.20431868156808264,199.83069017021512,161.2434827262071,0.7416982810292283,0.04475835578364973,2,2,4094.8197390868863,15031.888586160918,0.2976980339809364,1,Moderate
64.82686873797277,2290.3242543647007,0.582065353208769,39.17066048282361,429.37650079783816,-0.18795788878549421,0.30044370684418764,1,0,2078.1721347618436,3625.3572510487866,0.6651965067197785,2,High
35.49074300186679,2312.462906734921,7.524067244499697,335.5668263884189,55.8975415919118,0.7742999290606523,0.3356337258823261,0,1,3147.775709700192,11172.0177188752,0.3203118377202895,1,Moderate
72.61450709360413,3047.1930513408633,-0.7501145197512376,162.83310291485193,217.81167682312508,-0.11743145478958995,0.0927453273787272,1,0,608.9454137915484,1541.564189707858,0.6045792769787445,2,High
13.914413677734085,3139.5083953725157,-4.411151555282116,264.4010200075277,269.351842274149,0.736313367194444,0.6199774063799428,1,1,2756.6609297542573,946.5011393529732,0.43458346327408165,1,Moderate
65.1467375966708,3227.2947440500834,-5.380673035679369,180.36740592562504,509.3858218870258,0.10819147547278601,0.3467642055415454,1,3,1315.7454177713435,9284.599852483921,0.737670552529405,2,High
58.24476395938063,422.48725706073077,7.485037533686722,217.57013098603372,264.71690518817235,0.47107517238670443,0.6291346063309708,2,2,1417.7361325568445,2099.6712288500685,0.6608805109143732,2,High
57.8191383483039,1950.028406674543,-6.579782911635432,108.99849324840928,56.19819540416906,-0.15812494573513236,0.006740563589067161,3,3,628.5911646396241,6133.332097641626,0.5129206216534877,2,High
63.35874210876658,2617.732372142283,-1.482628782337125,72.1297094412421,243.79052650540518,0.6482998657300509,0.9820483989907525,2,4,1790.9961178696326,6776.6675662671205,0.6997972792768998,2,High
57.076799320724916,2673.5512734318468,-6.25653770146106,195.32527322690441,324.40825409760794,-0.07712326554373136,0.1705163585446816,2,2,2406.951651495788,15388.538380942693,0.5986144650181123,2,High
46.966524122356155,2162.835086698013,5.466080802287507,158.47883026956072,571.9526326700254,0.25175698884334907,0.6593309867049364,2,0,3001.7722059343155,6653.602103593932,0.745207427974372,2,High
9.843365826179069,667.0769396244922,-0.5125472005076208,140.44075683621594,567.5688670842496,0.6991906025578316,0.7157843032795155,2,0,1524.346681346548,9886.003698436636,0.5021170966511832,2,High
2.4394634618438937,2811.2298834016588,-2.9771261888637586,242.1241902340643,149.48072102177636,0.5648838961591687,0.17160834974747607,1,1,3961.241171550457,15451.718600010005,0.23152760582135143,0,Low
69.06358858617651,2548.3785339508154,-2.7780071874706636,248.58238752400894,151.83059795669834,-0.19335303345612642,0.11171228210241857,1,4,2604.7998080185903,4097.966136997639,0.5796382946559745,2,High
46.248773589055354,392.86162326672337,7.044284134459588,16.531220192854693,139.85980105550277,0.24333556799680373,0.15257719184480867,1,1,3190.2605447786536,16097.947844759352,0.45475951664409126,1,Moderate
59.74029682321322,1676.9534038928794,1.0754790858887624,121.94801792772198,483.90706282775676,-0.15387973133904118,0.24681825584494455,3,0,1390.7180448926642,16635.895939239326,0.6042952835534703,2,High
36.11417636344125,691.5231583741322,4.357357022625273,148.23523808149585,53.3121222026235,0.540849846900316,0.16823211799290883,2,3,4070.6793950613237,19776.935903383684,0.4435787441271637,1,Moderate
8.798114172179586,1247.4219554241045,7.940770325013691,34.88117801910052,119.94745900553254,0.8658433409286537,0.6739994269560816,2,0,3121.372252829686,8880.95357728612,0.3939229145313613,1,Moderate
9.388934415191283,161.47571349933048,8.034833520812839,84.9243120113838,345.87779740425447,0.5207873885308352,0.42083320372606725,3,2,4311.743747245785,7412.986573208724,0.4557643616264198,1,Moderate
51.41739654217285,1461.121552596578,-3.4298189132427375,18.59104700019239,186.15913678772102,0.04680967422931137,0.5377915945153631,3,2,799.7578946914724,14040.10541150422,0.5785730253765137,2,High
32.2729421174597,1969.5815319311155,9.049025262927707,358.6471555021274,100.79605203159414,0.19075633527319413,0.04733678880915826,3,3,1903.3163346549932,1163.0223454156608,0.3662782122948373,1,Moderate
15.039354502525255,2206.580815612095,-9.50248235970789,265.160593069144,247.93290678360887,0.8743156112243147,0.8612489631007233,1,3,565.0809202862984,795.0302305971069,0.47614718863440014,1,Moderate
36.86959100560777,2355.8671734376144,-2.4632887796766862,31.48205634099132,200.8141827831346,0.04645765323558507,0.17057155320619222,2,3,1077.6365545219624,6699.817269314137,0.5582602747956809,2,High
4.815670280635056,2943.390464548364,7.915977150176833,7.289776724433161,331.1073685828565,0.41768198035988696,0.3601523314550882,2,2,1972.73752242435,14590.30176353206,0.431392555205621,1,Moderate
43.64785514357991,832.5738847374821,-4.5072624036603415,258.94360805482086,588.5784766066078,0.24049918954991922,0.07190163982776698,2,1,4472.909538296871,2329.088873562073,0.6507705062918636,2,High
20.174505332632325,509.63819629079103,-4.538370993573633,158.1091796457601,118.36755024820513,0.6451468277210439,0.13679313464832965,1,2,2785.20334535952,12710.936964248716,0.32797804551591747,1,Moderate
59.816932547789115,2995.226384452947,-3.947554298362226,283.24681526324736,254.99968765875187,0.7541281991778759,0.6657994099756614,2,3,1651.8916535712913,5390.105305992852,0.6741407917975486,2,High
23.277146919268034,632.4835706350096,2.2462676969384443,332.45137361461815,562.5917598298611,0.17492100178532644,0.6925870022556889,1,0,3734.4958143979616,13033.493453710005,0.5682131934715402,2,High
34.14151118113509,3414.184276543064,-1.2333444877129232,215.7481400458941,532.2801739216025,0.5264360000693209,0.6769654846253521,2,0,98.41353097150729,9139.522477786506,0.5996422517034589,2,High
0.8715404931075477,2964.629979955366,4.5346967270668515,67.3590322502111,266.8490691313543,0.4039524672695001,0.552136787846022,2,0,1850.4610562133394,2303.033505894021,0.33853530720112346,1,Moderate
5.433516584591916,1802.980460024637,7.898212851293316,281.5898529767229,434.42429548585505,0.1062889390609767,0.9525216640119066,1,1,3004.1584829668923,4945.656295259458,0.5765495662179544,2,High
29.437016730501362,3436.832844734886,3.4839874988572124,344.0922275427748,98.32135746974006,0.0991348830943019,0.5071771607685764,0,0,2916.18651931101,4394.275077861509,0.4139306459496039,1,Moderate
35.99541260378426,431.08087896721435,-5.91066559604849,208.88326334158415,441.89758054898834,0.39249481228553446,0.4494120292964465,2,2,3037.7894122124712,3291.6918541794016,0.5849464731367428,2,High
45.00154110894778,1130.4235879953455,8.653638047210045,245.51908102106407,585.0717512166078,-0.030596839114470226,0.24754556571714348,2,0,1057.50382407233,9366.90896809554,0.7134531159148368,2,High
21.874693403197742,2269.963011138079,-4.71014253305043,121.49089021320229,345.6184840588054,0.6918908861307187,0.09884952926661261,2,0,1685.395764967394,19093.310786339913,0.3725013529972895,1,Moderate
52.12364145949069,1290.0233528088077,-7.0021140934368375,137.34997007771204,324.1696248689278,-0.12409467687955779,0.5481549299661788,2,0,4657.827260573134,13161.776005819744,0.6979011103193195,2,High
64.50917978919034,3256.466676734692,-8.200654422780783,264.475619227103,153.02524083605067,-0.09596806517085205,0.3148901866928281,3,1,4869.877656433488,16720.04062996216,0.5618004430807058,2,High
58.48882416700123,323.1286998045797,1.2676748133233122,333.9975954264549,398.58350939901055,0.17644893981999438,0.5240253831905152,1,0,1560.1917566594736,19621.603780629473,0.6171210602427762,2,High
2.971411901126786,1968.0002290072796,-7.7247507503869635,226.4358194007668,374.7405044284032,-0.0700990659831533,0.2061190782604797,2,0,3222.5185170437717,10812.453263871355,0.47563756323961104,1,Moderate
36.03802104433717,2108.9453091433893,-7.224482317747385,284.34524705472506,408.5631827116628,0.32327002338104177,0.8381726722079114,2,3,1206.4838956845292,4761.401513727504,0.7358116373922958,2,High
7.869763381363115,2319.275620842562,-3.9993903880900668,61.788606269534284,64.345807676597,0.2396434794860574,0.999697209659069,3,3,1842.6433348685723,18556.22014087173,0.32459432625022944,1,Moderate
18.15337618968956,969.265159328169,-4.366939806310723,76.30527249287047,351.7979185919905,0.5939907754742888,0.3224035101206495,1,3,3961.673484079819,13979.679781435161,0.4660415271524846,1,Moderate
73.99969449503598,1339.5258535675391,2.0847902066428468,191.53248726002042,377.2141639235552,0.8483045707306924,0.8423276072603297,0,1,2505.8936500320783,19178.825210940337,0.6554975972860191,2,High
10.687165717613492,2968.5138008609238,6.33490558945363,63.559509207422586,164.14157447704122,0.6289144432130387,0.8729861363924074,1,3,4247.949799207699,13020.639233110476,0.46009577094142545,1,Moderate
37.4166115088517,762.8054144985434,5.226993124057849,228.5982252795325,164.58307161869482,-0.0026064708313352225,0.9960737887570796,3,2,3143.7012282952846,15502.900200585433,0.5518657017782984,2,High
46.361680073858935,2911.350680389431,-4.7503109056704655,104.99514674209163,201.9199926810224,0.8290734140108436,0.3427201297779794,1,4,3144.605925730743,17812.72389557757,0.41565935736979565,1,Moderate
52.684872790807795,2013.028437869324,-5.0937900402804015,284.9517427200811,441.44687544998067,0.23134677580837393,0.7560413937141057,1,0,169.40014073912545,15184.98623040163,0.6442449482005252,2,High
41.973651261518555,2691.4375380598794,9.315830602139354,290.91972478116367,383.4463349428044,0.3216082970196042,0.22880900364198542,0,0,3748.3517962095475,11252.915440254443,0.6031076012481473,2,High
0.7328135564387744,2526.2650452958032,-9.835275168160798,166.9634840719271,515.1694553647926,0.26373386110769914,0.6247960012921433,0,0,4889.332639752485,9438.418645229449,0.5315146149550095,2,High
24.48459811829939,805.5390843085886,7.594410661204314,65.0918286135487,212.612214513704,0.1086017256164909,0.7048425694728376,2,3,2365.1428012669235,16467.54669825691,0.49646956255791486,1,Moderate
38.82837325385336,2033.9633038751676,-6.005429617551901,232.8389859894957,551.6374329385751,0.7845487165772325,0.7411206925350964,2,1,792.9000747958609,15439.716256413769,0.6750149121250738,2,High
6.5899874358625015,3050.258719537314,8.945686461795358,357.4033265748911,459.0383890908471,0.16546275248627773,0.20717216858446164,2,1,4884.888356902697,7328.616478620329,0.47680322721718005,1,Moderate
26.297019840688556,1569.1952051265598,-3.153854303449606,224.1327232593084,267.25641850753334,0.436456116647501,0.8487255704961948,0,1,1450.6293740893316,9966.639346843076,0.4812560030724177,1,Moderate
2.4902331593524925,3386.408618759277,-1.1929645221349539,12.878888657042825,102.39413609400076,0.06403694281176325,0.42097186039254186,1,3,2045.9897786858521,12699.815117713846,0.32896606316241267,1,Moderate
5.893387286626556,1637.5313403458415,4.142412278887619,6.225831276149729,191.34101436811537,0.6771129122471984,0.21636951773455504,2,3,386.83207050765833,567.4043810429486,0.41157045120349967,1,Moderate
29.769245715119705,585.4711646708079,1.7533810294652064,115.33030937723024,576.2225194681677,0.6516185254821052,0.5425310883719016,0,2,554.1843284620928,4951.3739986329265,0.5335679828755453,2,High
9.953681553229526,1424.077912264089,-3.641213405863544,70.48217046974575,220.69985673624365,0.12594335229174836,0.8633571296069421,3,2,1082.8283527970318,5004.287901427118,0.4365454356620201,1,Moderate
42.56556361961686,3335.788181727826,1.0766183173564698,292.69843457159095,231.44552808198546,0.5497094804577991,0.9670879097781138,0,0,2742.330325451005,17664.631189626245,0.48605502786402205,1,Moderate
51.70987268529493,1187.0508877555044,4.614137687257724,304.1300401329602,154.27391210374435,0.5742608864044447,0.7482078217278744,0,1,2788.9460093220405,6629.755069925826,0.5694520299729461,2,High
60.04400243318121,3051.5337435480137,-9.153301081950158,93.10275767177143,493.767830626321,0.4187625577152428,0.005622886271362426,1,3,3031.2191142144097,10902.867755958272,0.6603341031089767,2,High
15.011268318360758,3096.2523177184253,-9.776013894885917,117.23211970196137,201.60432663325255,0.46065822049883726,0.13470076046595614,3,2,2919.0847850379814,16631.729340084563,0.32072951593193655,1,Moderate
12.561193669430232,1290.6341827286676,-0.8386612185421747,85.04890837744128,231.6420366028706,0.43190010211987545,0.07627398643886574,1,2,2476.1849154170723,5193.876250866718,0.23970660282578146,0,Low
7.842588025080019,383.0760373721492,-7.363267643929716,327.017717053655,277.89145963739463,-0.10994915560566981,0.10121374299388475,2,0,4010.493273010545,2475.141549337283,0.3730419966874411,1,Moderate
47.732268715772754,2563.496891139982,3.286885829294288,180.9537604640216,288.55055387603534,0.5372918791851635,0.3830349560197751,2,0,4669.498486869363,18967.196130168944,0.5297619892019523,2,High
52.98567948651759,1159.1418166475526,-5.718950875451316,236.20933586952717,276.237434728262,0.31675251082256045,0.33849331482862777,0,0,1348.8066663961467,14093.658720683257,0.47229442386343984,1,Moderate
2.368960861923153,2761.940288475746,-1.3429778640865813,149.5735512118572,327.05903245610074,0.2823030085955549,0.11368498126831006,1,1,650.9684115321745,3541.075313602826,0.3145142697902504,1,Moderate
70.21591846827674,1605.0264840854725,-6.046581262514621,227.16510966163122,497.98208378902183,0.7459991406599809,0.882235351614249,3,1,2125.43646952979,16394.231080253194,0.6865082446566779,2,High
3.8978462738604307,1749.9069239649134,0.9696717149824892,138.907935619825,500.60677240811214,-0.17445061519277053,0.6154275763323602,0,3,132.1118754698797,15742.532266711703,0.5279374361032814,2,High
40.59722514758028,2744.891982945025,-7.6789308123086215,122.28423758252117,489.0722235698408,0.07644640975463068,0.7964633089564489,2,2,4416.5943685583825,16750.821949509715,0.71493630027564,2,High
53.17953895881873,1400.0353256095348,-9.537862944250396,228.4128263424529,105.61866151406812,-0.06645615017297901,0.3715493888554309,3,0,1198.5313012316208,5524.251533084585,0.5960694947209647,2,High
65.32268428095642,1606.6329740979095,-8.977367237866057,212.78234809763612,489.82334180114776,-0.16112485092930168,0.4102360162875679,0,0,2746.483148741475,8971.59346777942,0.7628133263123703,3,Critical
53.556519909932085,1379.0475938167153,9.085168830306198,105.67006350046186,116.13847541761723,0.10324469744354231,0.317621210536728,1,3,575.4749494823785,13873.474864562271,0.44750630353016685,1,Moderate
60.12960623023439,1348.9577519427519,-7.154275627781283,53.76544211501043,118.59807352874189,0.8873239000741455,0.4384266120984911,1,1,2766.286696216421,7813.3514845881,0.5009905512075777,2,High
25.458764440710453,1888.218361464962,4.169565062736705,132.68760978172955,571.3245243992285,0.09725209052833117,0.6103772623550536,1,2,194.967264509322,1399.4434443253167,0.5837652052223732,2,High
61.111883530988415,2849.9181113039126,-8.641475915543475,149.4711500910873,500.6688145880477,0.5300764017753485,0.49298400784024143,0,1,3844.033477945293,2728.9950799087205,0.760945548356663,3,Critical
6.008613478850636,1330.012260536724,-7.836792955296357,226.32636003285774,353.82575677740476,-0.06987122095520637,0.8379170061884502,2,0,4777.107313219573,11942.270101948607,0.4927748699087625,1,Moderate
67.11124920453958,1882.4660498283047,0.17752502818669313,329.23035490927094,531.2336124628241,0.46203239305195304,0.9001391686098242,2,0,1534.8803247179771,7503.363991972434,0.7626659702281435,3,Critical
41.069428211530216,2380.4729065048427,-0.7025813969131267,13.02652711185305,594.1505534035246,0.8829296314521446,0.4696838533675992,2,0,1291.073052271463,107.60263619415511,0.6093024585535382,2,High
61.29733274718703,1016.0941174324271,9.03160618879739,87.71796451506417,385.85313664747764,0.12102127580651184,0.23974798034864941,3,0,2239.974857934201,15337.09053952196,0.5768065566076799,2,High
33.92387133887251,1043.5775366681346,8.896709060414747,69.73773922064173,387.0941403398349,0.7328831780131411,0.9451924194593089,0,2,3099.868301251879,8334.07485590322,0.5792787828341147,2,High
48.26832713973937,3273.604631879746,5.592172850849302,180.8259871297621,464.9348660379604,0.8973285184031892,0.7350386430509227,1,1,944.81230995904,6275.385708918649,0.6196569537477928,2,High
39.48019957020849,2560.017549325701,2.042036602546995,154.69229053553755,177.67642380093304,0.4474094975928184,0.6401270860538799,1,4,4016.5399863143875,14270.383581021988,0.47133616222692915,1,Moderate
54.86921413164989,2062.43469915925,-0.9007936521397788,262.4535445752678,141.91867383533963,0.14034121047083892,0.7454137336239759,1,3,992.6740667520539,9102.17637972807,0.5900094041146862,2,High
6.1222486522942186,2302.2481850300805,-2.8764293134315793,87.26972851615098,467.76941250828986,0.540884385889072,0.07598178239692288,0,1,27.371099918540033,13896.622187843743,0.3215669721657301,1,Moderate
4.526406299292285,199.61810655162245,8.94175093951111,214.01941166991307,239.69763724675627,0.7293330268954807,0.06762632763767251,1,1,2621.2529179278727,263.9616476244511,0.3510446757035014,1,Moderate
18.532742550760982,2201.550082909769,2.0581762284937106,318.1886148959853,124.2886959682637,-0.011514732741823852,0.1531206525809874,2,2,575.7485558295589,188.4022816964892,0.4699745738305513,1,Moderate
11.965851008489125,1832.3301689622865,1.5814505537198897,327.8439863705897,223.18274925476237,0.2977673402255987,0.14745096744053243,3,0,3491.1936269353205,11198.038608207562,0.22207044026790346,0,Low
65.38376749441512,1955.5489112500813,-5.361977564621703,345.1624577010112,247.25027733101646,0.15110648113622505,0.42067047484940445,0,4,837.349979342526,19644.24068457015,0.5940813901072366,2,High
16.441049051853323,1322.041011224778,-9.066043642297739,278.3740147487959,580.8752127281299,0.11169489665861787,0.15740408228536418,2,1,4086.901977600177,5447.1447583666395,0.5534656340340488,2,High
73.18989418643484,377.0112522240024,8.90377159519089,326.1556462532094,433.87784109835775,0.7469033868141899,0.8545256442665965,2,3,2351.84066437999,13657.871143333505,0.758605696023315,3,Critical
25.267184382833012,757.3533942809775,-3.725294823106921,84.43111391469873,341.97097456985364,0.2638194075040224,0.5780969309280258,1,4,2831.3895230833123,3445.150858053647,0.5279794155945341,2,High
13.658843676652447,3332.532024923084,-1.1482195335108258,71.12913996617172,582.8802262754327,0.1729839759843041,0.3682618963502514,0,1,932.9258265135587,6230.972635216676,0.49069986302056623,1,Moderate
59.227388035685934,1489.5785117211753,-7.707201128285863,2.3357101609895237,546.7268572607993,0.4638615955686151,0.0696225382252671,3,0,733.4403876523144,1561.49780950416,0.660563587376228,2,High
49.40308316256571,1686.7227298249381,6.73848659818584,254.4639686744754,331.60047113778785,0.04134173760111942,0.5910277959591251,2,1,3156.46233260106,17615.863199136893,0.617113316441934,2,High
37.36467873398542,279.21328550169255,-9.447363342881388,337.48818761294797,548.1237994573394,0.05288283962488688,0.11653282059212633,3,1,1277.3030767084258,6208.748031063263,0.6634543261270531,2,High
41.65226632032234,227.725180449534,6.679815241981931,67.29672421500351,272.36756193446115,0.37231760395865515,0.7432202504026062,1,2,1929.6278415887891,4609.328948059801,0.5822413006739297,2,High
53.94013337041979,2538.416919958976,-7.194299744240665,229.2996871536764,176.73136594614357,0.25020000151080257,0.8027580967438215,1,0,2397.2457696849297,14612.083568798009,0.577700521108485,2,High
17.134105599847405,1929.5218580117785,7.731282252623043,268.72551331983993,177.97299725214683,0.12448062231455692,0.5439762579598412,1,1,1148.1680279046984,3988.8031122098555,0.42402114380095063,1,Moderate
74.72504370425564,1829.6003463353068,4.595452746723147,333.94112465330034,414.2735384431697,-0.1406537544984876,0.14960285914085747,3,3,3977.1190527985177,4805.507209967661,0.6386209780717871,2,High
73.10948716100873,926.6234034370735,-6.706594749853898,232.86968064619978,325.5886763890024,0.3728516625023737,0.7868627237404655,1,4,4697.122044544528,2072.325073214292,0.7021194045995919,2,High
48.77442647602027,2632.1524875417354,1.3163598571893615,349.30574378955083,412.4229658529957,0.6982701261611826,0.30782778925933396,0,0,2159.465810301139,19257.43818389754,0.4646233638477482,1,Moderate
14.965683819685886,672.0043689688724,-3.746873712895611,124.0823307645172,427.3417803441934,0.7365149258146637,0.22265314275345982,1,3,4587.741922443818,4952.754990433579,0.4288639850298291,1,Moderate
51.01711818234685,745.7781284474681,-6.435338021768331,125.97427215770675,62.27758009374469,0.05898397769868824,0.4705566410184253,1,0,4413.414086711793,19913.26605604765,0.4667308366144626,1,Moderate
5.414880673438188,1666.4213825841366,7.183643988222169,195.4845036051644,79.72177579134629,0.45960532434223716,0.9226462413829178,1,3,830.2361436006289,3522.9888193695792,0.3701333901027384,1,Moderate
2.2989376654354547,1073.351531180599,-1.929544669855412,138.06067720172655,342.9727496251874,0.7414694404092346,0.2973732920745237,2,0,866.9097291145661,413.0369995634009,0.369503955967601,1,Moderate
19.326216638341027,941.3741361926976,-2.02912571269235,0.5132621835117446,155.0695127680423,0.24959852110389125,0.9055785009726203,1,4,2387.0253073519184,17913.872268885665,0.42729753606303383,1,Moderate
34.69672175544872,2293.8079914813275,-6.6022665038676,263.43792903131543,397.8935728424418,0.8253504990382814,0.053653308739827876,1,2,2629.285896159768,11600.345036802311,0.4496670481495624,1,Moderate
65.12043790562853,2313.3039337430514,-2.3386864782844263,270.618134932254,353.70215654385646,0.7932763820425082,0.08352370501794681,0,0,1705.6486282619576,7028.199999682574,0.4671227152360777,1,Moderate
54.5376802324731,2903.358037319759,7.432336926577005,268.91085768723735,372.16819710399017,0.028947287160690338,0.698561025135247,2,0,1564.604899193086,10266.793249141025,0.7309332798635911,2,High
55.70298908999858,1520.2091277081179,-2.737425790207282,124.20743997976797,216.35045890705587,0.08486131619022419,0.19059266144817555,0,0,2156.836449007728,5214.539098148572,0.5813671652247218,2,High
31.91200008360565,348.4893094889108,9.03207124999576,188.0242103920219,401.91392845284315,-0.0015138014894342244,0.3166206831966254,1,2,3452.3964069960043,12695.177005632488,0.5192966784483386,2,High
25.94512444102222,1030.465708732956,8.92617798416775,129.590466543601,506.22095006676267,0.01565978660017253,0.13637298098057904,2,3,421.96816505940535,12329.371166851326,0.5885022722898662,2,High
27.8279072238452,3432.0185748691774,-7.1020268138530795,5.773104011032477,598.9391894757305,0.7986482958908478,0.33224826913254835,1,2,3552.910017561702,1603.8457807937866,0.5821324331309199,2,High
74.07371728020433,2127.279155791187,-6.4537749295471025,202.48161885771074,511.14441239471785,0.8242517001118854,0.28045999389246334,0,3,4631.201308160674,18213.762012021536,0.5754871155809451,2,High
3.008189355936186,2513.106088323469,7.253481406637782,44.55383979024398,356.62431782397107,-0.14291303469635597,0.7363376389889836,2,2,3817.533544205148,9210.506844502168,0.5758931305030108,2,High
65.02736220918364,125.01662072640943,-2.144781621505616,28.814876672918615,156.3862754239761,0.4529636912394253,0.7020233881890439,1,4,958.3842817307952,3903.082641644475,0.5521733961859687,2,High
43.40065564292951,1861.899489420571,-9.912520354339813,271.9796647308434,424.7952318659015,0.4206547191433288,0.9549271764283654,1,2,437.40594388570975,6147.677188720313,0.7295386224230203,2,High
32.89615643921928,227.5974356081306,-4.52256360589258,3.422232870518025,565.709582056888,0.22960241139690585,0.7244216851730408,2,0,2451.902044947695,17324.435096752128,0.6531367448449739,2,High
54.39432453113524,2035.382721110923,1.9525798639111986,345.24303969914143,166.52659685276632,0.4948673521054177,0.6948177530213849,2,2,4782.030445894935,7663.703439642022,0.5298429378092395,2,High
36.50017060685271,3230.6208887626563,5.985319319199361,185.49193108052768,190.7975912896174,0.8421046080619352,0.6942038890626517,2,0,4095.2964369441042,11239.223423912568,0.5355719013665088,2,High
65.50674285612455,3392.625043701387,-7.3322276581348085,353.88591505421346,131.95469887640814,-0.012719629005639194,0.8829674556481761,1,4,2813.6681950649645,18953.794697659025,0.6262140767645058,2,High
67.55263980084439,1937.879096322342,-7.789172711665293,20.879126090175035,455.19690399452094,-0.06754799931189881,0.2962367328755501,1,0,714.9071170879639,13034.328751639328,0.7136939685899818,2,High
31.629069515509155,1657.8963378575343,8.441853071446634,210.07063759172877,273.6088268830126,-0.16327037208812678,0.30009210919380425,2,0,3569.1839105579775,13514.33487851204,0.5945014020057184,2,High
20.76208479262887,3313.0581204448795,5.0229673564516535,125.75773295132802,84.48260138751124,0.20021663862415784,0.7412138097049368,0,0,4064.9911930378235,4971.376743241507,0.3865757910891868,1,Moderate
44.426274644502165,2390.2734287887633,1.795592015561569,303.6536974131429,531.2224953196542,0.17139132478565267,0.2287051371501274,0,2,4675.345682129216,13365.903700559693,0.5183984749820443,2,High
68.42725092125183,320.65755043059215,5.383735799918561,130.04018468434305,356.7195475864117,0.2739016569745083,0.9120200041479699,2,0,3060.5811707995763,7876.054883850025,0.83257841786624,3,Critical
15.799664175424994,1683.4669640694917,-1.4229127738672318,93.77552846064567,232.1018606001957,0.35364103396904384,0.534781725086886,1,4,2572.3290732270425,18220.849691993477,0.28023713621259416,1,Moderate
46.722493767261206,916.8330627786332,5.169114946182532,308.7191257559688,239.19063683360332,0.6336063934335001,0.30012492809283176,2,0,3095.9102178383964,2590.7769582115425,0.6073104167311529,2,High
47.36701650693904,1697.3346929255174,-2.563940174509285,134.87511299517396,209.63817110499872,0.2313247295032702,0.7760999296899824,1,0,4716.262523292723,5712.806993272561,0.5245764941384821,2,High
54.98347668114607,1648.5829448216298,-5.118108550147953,6.059995149802129,300.514094815953,0.16367442029735696,0.3123206298752961,1,0,3140.635430866421,1320.014572844237,0.5889399228237446,2,High
9.867576384544485,2079.292329570123,4.580268425859373,140.50407630216014,235.37292866847974,0.7095667022855896,0.9632783170718717,3,0,1287.959246968538,7618.076983400019,0.41273839760190273,1,Moderate
53.686872351156644,1313.0196671874542,-1.6065541568546333,235.6280168439391,351.37046723883515,0.7347763377190222,0.9829892097249847,1,1,3180.757039711731,2967.45332312822,0.6624336668201792,2,High
68.17743904992308,658.5195281501555,9.627542086523896,91.56943397029747,475.4344887492118,0.056042560722688484,0.6667962419661961,2,0,4398.722864007774,16902.87508924822,0.8253829742900789,3,Critical
13.476233165268148,1812.6460776058514,-3.0102963538379797,155.51553327305663,420.9537058944054,0.1461390049824392,0.11363388975022926,0,0,2835.0101429800843,18500.864039783657,0.3578739796617618,1,Moderate
17.815749369290824,2922.689806775591,8.434548410621318,20.417449781601185,211.95129101476442,0.7076280080010973,0.2632088499332925,0,0,2513.4941400485372,13388.512896094315,0.3138067469008256,1,Moderate
72.85463205312297,2357.6415754298478,8.659250971341589,211.7134049450246,340.8075563468786,-0.11265093127245869,0.5154169622160554,0,0,3666.8462475125734,2066.6919997167856,0.8180909006509991,3,Critical
13.573271453211733,1250.4507441457338,-5.162941058705077,272.26617258974176,512.069387951738,0.1584314584298117,0.8514474500979816,1,2,3304.943475724061,6832.617632448406,0.6151644750703879,2,High
64.07888200271843,3280.7782773801146,5.964423631760267,148.7925221043997,87.51342910849901,0.2931851177449474,0.18488649694202863,3,1,283.4379947684446,19289.83784695878,0.51112628638198,2,High
36.92083923360261,3201.5057422472196,-1.3385098971086968,151.28374780852562,93.06349684279762,0.005778776720628126,0.10440345901393233,3,0,3626.555704487154,2726.024479190006,0.37809986523886463,1,Moderate
18.54233058023828,811.7845579059358,8.35049454460696,31.781699490569917,355.8935374273644,-0.00209438372823198,0.07447748318903558,2,0,2037.7471504304228,11129.787652455929,0.4089027858207546,1,Moderate
65.30624259543835,234.0197894092341,-0.9975145472952249,72.69871122431373,401.5133206143918,0.26734826381488164,0.5069675623600469,3,1,4704.491400153685,7058.589519911251,0.6684493177857274,2,High
33.39789412519991,2620.4496083925915,4.886074346747321,55.683109126048564,166.27715867674726,0.6299738972083413,0.8847009695947058,2,0,4854.014942092707,19983.252243057235,0.5121296063765338,2,High
38.611301544726764,2913.874888587121,-0.6606518167240427,173.40759671815366,459.8710696803349,0.7242562775023902,0.04235924264389235,1,1,2243.694090622751,5707.78129283624,0.46428625347153823,1,Moderate
26.942502704982427,3390.739524234608,-5.443984885742877,190.53199474227003,405.4448573724001,0.8771586017897908,0.2123215339935346,0,4,4843.974233289614,955.4453056688671,0.404563493706622,1,Moderate
44.471313857619556,3125.4437399002563,-6.012997421106274,341.61844726233363,557.8090975299575,-0.11861754489910906,0.6932570158395017,2,0,1554.1025747799813,14043.65629649335,0.7346983670023929,2,High
12.264290443876707,2141.81821190181,-1.4913761148730877,26.363341539804207,142.92481102219517,0.03835042126059196,0.8258634351437154,0,0,3413.222107259889,6534.786604882199,0.3818405044326996,1,Moderate
29.331115248882053,1902.1779533220947,5.109893140284299,215.95247033581697,463.2558459469059,0.6322928266226175,0.8073995292991696,1,0,375.27355554708816,13151.628679092457,0.5562788810138722,2,High
72.70592417514656,194.6595742927934,2.101429703615336,189.53946983816687,96.00369982079687,0.3946585766612281,0.785068057320331,2,1,724.946742577236,2093.039736290292,0.6351779806088922,2,High
19.360007452584565,938.6319192722447,3.7725857980108657,185.8439152568985,360.9108252348436,0.16044775135866007,0.12979980081333997,0,0,4322.629511889092,10461.264018605023,0.4252395307470089,1,Moderate
49.25524984059692,1662.6901558919499,-4.353472985361151,314.3373434578175,353.5423267245302,0.02614862737196791,0.3972375821829185,0,1,4468.920196484817,7504.630968052955,0.6618659551697101,2,High
24.389254816852116,2236.9132602841305,-0.3712930808478898,73.99384945037514,263.61177455570737,0.10852530680669287,0.9847446628317466,1,3,2663.0559598487234,10735.342679572612,0.4937773209760589,1,Moderate
58.01048442649505,1994.6562332825963,-9.11209470061346,14.678378762893725,514.514131217712,0.27221784533104715,0.9888875715880882,2,0,1698.8671347345762,17069.447958822733,0.744100065976943,2,High
9.815524553876237,2624.962364917748,6.3506483191624135,242.0177427483093,52.40385463230673,-0.005133658543363978,0.6024273919541879,1,0,2255.1196588197527,19454.94575922551,0.3562397988921015,1,Moderate
72.73657838089085,1051.207565015939,9.797843244797491,124.25668708895284,336.0986710441864,0.8606485514644258,0.7092672047211342,1,2,4348.12244572328,15062.642982360061,0.691576858415917,2,High
34.03421560377294,2020.838866018409,-1.8624187475065828,6.332369836508853,169.43445240935307,-0.08165271094013819,0.9512837962853091,1,0,1054.9671131045895,15337.166304407958,0.5528222774418482,2,High
17.703784750984795,399.68362752869325,-9.780726937369133,90.49464262454897,458.9242405140381,0.8841351779381412,0.4499278612412104,1,0,1474.351156507982,10578.721794787849,0.5381862558909427,2,High
5.512256049750949,1506.4627801829038,-6.604147208981052,111.35763871805227,73.68708446835345,0.72608261460074,0.13686685788379327,1,1,3927.214671263838,1947.9988771655244,0.30318045211869504,1,Moderate
12.731842881565555,2650.5468320456434,3.0505375550083773,222.06181564232713,507.3550784998677,0.26546677926511303,0.6689488755160782,3,0,4676.347229582079,13341.190926434556,0.3990882404865019,1,Moderate
38.98304614170132,2457.5629016587495,2.2415863640771843,62.13088585773796,510.9507246888233,0.6137979678270311,0.9601023049005235,1,3,464.6367000775214,2955.597435649442,0.5970338043500857,2,High
25.27523823234647,3468.1853063854087,5.757294391710879,148.6995652632233,508.0763068219266,0.5386667680660246,0.6972060938662944,2,0,4018.8615067614787,4913.221131574608,0.6362621916979764,2,High
62.16625244119571,1044.8298283583704,-4.922319780778636,173.69115999041972,133.9126897029684,0.03461560974382405,0.8033211270237377,2,1,3225.341534659122,14151.650261403829,0.652020838030546,2,High
32.31656427463545,1793.8436171915291,5.272638310942682,165.32546089107274,396.7235852085747,0.17297709473084105,0.4227488039706151,1,2,1153.8577223202444,13139.85188236194,0.5944187705592692,2,High
18.653570444072244,1220.4034068315889,3.759680430473395,350.61867600004143,57.90204755086428,0.36443481908600367,0.09646315414485107,1,0,3779.08598332384,6286.51883179562,0.27253027556323883,1,Moderate
46.28587399530225,1598.050587801194,-3.5437100457231345,16.3815256045066,516.37942520906,0.5016285978764996,0.1688820865517333,1,0,3639.580324996639,15440.884719471424,0.5751744062180436,2,High
53.008291266408435,3013.63044155592,0.9097629611392399,342.34854712286375,447.6363564297413,0.3971844794922837,0.9826548294354771,2,0,710.1490577470571,18786.3156888451,0.6544774518267296,2,High
12.52814309257124,2426.3108556408547,-7.054523830033466,209.49739703785198,342.13455199458895,0.32028620710712125,0.49318431699428755,1,3,2511.2552870569434,10905.192422888002,0.46486219456162087,1,Moderate
12.571441221623825,3100.3000505817777,-0.9487099312883469,286.4619773891418,451.8252882031394,0.2874675008003902,0.012020590177249879,0,2,3791.4554142533293,13553.733180341798,0.3009851116379375,1,Moderate
2.750357020015723,791.937768328414,7.623946791112818,154.94134248578715,101.87825315847472,0.3480909492245197,0.9553672807311738,0,0,957.7206340390626,5435.591689405366,0.4177782295097522,1,Moderate
55.23015112992304,3069.4278006608893,-1.5761724034921833,163.38163725251295,340.76070769727096,0.2777866718305674,0.497779911971053,1,2,2313.830111955851,19416.14089285388,0.5989571650090858,2,High
49.78533957163538,303.191732206507,6.791334129508439,316.5575396456965,210.202070499045,0.39546308530028756,0.8362683982918376,0,2,603.705623476557,5474.098235715778,0.6003938040884811,2,High
35.59731568123604,3121.237553486318,1.8050673051938873,322.5364186650848,584.9407047726352,0.7767838289513336,0.5484581420368935,3,4,1534.174620204468,17748.180484976365,0.5706470442990988,2,High
63.31278367268978,1218.8508501664749,-6.162465737952864,85.92799731526715,521.414872843146,0.4961122443600729,0.10170228367476108,0,0,1089.7245045076709,18557.382235974386,0.5482316497811295,2,High
60.42526147125399,1169.597953607826,1.6221248939579276,71.72707629046255,453.3016327086873,0.5948829624873941,0.6155695821319467,1,3,2525.3556336242796,14392.57189207872,0.6221704705737097,2,High
43.901577329756414,1841.1011607754574,0.1196665831412691,178.6446625931824,563.5611993873525,0.45723144710385427,0.9974002763196093,2,1,706.0766741037622,16231.748554414926,0.7153271279476096,2,High
65.1203460384944,3298.346638258988,-2.02717329607232,324.099729765969,240.76381751101056,0.5073194506554026,0.03473778264594307,2,3,1915.7537769625644,9157.136155803208,0.5113910079794641,2,High
15.438090752757619,262.4566399167783,-7.607391209678593,116.04783362622346,545.4839444434997,0.4361848112929982,0.841794197515044,1,0,1375.814524928297,18390.93578900108,0.5552133506079141,2,High
8.393971454829591,1297.585315240534,-1.6658267230554031,234.72526152208727,228.88102765869067,-0.1704468255845945,0.23548079565076496,0,0,3730.2445710348834,14852.924900782808,0.3501393358399335,1,Moderate
20.231220863774222,3012.3447615233413,-8.544752475207458,254.9346075866164,453.03819583013416,0.8995582204200219,0.39386622271218563,1,3,3498.348865676719,6534.879830687066,0.5137156615638621,2,High
4.281514206698614,1446.585223280587,-8.024618972024975,280.32287936189607,455.029301477047,-0.16302983576581365,0.37270951177289535,1,3,474.6526483281138,698.9033531088085,0.578436420662682,2,High
39.8377146000774,777.1334518300279,-1.68166934134568,203.01280485154678,60.09243204975141,0.23466280905701908,0.8987971942691196,1,0,4767.419439389591,10815.66452713762,0.4615709814713733,1,Moderate
70.2454269221221,1544.3002165268,-3.892370360630726,144.88386418042904,248.58283405300733,-0.08437275387117324,0.5044861888318382,1,1,3723.414590400444,16813.006494822508,0.6617766320429855,2,High
2.9507655501382235,1410.8785050716756,8.510886517244469,348.12575596763025,60.687969824673836,-0.0933787045149743,0.4471742868344275,0,0,3079.793478738842,17213.36237744603,0.263690280310765,1,Moderate
9.15824355075201,3212.4150849867915,-2.4858838923945896,220.07907118902696,598.4006096856367,0.672879646841932,0.8180251088367764,3,0,2388.5074739234237,16702.374509670753,0.4239694376401442,1,Moderate
33.91492712125765,2690.57687752653,5.1571624414420025,262.2834761879775,117.2082190060809,0.2685183572938847,0.04890713430494775,0,0,889.6121038271948,4294.92970842237,0.3744738712495459,1,Moderate
70.04062631459287,1817.3928895296217,0.6049505273248545,124.1938244505162,348.5459926064602,0.6812525791286415,0.08645631509522378,1,0,4810.079884933969,8522.969591997953,0.5919580061499413,2,High
23.711707873256287,3460.4599268533416,4.081713372846709,241.18170516110882,484.8059313194505,0.10006511774891469,0.021688856876289297,3,1,39.29188351204094,12276.517103629449,0.460498131918634,1,Moderate
38.04261065162943,1681.9436063381393,-4.7976803396920165,92.80715837908534,160.69498124349087,0.08210907098685827,0.6879829040075507,2,0,3462.4056711493877,13351.129841360666,0.5639780932246223,2,High
3.1179644287794073,298.0086247889358,8.838099456766582,88.23489031030901,316.77896745250996,0.07635451999590837,0.5256161370791812,1,0,2537.2216226914925,6691.668432523709,0.48450204000159053,1,Moderate
11.125740072156665,991.7326941709487,0.6017699382884789,257.2999926513935,384.08581850663296,0.47776018904871126,0.8760221258682827,0,3,4512.90945012287,13852.846475009223,0.4333362188765162,1,Moderate
73.99725922191352,1582.6396327456628,6.626481425704995,187.70210505465664,138.11261491754996,0.6964993288301602,0.49853290297260566,3,0,1903.4863967738797,11817.940149352258,0.573566573284285,2,High
72.38390223270342,633.4689220968083,-2.6990861304777303,245.97957975206032,478.2055029513462,0.29748711108276465,0.22181957276199415,0,2,2593.222094839754,11335.511494123031,0.6113769886575113,2,High
0.3704985700807212,3321.721429501746,-7.995773018989509,96.99785666931301,214.63505145415093,0.21717377970519064,0.8051473731044161,2,3,3711.69695956693,13260.496474705544,0.42136860200340953,1,Moderate
71.38588390674292,2707.2862525804285,3.4742329544169763,215.54040278042294,166.06269198636218,0.8709375096218144,0.29432385423262286,3,0,237.8327166126115,12067.358577323499,0.4745790876359913,1,Moderate
47.933995336162525,1012.1764814544271,-9.84480703325151,159.81611389312053,357.05881054057926,-0.07157056038719731,0.935689782152209,0,0,272.37620512510773,3337.4926931732384,0.6935888939753669,2,High
65.09387208900166,2108.735413960914,-0.4941404686898352,214.90570326439007,275.6724952036158,0.3352959502493818,0.25042388785224046,2,1,1058.3637441896437,17488.326547305598,0.5938954191905608,2,High
34.105489172539436,2552.927134172545,-6.1439619466708155,104.71670360791897,556.1572695500297,0.24933652849957783,0.1677206528702868,3,1,732.1229176461436,4811.395069450335,0.6155022177000584,2,High
38.66970214344377,3300.348358283113,2.5475100887072433,257.56234691368456,534.0344840089847,-0.09206074375442058,0.49332399151068784,2,1,32.217341669464325,14889.775624647888,0.6767064625220233,2,High
36.66349351926901,3097.5601871963963,9.588397462757044,290.1345718174076,315.8428648638858,0.09502039829704112,0.05051511797024333,1,1,3114.9491105310535,3529.133459169096,0.47195983069693404,1,Moderate
50.01481931595782,1851.6535688699266,-0.7119418735870813,93.56993058878051,247.59507609907865,-0.16871466616297678,0.036411728482617645,3,3,3979.689837280038,13219.328257224543,0.43902204641866466,1,Moderate
10.473844106723467,2733.8189072962596,6.349965130513333,108.22340154803115,229.03488989719588,0.7646497178812528,0.49601454525545796,2,0,4785.574881677955,17913.675175983128,0.37500537030883985,1,Moderate
2.2480192404508466,2011.292163013789,0.15568373902242172,238.01553709887347,197.15999269482907,0.4686344818894413,0.21510688079478757,2,2,2204.5015883595916,194.21030741248126,0.2732885354650393,1,Moderate
23.094745619339317,1979.1932261548363,-0.08319937791951837,250.4106627492759,349.5013195418625,0.6965203476572759,0.0093526383951813,2,0,1398.6032912078417,19593.553330805786,0.34396630194128147,1,Moderate
52.8510572052485,490.12265834985243,8.608469863575557,253.475886383082,492.73823260399894,0.3737098976432888,0.2960569114315217,0,0,4319.512243892487,593.5173331980948,0.6682510774164113,2,High
15.139008909221127,528.868037254917,7.799317374933629,245.77146171930124,220.91613451195678,0.4594608123640838,0.4773673538465919,1,0,4221.978064196962,227.35241789308526,0.507806918422113,2,High
50.5074324993688,1900.4142910763553,5.716009303759488,141.41077810291398,154.55174932844483,0.5709399255900813,0.39428870146042316,0,1,3124.216054668517,17151.201966745964,0.5140434409626364,2,High
72.74340345804528,1014.1292529286225,-4.074884933664318,142.1473227853242,311.51609340080773,0.7988127902106366,0.1354694661604231,0,3,1365.745193209673,14174.080062081384,0.47058028615652303,1,Moderate
7.042553684206379,171.52546836559335,0.9001683144788117,91.73434451197731,87.96892923871658,-0.09907292339156967,0.5796748278319775,0,0,4542.5879745296725,2116.21315856753,0.3494827826193091,1,Moderate
50.44515886688447,2557.653293260722,-5.5220553338863,56.460131962690674,435.70345337133875,0.16404323420929962,0.710332991147637,1,0,892.0066834588952,18748.29813191879,0.6415594838569141,2,High
33.28126644784284,210.45442874656086,-1.1216660390692041,249.32785658288603,335.0970464660635,0.5799288097700006,0.6755391621632953,0,0,218.23251821842803,13438.644823256873,0.4215797894958721,1,Moderate
65.1106690783129,2123.9412597537857,-0.3157386848041881,33.54796295003262,323.0061443850698,0.8541856193015323,0.3937619212832725,3,0,3983.0914236368217,2220.8708707618484,0.5404559175461363,2,High
13.286234208553942,1933.258900032869,6.632800803386619,337.60522324324137,215.24495875251236,0.8788881713390062,0.137596151171114,2,2,2818.295302172293,17211.071918489135,0.31726473001422323,1,Moderate
51.94694641696234,3393.969947964535,7.920567306499862,297.60706932172246,547.5703906424551,0.5019133100509887,0.4994867734907227,2,2,1232.339085592626,9618.097045196006,0.7392962488563407,2,High
62.85864672360827,1746.3246737819816,-1.7075987520704423,308.7020663846122,99.767460517254,0.012958325530354003,0.8904317549370827,1,3,3354.4783116010635,5562.673801337696,0.695415326648134,2,High
70.84606646055174,316.244883684511,-9.645911098535256,326.4007732614685,528.4032048878673,-0.06887019744464759,0.46872284894123284,1,1,3833.5826190638263,16500.821004653557,0.7914230878105981,3,Critical
51.243602121723434,1975.7390905419697,7.235476795787093,147.09778946036644,257.18786132875744,0.840648008708468,0.19568104974158762,1,1,4222.729756711468,14768.92907381754,0.45258162353991027,1,Moderate
37.28810730063205,2959.7269800947447,-6.5144264299727865,304.8122604061444,534.3429337862623,0.27732045840875824,0.09305330309373039,2,0,1410.630079843156,12460.876042881257,0.5509743203082874,2,High
46.33854301509104,3489.287566556896,2.43763927780787,56.90206810499376,450.818802082811,0.014297636588953305,0.9439266380988796,2,2,127.93725625974695,17970.263042655264,0.7840899666384197,3,Critical
65.16787383590386,1563.1667905428465,-9.500581991317375,7.791046058964843,107.29389966412107,0.8272817673553614,0.7430094088769149,0,1,2550.194100134264,17225.59620136338,0.5771494567176757,2,High
42.79573099791222,1189.0157244889244,-2.0098704947887143,282.56090207898603,507.3449575801445,-0.08502330127925693,0.31296697270048235,2,4,4280.392990651967,4535.833168897811,0.6819372697803215,2,High
2.2790294772627644,3182.6212096367963,9.719206042306997,26.92679327889815,425.1972585347278,0.6025282065427826,0.29535240620517444,2,4,1039.106686309691,17573.723087628212,0.4145049667363582,1,Moderate
69.82115216302333,750.2232388588127,-7.986127977923938,355.8688802373318,67.76605210344165,0.48778933029766763,0.8952184867225975,2,3,2105.627365592692,7480.796791474116,0.7595585146862439,3,Critical
51.71450632736708,2192.4583111119505,-1.526136960007154,242.92671465656014,123.53647516031847,-0.10349186918101898,0.17756823480965112,1,0,1282.1036754244435,8635.486716025069,0.49062119731475545,1,Moderate
50.73850393329349,1479.4290422152224,-3.8570009962009566,271.241895687158,399.59543070963235,0.1726236752033864,0.5350372896565445,1,0,66.81325711954844,19446.647742571382,0.5234537767331673,2,High
16.17563642982879,239.68004084888796,8.101762467765287,88.48938826003175,414.43027658415673,-0.03507624150598829,0.7135042751793014,1,3,4492.620482216735,15197.486570916395,0.5656031902609222,2,High
49.41641026744929,1280.7808126393725,7.386802158147102,242.59154181108772,460.65828806067725,0.4649484517864774,0.3963903519656896,1,2,675.2661335449578,6429.71908725051,0.5816602668850006,2,High
29.539830424061886,1001.7769765090936,-5.246024793875423,15.559177411784596,446.13497042624005,0.32482433484517176,0.039902342543088554,1,2,3833.835578767534,12958.517793330744,0.4777377097560386,1,Moderate
48.8424732781119,2432.7099234078555,-8.376244258991377,301.61725917249635,412.7359750684752,-0.19529736287345995,0.22775881371952156,0,0,1733.0161589583026,10786.486725302233,0.6696647264771616,2,High
7.994477273099304,3325.8876921525216,2.5427678812223498,61.06467349136608,471.43139596053237,0.873281622912299,0.9018081374423738,0,3,1388.4095445333262,2332.064740911619,0.38234433664288037,1,Moderate
49.3383978452277,1011.3604370873684,-3.272625762325805,251.0489040601574,366.29713824080505,0.18454311487849445,0.5231189668395544,0,1,4705.144432526843,17755.04675979967,0.5075191408602179,2,High
74.9560294328,2858.984193115718,3.441687812121261,80.8129804437822,193.4352620384502,0.08402483212075501,0.8154412464879698,1,1,3285.997433703212,16437.62967267979,0.7128071375540144,2,High
3.615902914541702,288.22337759059235,-9.357604878643711,24.643140993375386,551.807137551895,0.044687251373512954,0.5556855427906173,1,3,3434.613309607379,15554.207137738738,0.5077257148469565,2,High
73.2880638165988,1929.6114341353648,-7.332015296450212,173.33772427778194,60.017717012587866,-0.025302514209075366,0.9436020957123034,1,0,3798.264592269223,11183.067751540255,0.7233506875982182,2,High
30.518097054215296,339.87021661364156,3.7274446554528673,60.9430356982042,251.60894592931962,0.899050783838161,0.9091340755568451,1,2,1704.6666801133208,4416.748805628364,0.5134605607312481,2,High
65.30650877529443,3275.712169844174,-5.752586893950045,262.59983579755794,450.87866120343983,0.12462041466976537,0.4828880420104019,2,1,2818.3224034788655,17677.920586391887,0.7612208570151136,3,Critical
58.67891130437051,2705.594353895127,7.151753515248032,85.52370361805455,284.9358226323209,0.24606484694670983,0.3182740254363494,2,1,1351.1167202344282,7059.312872379611,0.629471638846912,2,High
42.52621957400009,2337.029698095614,-8.828182245797292,123.29012024489839,63.658924114007874,0.7584915077958978,0.6016687873456102,1,0,4172.707577384345,402.36235910289463,0.40286971232180935,1,Moderate
55.38369069384949,2901.2476975238587,-5.690360344288507,204.27813045521026,86.28949671391726,0.5060762538971659,0.6748876816694735,1,1,2996.5368964933,19635.483554923136,0.5235967309428754,2,High
65.88866709760109,2301.5673049385546,9.971204969701372,102.58857992783217,406.75055302605875,0.20556385291979978,0.4983550923006316,2,1,1217.034130205588,17223.14206843835,0.6800635573739112,2,High
30.310524123827474,3394.4109503925897,-1.3384779482641473,136.0757218355862,580.6755296729148,0.7881612795162385,0.8222832210950944,2,1,4498.792031608891,12453.607108758424,0.633854222173579,2,High
24.527487117242902,2527.4570227402232,4.05931327089287,293.6238375745392,353.5249997089744,0.6246966224349602,0.1833285217848828,1,3,2904.200002419259,248.14278854989215,0.44089668088179484,1,Moderate
50.069503917268854,3243.839272579639,-6.346739022859726,64.51554584196926,328.716799913073,0.05069055829586966,0.33441183062403235,2,0,2475.1525162870653,4554.321143496083,0.6479355374219632,2,High
60.58844564559439,1858.2484328361693,2.197374699710755,29.592572213496126,225.078867180947,0.5081128940599124,0.686376357366453,1,3,172.43793215983573,9040.997759516491,0.6130829654536119,2,High
57.171385108246184,498.019004138333,4.522121367388369,118.20880264788694,191.17987062633472,0.8146383481216417,0.24668386538755727,2,1,4549.0100258030625,12561.69846492841,0.44048817629090753,1,Moderate
59.83602366439759,1895.8042528382582,-3.7104672826697893,152.77563612499614,61.541739965956594,0.34610696629545384,0.4398447446836339,3,2,4761.36958015689,14163.090334853063,0.4633286695332407,1,Moderate
32.66874861096998,531.3676154145172,6.577942239517554,195.35734156916436,200.12517720225915,0.606973643114834,0.9637335466282927,1,0,2812.9931391890195,15765.453956030402,0.5266054727029741,2,High
61.33756621312662,2114.4778291997773,2.0683515694456656,134.07253062300254,297.01074247588883,0.8682141183880752,0.6258759726865741,3,0,2212.5667680727865,11113.21851374031,0.539178128383917,2,High
9.015679152795633,1740.476405794054,-2.2175398076993957,284.36821208020984,158.8723806769226,0.5594555549847342,0.9490572346411257,1,2,1797.8253300234514,13123.668557027615,0.35768746688170305,1,Moderate
40.836682347063714,2216.756352631458,1.152847866863171,14.155015560650375,98.04139366478607,-0.08731744125731132,0.7224414032485759,1,0,1340.2399126801783,16224.853964307275,0.47641159603239,1,Moderate
0.4318995373591178,134.15973558642742,1.5352169487184852,155.43631375148087,444.7503269900314,0.0690155060244183,0.7246667696671729,1,4,2872.6466890210313,14396.82620661609,0.5053986994235412,2,High
24.343937242520273,762.4576716282379,-6.68929414612268,137.61212927630567,542.041147987437,0.45460608107691386,0.5918571736902056,2,0,640.4752650728268,19096.24664413413,0.6145584559861811,2,High
27.484615115354842,1770.523468501245,-1.9453526026606767,233.12825669046924,565.2246383278971,0.10311139690909671,0.1422085948147268,0,3,4595.868041225701,17492.91800796177,0.4371375027761639,1,Moderate
29.712951870694155,3331.7121094030585,-3.1313882396101373,347.85945068306256,389.89930067334416,0.853295875928054,0.5197142908862877,2,1,879.793690289104,3387.2255559084774,0.5785800513228121,2,High
52.160040501739665,1404.2707372075386,-1.9819455484174782,183.73514638639037,79.026020429605,0.24588723742439117,0.252666200503471,2,1,3727.566311717587,18948.382534341614,0.49803284133560316,1,Moderate
29.14185759527593,1542.864888582358,5.222211769705158,355.2756648990194,457.4744464789754,0.30295344630560156,0.9986725543512802,1,0,1534.4388618432574,4083.519851292239,0.6655854114093392,2,High
33.6520216966898,2529.9667026225156,-0.3492318506665466,108.80978216875108,110.55241789403752,0.571762302817129,0.26696194010122054,0,0,1130.3553883933914,19825.275714028732,0.30879594888070233,1,Moderate
17.81580981557456,2152.8953747728015,8.806323064785285,11.112527715285964,418.3614647283032,0.3766747044760616,0.2306858434614485,1,0,2789.345896773899,14026.59084000013,0.41316513956868756,1,Moderate
27.993884372200505,1116.3489103343331,-4.126471732831276,59.63874029150859,478.6512096613317,0.22036056357764522,0.6238831551240446,2,1,3825.6249057975256,12550.631054826397,0.6623674832327013,2,High
17.04522204473636,1496.7757449292544,-1.6859284343014203,142.24495851884424,449.22559095456,-0.11569833732996337,0.5109488132196301,3,1,3633.6833447015733,6486.455525294273,0.5349800497452158,2,High
5.489694282633273,840.1793161145904,5.739136209580828,113.88020730787879,573.5360931686218,0.4560901484586503,0.02135291325451416,1,2,1168.7817544860375,2662.1504983279597,0.4471318971349258,1,Moderate
45.25864450360334,3384.472961042709,0.9204918664150057,34.939487154015964,455.98045645706435,0.7543380338734382,0.12953317899246986,2,3,1652.5117513480047,2523.460328987406,0.5553003225136566,2,High
50.11595989162622,544.1568972950231,0.940562928488955,155.75763876865807,431.2653778899947,0.554338685936062,0.8110429418275126,1,1,4344.16091500188,17331.50385180381,0.5836467781131317,2,High
46.46177595072109,1364.245067525826,-8.93319673989633,121.7216777974426,193.95874470070632,0.21964451105164745,0.4836919551475606,1,0,3616.2187225820403,8648.836923992752,0.5495356518258977,2,High
34.762053285042924,187.85250554803804,-2.0280067456308837,44.142919364677844,558.6227775397459,-0.059501328914557644,0.14601521482301438,1,0,3563.4695267628103,11197.037137262376,0.5815245746256654,2,High
28.483933513442235,854.0502725740578,-4.58532535156535,106.60216702028721,148.7491289367918,0.6979720055946683,0.4652425628357336,2,3,1344.525381659455,18636.722152747345,0.373145764744773,1,Moderate
64.75002371788689,2753.601870492527,9.986702456622307,319.1169799279406,547.6931363102195,0.8359231984543254,0.2531490830824037,3,0,3960.0215383721775,5107.094096198983,0.6639912547405764,2,High
38.931133885216354,783.9957897821902,-3.832898587353794,108.73759157616246,221.9643988402507,0.22710028987589126,0.22359146111234374,2,1,1792.088977162189,15278.749708543031,0.4916235259064201,1,Moderate
35.93864082222982,372.21556859848306,7.689930695877269,257.0239523671386,121.5899766327178,0.6015064081024677,0.9577252764451044,0,0,2006.9526007965494,9409.295236764441,0.5117868812439593,2,High
1.9231549354826765,1713.1408114713793,3.5246747008095483,220.33694867679202,504.6756649991439,0.2518397838798313,0.362024526857741,2,0,1437.8054450036304,4255.09318238275,0.5259921118267936,2,High
25.593587071961725,133.8953980973629,-3.1816718161581914,153.78521846701383,51.37249948045603,0.35249363273741935,0.04643110467233913,0,1,606.9512351962097,17059.433611608154,0.27309265897376295,1,Moderate
28.51467140893928,388.2049250495328,0.8706875674824737,86.0492292493209,507.64857472445686,0.7201240186780506,0.9703266726373028,1,1,2101.9678149789906,13598.983468995008,0.573923191518824,2,High
29.911708567267535,2845.9279565141155,6.810717598983874,132.84529176454035,194.27151312528676,-0.10823322356773106,0.7948395747721578,0,1,84.69750961184297,1898.4336515378031,0.4846967836733149,1,Moderate
43.51292769204992,2723.0093725226616,7.667365960618238,213.1585968495754,536.5967000155918,0.38336888366537564,0.2544133065641585,1,2,2279.5511971362985,10835.143905779643,0.6245748444161686,2,High
40.02019100451589,3211.4719893766464,-6.792122499877095,126.27115730976779,430.3135502328685,0.03608230213834471,0.40889183470539137,2,0,3625.0321905157643,17035.277043865197,0.6289599339746779,2,High
45.59288195950835,3005.3524820965486,-3.2085371758366072,77.36271608672345,416.4008330678245,0.1737865400453386,0.8622895745951284,1,0,4803.725163822375,1338.6961644308371,0.698988446424724,2,High
57.36624461565962,2422.7969150153817,-3.2955363957285666,41.926589600987555,250.92575974066386,0.5088717071065016,0.35741351932327425,3,2,393.06572283016703,8325.495944510914,0.4918936212301727,1,Moderate
60.97393040370701,277.93171482225364,-9.159104078481107,316.7160976474435,82.67163563992403,-0.17004874642946682,0.5674040420065989,1,1,1406.4535208774753,16104.289410335325,0.6665132478104627,2,High
53.85923071698708,2761.6853011546355,1.9647551970379311,158.51267127068604,506.5402040130675,0.453207608870479,0.5348568696646127,1,0,2470.655258058501,17167.145602204168,0.6148416775327163,2,High
71.6642771966201,2974.7367568579057,7.09640105984376,225.0749958274548,143.99708734709037,0.11178646339912468,0.40129454862879965,1,2,851.9397435095816,15507.255526692332,0.5863748930442763,2,High
1.3674437007271223,2816.8792956246452,-2.3685122434896444,176.5477300092499,254.74225304211373,0.5364327968888793,0.6395019018137161,1,1,584.1426103815234,6114.191500531121,0.33748170626037793,1,Moderate
14.683348926265957,1828.8287200472887,4.80071889968354,314.12394660886685,380.195077029995,-0.04426051289564037,0.4732907373018863,3,0,2261.5905272527525,10138.59121258094,0.4999163737525626,1,Moderate
0.567215623360659,891.8662514082376,2.554008272014798,196.8965468813559,315.2395562083419,0.6093927641977965,0.02123049167397284,1,2,2903.652644461034,14825.559533299605,0.2447250545782352,0,Low
48.56060356159522,2974.1219173416707,-2.487025290139984,173.0813104616808,159.26334934422493,0.510203691739276,0.8143831076479375,3,1,4101.038632731811,3051.7550589091156,0.5274936975281599,2,High
67.35229117124902,2572.3535531164707,-7.1788040101540584,332.85635655181653,127.33899628525614,0.8683660161683864,0.11315578275371929,1,0,4989.017108970894,11899.95526514832,0.47986434901751734,1,Moderate
18.261172243222447,3434.5879929220955,4.186477055519347,259.08825457632764,117.78544973765983,0.802358899583963,0.4640899308913634,1,1,3871.353899935924,14407.474504179436,0.35519498099948027,1,Moderate
69.527590859723,629.354832370172,7.091303378824808,40.15796664486864,524.6543348245605,0.11163314951967257,0.5799007909274971,0,1,1106.7022598316012,16999.8373872212,0.7453411403691385,2,High
4.520054271717064,867.2595823769872,3.717089848029838,63.973606030853055,67.3577519837335,-0.16995177000201933,0.7055060541932908,3,3,3739.8903438062375,2233.4344771358737,0.3377882427399292,1,Moderate
70.08270201041357,820.1137095971092,-9.642430319303639,283.36423065819906,587.3578427799418,0.5209054172229337,0.41079653528794946,0,2,2685.7681215954117,6593.493891850985,0.7006770671556699,2,High
26.37170154297258,2794.6352099125447,-5.675342112180175,300.9064756247835,159.19077971197777,0.4631761279051398,0.7355484870305314,3,0,2254.0478785171945,10833.078983709305,0.43023472226174553,1,Moderate
7.606562133691239,735.4848079304018,-8.610400302329362,196.26869847250674,110.67726328349298,-0.16982835435690935,0.13135008471857024,1,0,4678.6424695363485,14021.13799829081,0.3280915706337986,1,Moderate
36.440381938974426,326.6434213992407,1.4077219915245358,199.60388203199014,367.33441012723733,-0.06505471787714806,0.653445548270779,1,3,3510.4629345983076,14600.725910498411,0.47646661890545927,1,Moderate
19.258242579038097,3495.1067423911372,5.129553576808249,227.49586662652,93.99227686738314,0.44317187498958416,0.8263389275857029,2,3,3408.46536771979,5065.183479443193,0.45150461822145543,1,Moderate
21.36546764714421,184.3785189135071,-7.788416258626811,158.0816787417502,381.3492947399772,0.8030099904478412,0.8894439728375012,0,0,58.77982363800105,277.53224034374523,0.5158889639391455,2,High
23.046747369471493,2939.8298045401434,6.7667564118677035,244.87168445420542,517.8446546474872,0.7971503041647476,0.5795664959538892,0,0,4325.357456898915,13876.339560115752,0.4615886158766908,1,Moderate
60.226942337449756,1342.2472612722195,1.1101795679096647,39.05325272390965,76.34391180708366,-0.03336643992671767,0.3128951980750373,2,2,3966.502387051555,18182.525746795436,0.5606997498674137,2,High
40.43709575064408,2961.492563176572,3.7993802428344985,346.0605272522591,489.92773249069927,0.22303134104577454,0.16335651171362642,1,2,1494.7093896522128,15950.340902068783,0.4424452340984863,1,Moderate
23.348077436700272,1985.709670117893,9.428036972172926,270.0557365661718,266.96259254016525,-0.1524768492126086,0.34555875287744486,1,0,1460.5670625330436,12449.322061252384,0.48041838787391594,1,Moderate
45.775033748318876,3165.5461802536242,-8.326380235046054,227.2227134432425,137.7198486071655,0.31619903099922203,0.5399743731544397,0,2,267.39230025950025,19551.408811032008,0.5083906232896717,2,High
53.71130056673952,3249.056153809731,8.024480459555786,113.87594052341305,146.8530641471025,0.6283918056405262,0.19633022399156053,0,0,254.2821186433858,8662.335561887106,0.43757778043541873,1,Moderate
20.446800055015032,130.9338163546384,-7.477946080251813,57.943975484422495,555.3204990318244,0.6689699825021727,0.9525149056930929,1,0,3342.9725673084067,10500.995019761924,0.54748872053785,2,High
31.016182614401362,356.4013983754801,-2.140823867266355,147.36346697842006,110.83316356736546,0.34888841325623027,0.8971354288729094,1,0,931.188064538897,245.73527916764482,0.47972910529837365,1,Moderate
9.141457000271066,951.2196805409086,7.028773926622286,238.16762660666106,526.7305329136113,-0.09454335782095978,0.03295719486543125,2,1,4617.739249192753,18919.02725667424,0.504402474371368,2,High
13.586201215101024,2375.6724156359055,8.125084734757365,228.13550763231993,349.334541540988,0.21950037269972306,0.5619617982303888,1,3,4212.022140124763,11666.933098648733,0.47716415400015916,1,Moderate
51.08383904737371,3120.1254681391206,0.1274334709029077,137.75081582360573,71.4808983490415,0.8253121559718011,0.7893087902466132,2,1,1744.4258001609187,7815.999678112397,0.4786925317916312,1,Moderate
13.60787607717202,1663.8026343994734,1.882092765508503,220.7831017799267,305.46188014453605,0.05257381217168616,0.24539195993400698,0,0,1900.3427590621775,891.2867177480988,0.41901198384068056,1,Moderate
39.387253775029514,2163.7085953325022,4.162946691971143,292.9493864043171,499.59723296196535,0.15172989490399919,0.5238962323927439,0,3,1636.382804273903,7248.38128652809,0.6104218135186363,2,High
53.17846962918245,740.8994995049079,6.655173369054282,9.462518041538544,449.4115332015052,0.6215098930093781,0.405991882409379,0,0,461.9745659587965,71.9620335130733,0.5637151074479464,2,High
8.015769232105788,2836.88723519773,-7.569776609246677,162.22357725489925,318.8303297265948,0.606938867774532,0.19654626421807642,2,2,157.15078825108975,6486.702759962768,0.41877409741496785,1,Moderate
42.548416472167766,3388.9155786017973,6.201386164584552,273.0798822480448,523.0274338329193,0.8034225168274258,0.6147373838758227,2,2,2260.6657916994864,19029.098481370493,0.5574343384847167,2,High
19.242208777602283,1013.2363719096314,-0.37447698976766475,196.6120093668158,116.20061897912633,0.226930559792413,0.993692175406831,0,0,4715.200572457472,3085.347284607929,0.4810638988051809,1,Moderate
72.21951564281848,1782.4082354418574,-0.9875314978366205,234.53139165446518,550.4675793658029,0.3660585962617204,0.36528726027994485,0,0,4586.246604095676,10908.222181788648,0.7095238466966284,2,High
36.26592350399435,392.79477572167093,-1.522004960060034,186.00350133792313,515.5426646658418,0.31413170734252543,0.552379008264467,2,3,4049.1937056068223,3732.346402098443,0.6259608166138314,2,High
60.44944123313686,2001.0646319740924,0.18423170492085106,357.07483608563194,439.55225411147984,0.8205273881246986,0.32785468162150055,3,1,3142.9746372150234,15667.582606163423,0.5446764255413458,2,High
41.26699066171963,1809.463702278714,8.901011067892071,19.66375313605376,499.8382581708121,0.6462636477070984,0.8769486168024969,2,0,4281.112033457244,11247.956144773041,0.6701883148106313,2,High
3.2559399641114375,591.0840461272638,0.964075455843032,176.77613583805584,349.0985287634663,0.7145859578172331,0.8646027004236931,1,3,2575.3425886578207,4044.720367045591,0.4055824871834005,1,Moderate
47.48635316955168,1603.0251246014552,9.063550765262786,32.909957681226366,421.33933600371677,-0.05359190428764801,0.17877338794797026,2,0,900.8006651031586,17324.825964777065,0.6210470000548325,2,High
71.35525066549927,1235.955817094315,-6.394197387687188,57.52280236088535,358.3289388892784,0.6710313621549759,0.8999488742380607,2,0,3420.851738946159,15680.475656669734,0.7380376015460153,2,High
45.12088651097484,1874.2249760376437,4.482719576652663,137.89380615057425,245.48569177937213,0.2762766426632467,0.1515087110560671,1,1,4603.230175892477,19026.02658851106,0.45933122049011,1,Moderate
61.43916445700926,2091.2247404579175,6.2447907721749445,55.99443294017543,362.87343854864764,-0.1743274488862882,0.09543995962533425,1,2,98.02548702873392,12.563857852689875,0.6782710396338029,2,High
66.31548475113058,128.88496726451234,3.5825766266972376,346.9273797443944,191.60593289255914,-0.13390281198238693,0.6529346157015319,1,0,1257.2202610396537,9142.338943941586,0.663516135070872,2,High
17.105982896169934,2687.420342028488,2.1384456045308085,340.84431962105725,292.1535439624319,0.545698733708329,0.385904105869895,1,0,1327.1909563563572,19996.826009958437,0.35133436209843727,1,Moderate
15.903362993116998,2524.2485923299187,1.2962556217236454,120.99947263941736,204.42647399313375,0.20921368526056688,0.5307405934618707,3,1,495.1976930813046,16223.758339436203,0.39424784042643146,1,Moderate
45.82357416382438,1345.3737131021755,7.218609651573921,230.30917633356464,117.58828420376395,0.7549271305458285,0.6525707819374634,3,1,1127.4711069927469,16625.72263714855,0.3640071108184165,1,Moderate
30.827135235502855,279.9821809339821,6.432931943290001,192.151195413763,227.02402101444838,0.6077004472634531,0.05283723779298488,1,3,1919.910389557094,12422.649254526354,0.4609597961025813,1,Moderate
62.989597715004024,2666.770635269171,-7.55422557638801,293.6113129856767,518.5929700016238,-0.17615198716634206,0.2929531710909934,0,1,4699.17712424162,14257.993041664753,0.6828806145564548,2,High
67.50173425485083,3347.59554562565,6.971753140617562,225.8804195340992,259.59442385326815,0.5555771430196021,0.4609063117688671,2,1,4301.328845633982,16106.52517567216,0.6364016433659472,2,High
26.50660344770386,916.5154264748483,-1.7186276111911507,0.09088361660235744,461.402006932878,0.011587720005591856,0.2665874098059319,1,0,4730.031121313084,1845.6129518380026,0.589117857512057,2,High
17.765291923086153,1199.983686705929,-4.926063400083784,274.742778819506,146.3588198309887,0.26484082557430333,0.04897138428552095,0,3,602.858883611696,13851.611672214594,0.31590449324450576,1,Moderate
58.539413643289635,724.9638242381709,7.395371360278517,268.86532366660254,283.4305375422029,0.4872087223352591,0.08667657323105338,1,0,140.24230809628335,16308.162000654778,0.5464002727994709,2,High
20.610452666110206,2061.5828193724547,-1.3595040073251674,183.50017400393318,113.17083813434711,0.7599896254252623,0.8017478687537335,1,1,549.415822055525,817.3157537018416,0.45226930223480616,1,Moderate
61.69607388852588,626.4607418013468,6.167293803536332,325.05083036389937,126.24158485211933,0.3017076772311332,0.911386759212926,0,3,4571.478174263136,5941.063610538282,0.6173564000344274,2,High
31.78036902365721,1311.05940776869,-4.73192776088311,327.0406340485446,389.59000893953805,0.689339499610248,0.15223330243044886,2,3,787.4431926777531,6480.232317656847,0.532821087597793,2,High
50.06624244686029,2469.844247376494,-9.921413571555643,188.608203613583,384.1149995969561,0.6612622290806962,0.2492619572914857,0,1,2863.1835328626244,17091.64790562105,0.46869747484898794,1,Moderate
7.165148537600113,2004.3943422317845,-0.09081614194111154,218.87576323075356,167.35454904517422,0.25599236413638415,0.6522494047310696,3,2,1137.9118493038097,15607.027791937344,0.3194865187169366,1,Moderate
46.78944935074298,1413.97271871498,-7.995434867142315,358.74794589288206,310.93275685883924,0.3510781797761932,0.9542717760924472,3,3,103.17712458399741,13128.429418310132,0.6393216427997556,2,High
33.882575905292185,1528.8486461456425,5.087519110498192,107.5752845321103,524.8183918378713,0.5705335110547944,0.2995897091332711,2,3,423.1067107128883,16094.463616857372,0.5985663993592685,2,High
43.99563473816056,2011.1770009189804,-4.478497278611792,116.86220723213185,145.81082977206557,-0.1657367218883663,0.8552136262360012,1,1,3548.9851148320654,9068.594013154181,0.63184304932513,2,High
12.601065580864756,119.94007481634843,-1.1270870679304252,65.79860495885869,60.565793190433155,0.7798925551791707,0.5060246444503764,1,2,911.8322600666957,17497.61180604222,0.25446174380914316,1,Moderate
55.265530870813656,366.9335527422735,-8.259328698168915,322.51209809683246,408.59732736496477,0.6467977753814629,0.9565586390807804,2,0,1145.6960271673972,4684.316862061466,0.7430403813547052,2,High
64.70978081574214,3096.2774303942397,-4.266815031054946,268.01582038173586,79.42401444877675,0.07435746954256345,0.1362586624281913,3,1,1886.282504118429,14091.537629997048,0.4699813046260734,1,Moderate
16.255485006808172,364.7885629103886,5.62980486517144,38.03142559328708,588.9671312148453,0.8792979485078731,0.9736723982079865,0,0,3286.207800680867,4835.0236954750935,0.5347699874974845,2,High
7.17859166401213,2503.1322271157173,-6.96824176195361,353.43624643126765,385.2911560893846,-0.002670612151419338,0.44097862782950803,1,1,2346.8619647983314,797.239468216444,0.45459904056003736,1,Moderate
1.7728939534752297,3228.129757970779,2.9431912225391486,263.1462149380018,308.7179940641848,0.805495341074842,0.9529383904262617,1,2,4723.051079968848,5683.024796395634,0.47578093780175645,1,Moderate
48.147862533244954,1020.3242546258857,8.348517056090024,306.18795945779084,286.4958970133687,0.15692080415542226,0.45869021705151924,1,0,2170.910953698317,9858.136569812572,0.643433195874666,2,High
45.532052706658554,1359.6708860023484,3.5967351951544053,17.334284102352335,365.18886218431226,0.6394613811805494,0.5300821341205781,1,0,995.6546009873584,16868.720301423444,0.5293373882981292,2,High
41.00230595355525,2034.3327798720354,6.220433785844538,181.78593081918035,99.8434401961182,0.30201425257273967,0.804775009777321,3,0,2680.7141970450402,10177.129786647141,0.5345462040968076,2,High
17.396032208698156,3097.810496771188,-7.820567413921684,251.49538322173413,561.5104823507227,0.6101141261950025,0.722628500739394,1,0,2254.448075474335,3583.0120514618425,0.6142832537355654,2,High
29.3179496929136,3302.4789966854287,-4.985363479958911,195.46077044586286,394.10313770353275,-0.028638647266697126,0.6196033204172855,1,1,3935.691692675149,19855.319419994456,0.5051140641583551,2,High
44.58572513896298,2614.515043578311,7.89077704481182,239.9930876517399,151.18817368599983,0.0964571042251311,0.416980023589556,3,3,4675.606152697412,5401.461359612485,0.5513314038081704,2,High
37.2575144144377,394.5071869059597,4.302112272361784,294.4346628925701,359.41957957056457,-0.09015639308077182,0.7924383673996058,1,2,4181.476140182537,19705.894501967723,0.6429540854770283,2,High
74.08391401611655,2375.124128818493,2.791076527546224,134.76134266567064,123.29107820815639,0.7516583795815834,0.9482283332893204,3,0,1945.198624629711,18726.69363016448,0.5341704904403164,2,High
10.232981441754985,1495.032654367051,3.2753347224339997,305.5207232227355,59.653994657071664,0.12592228654644927,0.009810896943026837,0,0,1080.5806114567984,10848.830172812864,0.17657974155605535,0,Low
52.135841553569534,1700.3833982696094,-1.7159889139071325,58.64979771550466,396.7843418676989,0.5639238523583299,0.5878450964526611,3,1,4572.444685069637,1839.261652834261,0.5333979881651383,2,High
30.32390760782191,267.1045271736019,-9.108867367646935,97.51897980949491,406.6658380285703,0.702243317515681,0.8659809289783484,0,2,1929.69825718584,13908.296229089501,0.536861915555018,2,High
32.11497111942111,749.6112737776178,5.68883084141458,15.60442317383728,371.03312054187853,0.7915600600172805,0.6531125373455573,3,1,3851.033117243551,16914.353230976285,0.40846878998226444,1,Moderate
53.81983242436322,2787.7462656144025,3.5742647243070778,131.1936520806904,150.9157623980127,-0.08307317315711041,0.8008292578333368,0,0,4947.636706064453,8906.021993590182,0.5845591245776783,2,High
51.932711349327725,1643.4600323627233,-0.543910717745506,136.7674361366833,381.88642217212185,0.7823164268638738,0.8950611038489854,1,0,2887.2134075763806,4780.809186917821,0.5824836972771218,2,High
74.34419952766412,1125.6516215459062,7.995192307365148,289.89741499461036,81.0810175084859,0.016978055503791417,0.7509510158530579,1,0,2399.4023418444276,16056.483294253134,0.6730805333260347,2,High
9.629571709059393,1405.6648514808578,-3.276806700298023,235.12704130427616,385.08109556455724,0.6105922127500578,0.7170174013647661,1,1,3499.3539124060767,10901.556513518575,0.41104454418233227,1,Moderate
7.808223703812475,3004.958345307313,-4.113565115375282,157.22012093604,354.70936050919033,0.6017339213010724,0.9647458913639183,1,2,969.6549039532043,3952.6000963095576,0.4816430609291096,1,Moderate
54.32541128465559,2646.5966591768533,7.455926501588856,234.76103230454936,410.3901569615047,-0.19064654408495035,0.8636846578915727,3,3,2441.198693993251,18990.772819349542,0.719996046774577,2,High
43.37901877548068,1025.8723504156815,5.939753095179709,19.002006185648817,542.5115831638166,0.04268629914127969,0.8153778695827738,1,1,1561.6537855516287,18961.96453370357,0.6452201170650612,2,High
20.56204999198544,499.5062567220692,0.299596212966895,64.89775296661539,517.6969578817451,0.341099366131354,0.08640336047187613,2,2,821.1393533783995,7340.993468891695,0.4916212546969475,1,Moderate
5.956452674173995,956.7939535898438,-7.385305210843001,225.7012278870318,589.3598053593963,0.2620381773296104,0.23902988313941786,0,4,3050.6827451547642,1280.0621828348023,0.4504418637488109,1,Moderate
6.42436871973229,3230.5719335860945,-5.698570570698951,230.8920549211088,586.9325681151163,0.8104308278730707,0.5567560243250895,2,2,2878.5304272907338,12615.770690994184,0.49501526549532904,1,Moderate
67.06431559980886,2077.402048689168,3.1245598081761337,278.68847713467375,474.7758313555639,0.19571495645277548,0.7095601049748137,1,2,3806.017998712699,6344.534691669292,0.7428947745063184,2,High
14.390049353905718,1913.8327097322617,-2.299175243191767,145.0799132592968,576.0307921977504,0.8306820863195588,0.3032148933004769,3,3,4364.850621206806,1327.1052200009835,0.43995620807100067,1,Moderate
24.252867158664056,2127.738238954369,6.729463833319425,260.1194747818162,527.0061372390117,0.3053722502317842,0.09332811312082334,1,0,1101.8799301044462,17836.12828937132,0.4849365268894477,1,Moderate
16.999230167024102,1344.4961035381518,8.999100186644082,246.2329197216682,450.1703474422351,0.8607881863041824,0.31109918681524773,0,0,3898.513260269001,19962.32629200562,0.43031966463227106,1,Moderate
26.624722937395298,2844.1638690863433,6.112738505498363,346.82161621314566,91.46134005406536,0.6110902910273472,0.7710291805805192,1,4,1836.9258037646453,7008.110274205636,0.44486237536885825,1,Moderate
5.206788205957002,1879.1732476208495,-2.4490915400888564,77.4468815128845,76.97743854843827,0.7122680507953716,0.8774010293413731,2,1,3144.028008967124,14894.92526768391,0.3192299954742499,1,Moderate
38.92948431812028,496.9428694139048,5.773728584628481,198.60464295095022,510.67976212817365,-0.08463542281609891,0.9129036483443428,2,2,4251.200137979056,1315.4158456030696,0.8201185208591212,3,Critical
5.0709422694161175,538.8214244188141,-2.9711665305863306,216.63519915976894,319.31072182943404,0.44475557656660464,0.37886667914414773,2,3,1280.9255764290945,7394.108791192612,0.4202044322952809,1,Moderate
60.02673808667712,1925.3210981089023,-6.657998244687322,359.51323857631945,498.0336764062065,-0.04302960418771412,0.3725385748601965,0,0,3004.806419829186,2175.0353209928153,0.7473191840126542,2,High
17.528406143282478,3284.338741440853,-9.332135902682852,72.4262911799946,222.10504886037066,0.12738310225607152,0.40670747097179105,2,1,2401.5943860009047,1106.998743270331,0.5284003040899009,2,High
40.5008935953383,1148.3972136990758,-2.2856657447795996,188.3584871882252,268.70742207765704,0.485921946783995,0.3758094694214478,3,1,3952.886467253595,11775.820810189916,0.3840739365201281,1,Moderate
66.00593156710937,3056.439974121342,8.071186073945636,124.62671077690999,435.10269655656253,0.59884827516328,0.6661966075072097,0,0,3486.206494705526,16040.619750464642,0.7472864114136055,2,High
48.81580267853956,2697.92499436819,-5.22026824488647,189.32146868843992,553.4297053126513,-0.1568978397876241,0.3583232621319927,0,0,3848.1591795162085,9059.40502283441,0.635126518603509,2,High
39.971833991350145,942.5623058834833,-5.86973670140432,83.56629675711814,98.26881096338727,0.3840381041796012,0.020343936614245828,2,1,1439.7156480160406,10483.582208819236,0.3911198267727781,1,Moderate
24.32503148365317,223.55854427522434,9.396415704820807,17.14045623389572,523.8129795490335,0.4218453849188751,0.43902460068787175,1,0,3521.78147044548,5414.600340504192,0.6104733789929696,2,High
24.975143479364846,446.2807014841013,-9.499917742988158,206.123563403168,486.1569986836509,-0.11328920317877872,0.22415206617858774,2,0,3029.0293712980933,14727.745617476296,0.5635508432402705,2,High
50.21152163986426,2576.8793750812965,5.715643007875087,120.90755370989957,223.54659890142005,0.3507568376208399,0.028807137784619963,1,0,2283.4022802287836,7221.465342837004,0.47936087834928354,1,Moderate
74.56045209158756,778.8771093381988,-3.5726008851825934,65.49890462943611,245.36913777235776,0.5852265080548091,0.4708429515340482,3,2,1891.7184518407514,1349.9804065265519,0.6209741226812489,2,High
49.637939238703396,1362.3211297183389,-9.250240862606812,116.61680378809216,75.5538124720503,-0.14144998663691594,0.20595455919829309,3,3,1658.0001539771545,3310.1542205133237,0.5254581528329778,2,High
41.833756302751866,1805.7771644218444,8.356050804191671,17.740872521188173,58.65733611419489,0.6362945539563583,0.4527418148397341,2,1,48.37180651414974,2569.3721049103456,0.5044883616291642,2,High
54.79878826794346,2566.5917727305537,-7.207153395808328,342.1592042724372,312.353369496751,0.43406915539455054,0.2777499866102865,1,1,847.7927565339382,8717.555787992382,0.6423018849679799,2,High
34.89042092127886,484.9861590810263,1.0355856745139072,209.21324939037376,102.54680502352079,0.7165499290989701,0.6037088702804332,1,4,294.89106111703245,1304.2534916669513,0.4219065148917907,1,Moderate
4.510675695058891,1481.645777943369,-4.518915851409044,293.31672528492896,156.70099792836714,0.039868830139476924,0.9908773868739594,3,0,4241.7877131483465,16129.686449340714,0.358641468202658,1,Moderate
42.17226119084324,1749.2478910851644,-8.69614395630618,152.32255111718294,515.721959739665,0.7166010526344304,0.5472319207116649,2,0,4300.44435207541,18160.103800430024,0.6661079483730662,2,High
71.82189633790351,1938.812017503235,-9.001550286732417,325.19328032382685,364.06561518774885,-0.09598292720578522,0.64689591689277,2,0,4230.966683446339,4967.883584046335,0.8109987761896167,3,Critical
13.147720676824473,2882.426180743737,-7.688866023273224,173.9945597588112,398.49784049636236,0.24421266608913855,0.9192757577512013,1,0,4089.598821768913,9710.19513563906,0.5520561617553127,2,High
51.75036681154993,683.7058631469375,-8.5726597222124,206.620315992241,153.11363195755604,0.01943327067711334,0.3740004177250916,0,0,1106.6522676398843,10381.26128793138,0.508257875547787,2,High
15.070026649429236,2846.626936210516,5.211162310398459,177.04583282255646,505.76399244993075,0.7636229155199616,0.16654844978558303,1,0,2458.9308725533697,19700.02432915893,0.3886846335450598,1,Moderate
40.187076335481095,2455.7866541686176,-0.288675954331417,263.9801865123546,527.3888748418611,0.5754117979319513,0.2827972829305533,0,0,4539.218859841984,1312.3915677315413,0.5207302576541629,2,High
7.250733723503972,1989.9607682764617,-3.1421581730204062,203.99618793674244,337.8301765421739,-0.17210204512319902,0.40279494071454924,2,1,3798.9089702353212,13357.647354857907,0.46646756888864893,1,Moderate
33.77782021936389,2478.3947593687444,-1.6326217973598567,97.77561248894318,551.9067745332629,-0.18952430882464827,0.6450176812558382,2,0,9.101429771804504,6915.29966425698,0.6996434410939623,2,High
56.71224966714345,1500.8603124356316,8.578934711452465,52.39423127615267,514.6557437250199,0.12037417992983668,0.00458802942972103,0,1,2297.1328820189674,10036.124242253098,0.6532687996418542,2,High
26.067864317923657,570.5517922916235,8.215036254762943,218.20477999787198,452.22829717094095,-0.04238857429137807,0.8533832147669843,2,1,53.35099629827311,4340.6914139074115,0.7359122023175388,2,High
49.86837933654135,2363.601816902249,4.313529602451538,176.10478615693305,453.7417536314957,0.4933349253162154,0.07609397304983045,3,0,1403.3052349033742,3204.845603524433,0.49451635851514464,1,Moderate
59.65874705922969,1883.8858427311156,7.693647548433756,34.55125081060066,107.9664106729748,0.5301766272708157,0.9006551489185505,2,3,2178.812206134425,4871.305973847304,0.6442178803628096,2,High
69.53833646095894,2273.874321845437,-3.6070394482475043,142.42228768557663,198.95982073261618,0.8361459940275044,0.9494345212048988,1,1,4464.496463251395,1425.2392851621853,0.6941167476450956,2,High
17.598156139159016,1249.195855496866,-2.3778134798343427,185.31951192016328,86.76597089972182,0.8472439170004251,0.990102794112134,1,0,3271.9214207366326,5561.805943633102,0.36134862045634597,1,Moderate
29.94869368569811,3183.346362955442,2.2742436370845613,297.6815641772124,54.774665074469766,0.5247863759524802,0.8095101844068776,3,0,1812.422827449538,13807.018439637553,0.3965461624434739,1,Moderate
11.431200999781307,2097.0575531569616,2.472518945945284,27.396380100010447,137.07024226115055,-0.1937573758620204,0.1418555259401526,1,2,2453.2745122646047,13029.638704888728,0.3698246701404726,1,Moderate
74.43626266187815,390.368446588971,-0.36600323975318005,125.45832536856105,534.2679504558171,0.19489770822657576,0.7061670432251863,3,2,4086.94744298487,11089.924111846723,0.6607197327534718,2,High
69.52507259432215,1629.3335683950575,-1.9868430312409338,296.1562041757387,181.93073246982834,0.3644556645719929,0.2033212906081765,2,1,1498.277995568566,7.748259408890679,0.6024105711152494,2,High
40.496784771041966,2671.6105861283568,9.723606232173903,233.43261543776836,583.5846794254469,0.34909773215931256,0.897127835580404,2,0,3075.173877343332,2515.639996080223,0.8277602429192852,3,Critical
63.1524970782316,2800.057509889726,6.422472522354489,104.38499584936324,378.51004975866334,0.46367469245244936,0.31660592565534473,3,1,1311.2344194392522,16857.388572973283,0.5664033898345281,2,High
39.071848295403164,1781.6299793967798,-1.3003960422390968,304.32064392815124,180.4921681990797,0.8566066310852367,0.32679597707504116,2,1,2399.8171861183127,5434.767395291451,0.4250246556180674,1,Moderate
46.76892660020698,3142.1417408264238,4.54584954479137,177.58568900256924,323.42194191631705,0.7737119611506693,0.9176532959148667,0,3,123.2925178103167,18243.97777158246,0.5609172840417012,2,High
6.684332408701247,1010.0726864606117,-4.608766134950811,179.4066808717658,170.50215248506345,-0.0802011632044629,0.013231070783704557,1,1,4261.376597458459,17490.922295566328,0.34338428868502735,1,Moderate
56.645281537260594,1496.0355706101063,-7.996613475253403,351.57144211213836,591.1854570003056,0.09257843053273257,0.19396615148356977,0,0,241.74415756089974,3098.5406826835083,0.6694716504610414,2,High
9.578511272642611,3155.229495934498,-2.9513794889451876,340.9619411650962,515.9957411477301,0.7164203591616001,0.42193226656345506,0,0,1121.8024991921588,17963.040845062475,0.4333860537185564,1,Moderate
61.95507226893963,3147.2728360033684,-1.9405439975321155,129.07176601314382,64.431333830281,0.7067375997011278,0.700721567310193,0,0,1667.5593947940527,12556.696611250421,0.4039391200084905,1,Moderate
58.65210657527894,2431.4234140039152,-9.669257508786584,50.60848631870963,571.2768173071091,0.10290779653383808,0.6475661660447354,1,2,3125.805583835908,12605.736106694541,0.7148276271733206,2,High
53.155852330723235,3020.5338602155484,6.295840032717919,117.24002362011386,446.58580901658803,0.6036468337547316,0.6694118751671491,0,0,3600.1673278752783,17053.59731147191,0.5740363913627429,2,High
2.7120285393571586,401.82910765119107,-2.81613195221637,10.973973712099694,95.30968861170308,0.5392411165896431,0.8800220284106641,1,1,402.2552114272165,8101.115290949796,0.3314911777455483,1,Moderate
22.734626695899646,3040.9829191064396,1.60836331560294,7.476439215740833,418.85076047954504,0.3208763614669577,0.12103041229325662,3,2,217.32742942395188,14705.265928395585,0.36647024651756566,1,Moderate
19.733442743313216,1190.107682270771,-8.52073625458088,142.38796905051092,405.809683881127,0.021600447946932305,0.5221616962187704,2,0,3994.949433146744,13355.287127072283,0.5604100541653759,2,High
27.010230560363933,706.3271422559355,-6.500063424988321,338.7671361710043,170.3338101941709,0.7775074989834949,0.7254776891024886,3,2,3560.8326695206315,15430.293358398529,0.36485980818443414,1,Moderate
6.57320600728789,913.8574435629575,7.793874506551198,313.6886428435948,467.1456850041666,0.5456363027375184,0.6361184429241645,1,1,4157.751771273282,13203.778984810737,0.4601874619209283,1,Moderate
70.27183672732971,1521.092927247216,2.1737505576560157,184.1194202103443,97.88558682213191,-0.014107782633787841,0.4483141199392675,1,1,3382.6913259175817,1601.096013134231,0.6005660846083911,2,High
41.53516805342822,954.0528156551885,9.005681003409713,203.48149722149904,319.1948496771863,0.575282579324947,0.017114585872163968,1,3,3755.061351783264,5854.220046207585,0.5264106727734527,2,High
22.914323299351764,1189.9297924560967,9.975000687826338,2.1360588285803317,55.45776393969835,0.6155770915346779,0.06045226564788464,1,2,1895.1919152357239,18798.417460454428,0.302883468187309,1,Moderate
29.773613780571257,558.9268526435831,-2.562797693338112,77.58041610015557,582.8056188921105,0.7755683136331448,0.11894132685383663,2,0,2950.921601974849,4468.503773122478,0.5196634689654043,2,High
33.54019053786267,1107.0010029005948,-4.023938718334508,8.918685696378148,463.3599974773001,0.04512318076612842,0.34322775283536355,0,3,4026.961714350713,9445.2080200522,0.5318344749719432,2,High
45.044575002046294,2045.764969442804,7.167121103181934,271.6342317703395,137.3686418878108,0.8876295159547474,0.11765345266714688,1,2,860.5876720325856,7138.559515094789,0.46177137881018293,1,Moderate
38.675957077237335,1602.3026075096175,9.972228540749086,52.432486569539186,237.92072197320564,-0.03126723522038666,0.42608231306260835,2,2,2114.1148041309584,1725.9744665492383,0.6254504632666058,2,High
68.95439799108131,1278.843788202098,2.5928246846491465,312.8569568916541,138.30930779449696,0.4607577810455414,0.1786419905855794,2,1,3702.448842399306,3623.773779755832,0.5297649472667153,2,High
37.27226121793727,2637.9372381141875,5.902814450230448,231.59675292328376,471.63960527112306,0.5228941558008264,0.7791661975262061,2,0,2663.1828588259273,5733.3424251594315,0.6289489879793554,2,High
74.41185111174845,3137.9339027372807,5.634917176305489,82.5907235456568,82.39297898524335,0.26084818479244665,0.8714876167122156,1,0,3408.2872646308574,9266.369713713048,0.6630762502364937,2,High
63.856871830882184,2673.08335786815,-2.893205835609061,56.779314149969906,512.2236605600428,0.32254147964742524,0.3896475079681758,1,2,1464.3459793790698,17490.47971282268,0.6635507812215917,2,High
15.638288576800186,1228.8023872001093,1.485407605141745,225.94489233229913,568.2079863596514,0.7800011063943513,0.5113317653156387,0,0,161.71225658842326,10312.32564351755,0.46163789250679466,1,Moderate
69.79464109829372,2631.1033706476824,6.661138825284272,324.30131290163644,422.14536854346494,0.5098016526320082,0.9534962415609416,3,3,145.72889877188078,13038.099215657423,0.7855392552595903,3,Critical
8.727479841410707,616.7326204117741,3.7622775252211085,258.6096788091774,167.1309975007888,0.34670105405815493,0.5355077553486204,3,0,4713.9058826517385,8519.103033938809,0.3661238722258456,1,Moderate
61.30872813683937,543.0811595103892,-9.576723720359235,125.47679457721594,248.04955269745292,-0.05881548132312284,0.9950732158434249,0,1,4722.700219975207,17401.247039036258,0.6634521339004461,2,High
28.546747010743506,1275.1319259229404,-3.2658866220493294,211.45809429671297,312.4819311449122,-0.1919286122545519,0.14213099369205462,0,1,1056.411699773097,13252.429081801873,0.43047469822067036,1,Moderate
65.84807403338021,2846.188054749794,-7.1104860681078925,111.87421033407169,382.54362471123954,-0.06253452003298318,0.8622264205966984,2,1,737.3282898547201,1812.6050627877244,0.7604876136035955,3,Critical
65.10425175805878,937.5840406238264,-5.340555758439218,359.6938440403172,417.7646993964281,0.8518030242241561,0.49720300267296536,1,2,90.69916946510436,9550.024145318645,0.6159098020237307,2,High
60.44440500882158,315.0615902555106,8.109789549826512,269.5821078462664,354.81809342538554,0.6404954612904639,0.022714111249668156,3,1,1156.2842815762924,16544.684090205054,0.4821755346784418,1,Moderate
59.2522827230296,547.8124197016073,-9.262134221784637,221.1773903124313,243.22265645202066,0.8638279602612726,0.9722229414393485,2,0,1671.757205772868,14673.107053310434,0.5777541784270387,2,High
22.850935432353058,3019.7328930005724,-5.603985760761525,152.37329139569852,540.0045043106967,-0.16072041932101097,0.9650478997433579,1,0,1206.2131681894057,18106.222955598027,0.7279959988479326,2,High
6.068946228843913,2254.863168140778,-3.808612955235371,222.53482449344062,94.76563190987703,0.5482424442445033,0.38327084018288715,0,3,3986.9207015310067,4553.35677938977,0.257943515506766,1,Moderate
30.22351340738711,960.8839554579207,2.3376814393278966,122.98178248824053,306.4408298339223,-0.1512771209562402,0.9541420710859049,2,3,3747.1524963771767,19543.443283937995,0.5173010127633106,2,High
13.01433862398815,1988.0058061158165,0.68203380171731,10.391342204891071,476.5606611571144,0.6602621157557056,0.14100964223854573,1,0,405.0707234293699,5701.553357397313,0.3705713607352495,1,Moderate
52.12133166768463,1893.7707162461913,-5.6346103429322785,142.2318680483878,83.4799659102705,0.2190451900087137,0.6801101411206822,2,0,3486.608040510463,1003.5975518350781,0.6940190846658745,2,High
25.957479490333917,2328.4823266982485,-6.715178655536911,334.9730950487521,437.9343692462156,-0.09465810388285568,0.19192898688783455,1,0,2602.9255994395826,9913.452543929752,0.6133715081512404,2,High
73.17076506449362,892.8376850334955,-5.264039308077624,225.4683941185917,500.84139251432873,0.4248513059662669,0.24664723633482766,0,3,660.8305318742986,2206.7747695290964,0.6908655695662791,2,High
48.0729058008999,3038.9701564609522,0.050592534033111036,30.22405310552458,413.45721418987875,0.10813221626152691,0.7793374372026054,2,0,3697.677152464912,13626.21882019345,0.6627661728777752,2,High
61.68604227257707,1151.8531110720437,-4.576444285775931,318.59770082220933,57.1152907514458,0.5255313360590004,0.37735808456529496,1,0,430.22782587101295,18011.12541498249,0.5224295246700278,2,High
9.939350455638632,2460.0476235192054,8.952050032154443,96.79494576294535,149.07536492271345,0.5239922354651694,0.0071275028286211795,1,0,885.7533290068503,18426.865436370386,0.2692209864462098,1,Moderate
64.65108617044669,154.82379766553063,-0.7226955714230492,87.75701750978187,238.16219339057292,0.5755082215328282,0.41423842419559453,0,2,746.1324077658155,12140.744853729226,0.524276994799002,2,High
69.20678928850458,1367.0342416401006,-8.82407966910726,106.9527487609155,178.52951960092525,0.891711586655535,0.22806932063295948,2,3,4695.16702083242,10705.29741709571,0.6180839354678515,2,High
36.529643911420195,1295.8133810599481,4.5853281167326685,207.7928050053447,579.458677125085,0.22536748094214593,0.6833299135582912,2,0,3490.7800160232437,19879.828464105525,0.6132999841922295,2,High
45.468970331323305,1947.8470571822493,-3.4230942358202077,196.08771363623157,408.3766527625865,0.3118470219336111,0.1944486967235003,1,0,2056.4296458238,11588.514379717806,0.5942796812702168,2,High
57.36073506772466,347.3032900424681,3.0697786411649517,176.90895166423743,213.33402654336368,0.6850728711278751,0.8422535284364757,2,1,4111.02075424401,18549.16647624454,0.5528336316478826,2,High
13.112897044530941,2786.446670668768,-4.40811258953536,258.3132708645457,561.333624265995,0.4362070253240739,0.2670930121081643,0,0,1079.7970476113217,18331.901010881316,0.3817576273176448,1,Moderate
37.692455734758184,840.454726009733,1.4148748346663975,113.95358328058524,457.3268097119028,-0.1590170682434204,0.3930282582830137,1,0,4655.466395225494,5790.27591702014,0.6031139633884907,2,High
29.899727082923484,2401.9285705988345,5.4430500961492925,281.5432277660752,206.5339665048731,0.7273863722858422,0.298036860797098,2,3,3484.9866043955126,275.0215115505594,0.5105763361918358,2,High
10.978049412168684,2830.9212190299168,8.560174835491079,63.115804216295686,258.3848631710755,-0.14335144986815496,0.6439233478093658,2,3,2797.903205040661,8783.36815596364,0.5757999408181107,2,High
27.565081671864856,2010.3816512211447,-4.7774571113384585,281.74348406772333,159.6858720671762,-0.01209784985903728,0.1011635412263967,1,4,3973.2422435166404,17227.402722228217,0.38582102705849547,1,Moderate
5.112923203912017,2619.0029028547506,-3.3028609800203768,238.97163789010182,584.0906990462021,-0.08771203632839408,0.4780993726982441,0,1,3223.904907125792,16722.68434168752,0.4748949863191485,1,Moderate
1.9358930212115237,2350.325061531019,-0.7146715942812065,245.95499143713113,334.51307273954023,-0.1142801538307678,0.33445481521505815,0,0,4435.546375052411,12073.383750663083,0.38723628638144847,1,Moderate
10.137471686611708,1308.801310316826,8.543496754719776,173.3592229658136,542.8311781238915,-0.1717466371648188,0.8841379632883147,2,2,4145.76330037211,3133.1682004456907,0.6990065934317787,2,High
72.23363336918804,2850.119032714122,8.02773713621314,240.1205517651113,240.57487405926625,-0.13946951463039586,0.07341209357439238,0,0,989.1525252038941,2151.754278597666,0.6182934660951215,2,High
41.21471519212627,1101.9846576107952,-8.20243439798724,28.726936761404666,523.4628817036116,0.286683108096691,0.8296950649328547,0,0,1198.319002721842,19093.63967557226,0.6098070596919626,2,High
72.4366620864915,2042.1239203551584,-7.361403484923783,306.5584021377722,79.63776663494018,0.0781374969808753,0.16768047652990914,1,0,325.4870688782174,8427.953639705143,0.6293955087964628,2,High
32.4373408747599,2634.352313081234,-0.08981645338723432,19.997004055552562,590.1496746383584,-0.060809428239299385,0.08857765992995514,1,4,1100.9945858640124,12963.220334674852,0.49873129964776597,1,Moderate
23.38620998139447,1388.4500933625259,-7.867614543891531,53.54694355373909,551.6189018683165,0.5245760969991786,0.202322858123008,2,2,1717.4443246906735,18117.288299107295,0.46212528558015464,1,Moderate
37.96063971301831,1129.4098658992452,-3.088382533026051,207.6442950590051,249.7616196271602,0.04872310169768437,0.10265298201181039,1,0,144.13677586246564,17397.86352641183,0.42726905985753344,1,Moderate
32.96337664746826,1661.7764345875974,-7.032292435650447,266.18812396440893,476.09719092301754,-0.1791559291207096,0.5209839482021256,1,0,1574.8127310530697,11338.063642613399,0.6301769803531776,2,High
7.924851319630793,2881.075880787122,2.7208071026377176,27.450563164651246,463.7418595606043,0.2602617621440605,0.9882149529157813,0,3,3857.729208136502,9758.103611455403,0.5305191180984848,2,High
48.061973601765466,3261.73399469526,8.989908634783234,331.4753330840351,545.6901384066124,0.14147629117613564,0.03432735192425884,1,3,4201.637990068076,14705.184262271789,0.5572861492815953,2,High
16.20286368821997,1953.2836037236266,9.934675405887631,350.4987535682515,218.9902396208461,0.15046487448114204,0.46112834931946134,0,2,44.366449937116585,6992.913848402218,0.4607920479055418,1,Moderate
46.46909661733722,2348.9850981004165,-2.495177350061704,218.14206228277598,306.03600292278225,0.28979703099971765,0.38607032910786176,1,0,35.73519134616343,12507.81260250862,0.5690536685908665,2,High
48.7650819298615,3171.130315612308,1.9802527422922456,173.24764393566116,525.7497869333292,0.5358053199577055,0.33960641424640037,1,1,731.5355412550057,463.0486721928273,0.579198230388035,2,High
11.401863984648609,435.05929480400414,7.125353070481626,266.9021900207099,478.2186997743688,0.47812703204179346,0.3318636104333609,2,1,4362.885303668949,16486.251215011558,0.47954722132165556,1,Moderate
4.601222033300112,889.0671647449611,-7.65075854407232,118.20864683779395,266.40669530715354,0.8309877707677631,0.8950127566264622,2,3,2346.390255661769,19960.64550439181,0.33368040369653906,1,Moderate
58.557118955132985,2510.2600212553803,3.7912882210392986,177.57519627783833,515.1488781016672,0.36948833293277367,0.01897615020840404,1,0,4914.510380839904,19094.12984717752,0.6002697573787362,2,High
34.48503178269901,2900.7311705018187,-1.8231267654986354,329.8143696531845,75.82472157782082,0.3198269006975794,0.7749163873801383,0,1,4436.657328834007,7197.8968107562905,0.4686860322751316,1,Moderate
4.362284662910684,3013.898696323965,-5.877076794396718,344.0359530869521,480.12546662964456,0.034755878738586654,0.2529331788059417,1,0,4450.6405673652,10622.025640883268,0.4509957629827537,1,Moderate
74.61497378773254,1511.3644013067708,-1.944927625051161,333.7448817784266,163.72122268853536,0.6309194177329724,0.38329551081757485,1,1,642.3821596438506,4724.3392624746375,0.5233690076696417,2,High
4.3335420747274975,403.75566779234725,-8.480794260701662,94.48130410698245,207.36649930308295,-0.04514664616428682,0.4201499128485777,3,0,2376.146746063542,6059.748106878775,0.4273060523100188,1,Moderate
52.12764216439149,1588.4570228187076,3.9081429717861145,83.68885447803483,321.2681639775765,0.34024617880253255,0.3047317540737434,3,3,4967.952986590094,9146.922033052599,0.5167361012455995,2,High
73.77591939475602,884.4976067039828,-4.945146625030938,107.15922213455313,297.3539755884857,0.2634544182261889,0.09355886183539786,2,0,745.2211513020962,14941.618137071326,0.5279602730786016,2,High
17.93850781619442,1090.0679469885222,-3.7718870991024396,158.87200045984568,336.3135587784345,0.5241309662448437,0.11433084882943478,1,1,2871.167268090973,357.6478167768271,0.43864691028649033,1,Moderate
10.668702651539713,2725.7096932475197,-7.578374035170745,113.10026860510689,349.6265776196131,0.8093836169523247,0.2981311240826443,2,1,1721.399959765424,7875.482608302582,0.47260574559450846,1,Moderate
9.103870456682166,356.7920924880153,7.293182277797833,134.71660646606088,232.34023006732332,0.8412551506480448,0.8218090528872506,1,3,1939.290700101776,11129.93836646797,0.45597097334630654,1,Moderate
22.745636067569666,2913.776139434387,-0.13111441434522852,223.42930276347343,146.3751321593665,-0.015420806120525737,0.13462765278741184,2,2,4453.962520202505,4303.660843735751,0.36641647053064136,1,Moderate
7.578435825798502,1554.0748918021748,1.4429375557280046,274.5092437538313,472.6646761080183,0.08799894009389603,0.7426398331459307,1,0,2939.512845961415,1569.5739619207982,0.44984294862522445,1,Moderate
51.91210062705989,2126.617365742023,1.3886536618970915,264.80095137645014,269.98688199792815,0.6927988519611774,0.2888697294292877,1,0,3793.8819469440264,10791.477186366565,0.45861825747359647,1,Moderate
4.671884859754702,404.8175862013086,-1.790137709173166,293.1924841484947,328.21247435248245,0.3701077386941121,0.8834649351120928,0,1,3366.1719874762052,12756.199689715593,0.41398964783289616,1,Moderate
38.20665961123423,1247.0208664147508,-6.149401691237211,11.58638515754478,404.58319509311497,0.2983380251913051,0.4283284754006409,1,1,2645.078452849847,12820.0458075289,0.5187165963421747,2,High
74.75226403897327,404.98312465047565,4.902654969967999,17.18416428435219,550.3008572686608,0.5816879976187765,0.17172331329737556,2,0,3958.55599385188,7131.6877007118555,0.6706513287039689,2,High
61.04777021295141,3369.2486577957725,-7.458874692846513,284.17786584790656,439.15405712712095,0.462117447867669,0.9858444501105103,2,2,4853.66452955192,4747.235918781345,0.8342791444528264,3,Critical
46.14145786732582,2844.6896077092515,-7.92252419442379,191.90837603686748,75.00257407471148,0.8677854598634682,0.17663451922991158,2,0,4834.097769778931,4407.728780318008,0.45342819054389777,1,Moderate
22.969021558995877,1662.7513648119648,4.202900751930068,208.1306425543633,511.20819986890973,0.44237211751709365,0.5676198212322694,3,4,3947.2600049668517,810.4788011461328,0.558874680407623,2,High
46.792187721872885,860.2486643004818,-5.8232595909603235,18.93126967717575,594.1452583201356,0.3125712089819786,0.5692864780961342,0,0,2436.648778746145,3693.667039299435,0.6736431309469171,2,High
39.52810979337387,3273.7473578494973,-3.864544972943353,91.91296842165752,309.8667639542602,0.39709909828599327,0.37281345117777986,1,0,815.7947959560064,16372.122542178542,0.4745831914592827,1,Moderate
31.95625379177786,1271.628425471704,-0.49545065996519533,229.80754975877198,583.2746850500304,0.6893937983666707,0.951488592549131,1,0,222.3525448594721,61.02531522153009,0.6272183966232265,2,High
9.803278255514961,647.3470677370742,-1.012973665409076,309.3054804398434,351.0308082887322,0.47394256246374294,0.8438745624117316,2,1,1157.2248418297204,877.7720511465881,0.4961040828212877,1,Moderate
66.495316143035,2014.7589207434467,4.171582501299984,330.1140229853049,302.78879772957237,0.5117529005253896,0.829819560838242,1,0,1701.2899979877172,2540.3788055813425,0.6763481451896418,2,High
33.73384866159919,3308.832009172375,2.468635868867219,180.15101850062942,232.27262060010028,0.8685827680402514,0.9741519354294779,0,2,649.2480795902633,8404.811653515086,0.4179051164317839,1,Moderate
14.59668838655738,113.02298770109675,2.887923245637314,196.37072378575115,411.65518170833633,0.4802350328680031,0.45710933819631683,1,0,1123.826648062261,6674.756687294825,0.46522376032049845,1,Moderate
27.581951315796722,909.6244670635957,4.281086613109146,299.89786718483674,176.4012312887745,0.21831377316799383,0.09718577562002928,3,0,417.7273228044204,3556.7171610895707,0.43357637339933586,1,Moderate
31.059731439669527,3290.721977395386,-4.147745451530693,193.54485626904767,107.71382018292238,0.5604586297140763,0.7654559254497938,3,3,2618.384860314894,2218.989482138021,0.42431238645284586,1,Moderate
62.065342167515574,681.6922873143509,-3.553333763990527,186.06906919343425,64.98040642131774,0.5254053366750426,0.3808125794519338,1,3,631.5909558677351,18777.25073879555,0.5418531348895913,2,High
55.02107854210515,485.0277355753875,-1.2400450420889175,325.8302535939433,210.80906199339506,-0.18476760094297992,0.1903451518035183,3,1,3713.843149614773,18225.0044258598,0.4985784982997428,1,Moderate
57.697867023100486,2038.6365337193351,-3.8507565393294785,284.37577958011684,267.673957691871,0.31406222646441645,0.4832473432202534,0,3,1663.2488907204136,15437.972167725604,0.5481971323271918,2,High
0.827344832148541,3030.2689992024216,9.69875737941727,327.266109490066,353.6421829546863,0.6171939631706393,0.9257189401671633,1,0,3360.313571056156,5040.439494483356,0.5144777997672679,2,High
31.211549863482112,1722.1733801593489,6.281038528428592,78.56893972121537,211.01240385285354,0.34894560349324183,0.1713570190146284,2,0,4412.597175401923,6473.960640344325,0.5225864222950841,2,High
36.100811372649275,3481.518472727384,-6.706906234879408,188.77517519592843,591.2327648119762,0.6575832495289284,0.8486988152297419,1,0,430.08271268505206,13316.899365270974,0.6218904761787322,2,High
1.4394207617292514,2409.1837784291756,-9.88811688236261,303.28996629360887,210.45984253264217,0.29597206607037585,0.41820494161511734,0,4,4945.003937063552,5833.977901954239,0.3899234508463559,1,Moderate
19.485990655877565,351.8546845155223,-9.144334635054642,40.01321788815922,292.5364636455248,0.8816537574009593,0.13680198070314198,3,1,3226.216711833677,10612.45626454712,0.3856875059892273,1,Moderate
57.02173673416012,3475.629247718716,-5.118730979141494,286.07837554582625,106.80189104254518,0.1221807481242776,0.8483823039886564,2,0,266.82967718327956,13025.676887859694,0.6289117373165601,2,High
10.28322792967493,1486.8404050526474,-7.714174283262869,65.870418029353,193.3445823353916,-0.0986651310393191,0.9696203411914286,3,0,1570.0111596308348,10383.92593025913,0.4864498768895762,1,Moderate
40.14825985894437,1077.1686150746405,0.6667622978514416,290.9227517947156,76.5826768839451,0.27301298126950707,0.29127071583501163,0,0,4431.225744707282,8265.695274303016,0.3482237595536196,1,Moderate
16.14014040129281,1996.789224164811,7.159904454547174,220.32033752047252,357.7297483905304,0.395879927361311,0.30353620984206886,1,0,2981.168021864489,6957.88027115038,0.43295097487045997,1,Moderate
0.9090580982919955,1134.6458121909386,4.735004418264548,69.56495693455217,463.0855757228374,0.18400310485070764,0.39054598303993315,1,1,1436.1118362245757,15554.998328849868,0.39762958264362064,1,Moderate
18.09010931996561,393.9555242085179,-5.687818738356192,170.4075045598084,157.64039788483737,0.06650927612975488,0.8141303644608071,3,0,4702.47292199257,14779.979899552733,0.3979806115934257,1,Moderate
73.19053161825403,104.85636646920085,-2.0140148794842823,245.48585992587778,252.35101579883892,0.539264560524038,0.010417196739499812,1,0,3936.2628520391095,13924.561282867167,0.5193735129708988,2,High
60.11528339122422,1628.5833999288918,0.15788419062555192,228.18704431807527,59.138924699938315,0.21483760984187733,0.22395655173753437,1,0,3677.692480749739,7493.54226389223,0.4905526644493675,1,Moderate
71.9682483240775,2945.3356355704136,6.204116990066709,153.80899064341358,511.73713064721665,0.49450538201070066,0.7058998111063262,0,1,4442.135600033514,15514.73252696559,0.7273358526706166,2,High
36.58905329447718,2045.8716311422602,6.782432062123295,323.7719504115337,478.97993871241823,0.6569785934586536,0.4056394504855261,2,2,3848.899723543079,19154.072639571135,0.5260456017141094,2,High
8.230214900812763,3497.304816407699,8.19436623815552,186.93482921562395,84.78971698086082,0.6371028905360261,0.33029562296812753,1,1,1433.6917659943144,13779.590382329834,0.2700916391680098,1,Moderate
41.096961673026975,1075.27859520048,0.18490501005750382,182.1122274703278,250.67718512622622,0.2128402416992604,0.8722828889020174,0,2,2919.4303776280394,8157.985021398371,0.5644682954563409,2,High
34.078300091997065,1053.547220184188,3.885494928717259,22.41021237892354,575.4076376172225,0.42468805184519226,0.9173339201462394,1,0,4211.430838809816,15929.625256539386,0.6042282147589961,2,High
63.3267812054712,643.1481647954103,-7.763992575321257,331.96334032714935,265.6148808434374,0.29462404688701666,0.9479862191661954,1,0,904.2405336141745,12186.041521042604,0.7370093962630613,2,High
7.356193558818344,657.8162001021396,1.305779199079641,63.76196472421428,339.4147721982088,0.7578857779806263,0.27255053265429663,0,3,815.116397506016,17553.540901875487,0.22736729870681702,0,Low
36.618085276633366,1069.6344264341626,-5.026163810577298,190.2040896371595,245.38357355569536,0.7666343277799992,0.912512609539107,0,0,794.8812378543996,14263.650632883393,0.49384669855243296,1,Moderate
11.25364985204882,2795.6561539299923,-1.365662299467779,289.28433650411165,377.872263470544,0.17811574117684048,0.7369655547272889,3,1,971.2763733126039,15398.401075018086,0.45083024130554145,1,Moderate
24.350694516754498,3179.573088163923,2.6810101661343886,77.5631797040316,587.9862816002523,-0.0990888073333962,0.15421474848858063,0,3,516.1540780660883,13348.72926272538,0.39517937580576273,1,Moderate
55.30178080408498,3415.2963770061165,-4.860281242924378,189.8543843895028,598.6263769146584,-0.01565926834357856,0.6102700283082103,0,1,4188.145099820831,1840.4091732310458,0.781035176385393,3,Critical
35.70135970265749,889.784823927939,-8.95629884406478,86.64656732040271,476.09323790615514,0.20370191634397217,0.02633481930699122,1,0,4091.5911019874197,9702.34439882996,0.6049382469815313,2,High
28.1916213859327,3096.4116550879116,-9.79532287182485,273.49019920796826,272.3711039112416,0.42067495023928975,0.7083781557708652,3,3,756.8449592954752,1129.797497235887,0.5297977952984132,2,High
29.585720892752647,1216.0673035429459,-9.55680928910957,203.16282043433426,321.93771045594355,0.5224657120608722,0.7335675226509384,0,0,3527.68588355173,8950.983060460841,0.542399580295146,2,High
34.458507630449,483.657851357407,-9.833005249724607,308.15130974225167,246.202230461768,0.16450815091460025,0.7893385085949973,2,2,3134.877796049748,14328.539771808519,0.5868006583577358,2,High
58.87624078777927,3058.084746768563,-7.7928988688424905,322.0408810358578,592.0660464473904,0.5342490315863844,0.1725250541224349,3,0,1380.9713280618068,8425.109433710955,0.6527086963062148,2,High
66.90635167051758,2262.759157788303,-5.210225708597402,233.5440536803433,439.26816820397204,0.8315139820411317,0.628249940947531,1,1,1136.8421684665975,32.605038687776315,0.795143901612681,3,Critical
71.65010148779461,660.0850466756099,-5.575569716354016,261.14084861722,296.9122949884312,0.5172155398858456,0.17885668482765438,1,1,1252.9292763771073,7385.701862016574,0.5215632904866414,2,High
59.01775396914713,1561.4262755442087,9.735931883597935,197.71923595927095,56.66339856028129,-0.025578247611213606,0.9466500833891758,2,1,3653.1530405343383,1355.179663807089,0.7226300178392832,2,High
23.655517181100954,1076.67616258203,-3.879877895821135,138.39434390425785,336.2658779148016,0.43763580427539034,0.6750106926808345,2,2,1596.5853317022543,15611.927769981214,0.542466168762938,2,High
51.610102956490664,2605.1015336146697,-7.451584332812018,233.32245228750045,591.1605109358899,0.39608506844368113,0.09532584800405575,2,3,1389.796388087367,15675.031385836997,0.7033976824057668,2,High
32.8202343041544,1641.6151841225114,0.9112508833551587,326.9839044554384,337.68349993517853,0.7577701219882629,0.1870322300058228,2,0,112.4054993432444,16127.571787420498,0.3616665372194697,1,Moderate
19.10029665345384,3463.551813361709,7.159149107950167,150.00493695531767,150.33467701901253,0.1853333607342718,0.6634600981297478,1,3,4541.182468882608,606.5438273546864,0.46712108443139017,1,Moderate
63.0653684569442,286.1329396826234,3.5612075357535034,113.18760949456632,62.15156090762617,0.265240171062348,0.47667049615960866,2,0,3763.5207223948196,645.3861776962922,0.590973311241253,2,High
2.8819761721743746,1307.0519048632386,-4.078358217290994,139.83729787892668,245.08706696831499,0.4585249610351431,0.7362976662108784,0,0,2363.918379033602,18068.987173118716,0.30108132621291683,1,Moderate
67.63214941015677,1738.460568173923,1.2323231958290997,156.74314687617587,555.0254306331337,0.37686784291622805,0.2807887989256591,1,4,4714.634601752861,2473.677605628313,0.6865223404347653,2,High
34.61080984685506,1810.6540861442872,4.297119484008183,26.481970431977835,598.1047594967346,0.5909182516456917,0.6579175368470769,2,1,1467.6610588771111,13401.804608881705,0.5777302991223833,2,High
47.79011076062103,1174.181796111165,4.562089847354846,179.43906255659797,569.9523861466015,-0.15557210999625462,0.176960168030439,0,0,3373.525215915741,15909.087843923795,0.5938797033677193,2,High
49.4515441654337,2579.4168469317315,3.3307691059537774,177.95312929802148,451.18099628984123,0.4198676211276558,0.5437102633610331,0,1,1525.7518883936216,8957.274074611847,0.5456193571950648,2,High
67.13383055299023,3074.140049862514,7.416208495512361,211.83977795058834,356.9785006423604,-0.0661609176957372,0.9577995915499862,0,0,1572.8621275947407,10929.441854283734,0.7561366116793413,3,Critical
47.75022616254055,3291.6456267247345,7.402109166882088,130.61521096967934,374.8773805102386,0.1467298917716935,0.6282222322909864,1,1,4223.54583357635,4547.614471518768,0.6406154007580123,2,High
46.045018857004635,2837.317481118389,1.5787311881400647,220.7187345440123,346.4456050005785,0.5277895476856294,0.04999361750491649,3,1,3935.1097672791534,18471.99910285792,0.3955984155948014,1,Moderate
4.998903042051747,2991.9726708424378,-1.4028726177757544,316.15787169871305,438.8771177076436,-0.026844379348604536,0.9887621377366268,1,3,1470.537153286744,6036.022056788602,0.49592615245317934,1,Moderate
38.88060164589031,1971.8540221079847,2.831405911301996,343.96955657825913,280.3802746824438,0.13972601905509174,0.1568663296488656,2,0,406.94757833296904,4356.223787521516,0.5740523342919965,2,High
11.262675061278124,2908.0199698511697,6.364240027409263,210.10039781077788,418.062202725671,0.5733071311188431,0.7180691026971051,0,0,1787.9206979559924,10508.070502436572,0.4358962291052713,1,Moderate
55.30753265411142,1131.9132911030376,-9.886957903176306,15.332743429312714,116.88666322646057,0.5158857667795174,0.5325300390641959,0,0,3800.2876774265765,3810.2744580170024,0.554796093618798,2,High
38.41664406095059,1454.827791171329,9.83994018029702,348.9249590161592,196.13241860881607,-0.09985636386928815,0.2943606878043038,1,0,502.7218059250327,13733.832587557454,0.5280021188948727,2,High
51.0170834406265,1177.5042469830507,-6.342124553416015,254.11034192265225,509.8016713447462,0.43499534284155633,0.1773104854277091,1,3,3360.5043236162624,10302.308993445,0.6020674664367621,2,High
3.12546754517882,1689.1169405229464,-0.5950202868004766,120.94691347931476,547.0619119088651,-0.03802009188949662,0.1777023642767157,1,3,4448.816299569524,2956.089080219679,0.4498147580501747,1,Moderate
6.359401203435241,1070.9706952113638,7.440594696857335,52.976772346940415,346.45453065816486,0.07749851658594198,0.8583996812081605,3,2,896.1357780252355,1344.9283671054668,0.5489555916042548,2,High
53.72425410470117,3369.478903665119,-5.499192019116013,51.63070040505898,67.39958946711282,0.30513240649935663,0.8729125141634234,1,1,4311.021621431019,2739.069894819874,0.5907512982688055,2,High
5.406325199900502,1163.6717352192718,-0.46409552199233595,60.38798621025698,559.8354639354725,-0.07971849437199197,0.465145521624712,1,3,256.81941228445527,2732.493102895206,0.48133809668182964,1,Moderate
5.344254582394395,433.3514295771954,-7.348356396376417,16.40610778097531,436.13534191500753,0.8930116647104236,0.10362146292497387,0,0,3334.401290452817,6257.010502316572,0.3315534445906924,1,Moderate
0.9081356426165588,1891.1783645714056,-2.098473492236148,324.77550791504814,277.7153580654484,-0.01809348284059875,0.8841651038467899,0,0,3955.1946018793637,16665.412983825012,0.36458111647961233,1,Moderate
71.737604872461,294.1368667135996,-6.457290904139949,194.67656381784107,379.108418759723,0.6594438912714649,0.4870164861750891,0,0,2223.8305882966615,1145.880405897457,0.6650791788833479,2,High
55.313126959425524,475.84676544917374,-2.72744502457686,251.9853885769814,286.3761589427513,0.7128227295255476,0.4387624228669137,2,3,1018.6434740675676,2561.778775247412,0.5520155616769455,2,High
26.49385563765481,845.9239232672373,-2.5307156641455597,298.11906333659067,305.93657470262804,0.8939103668856017,0.40735702443762023,1,1,4623.647494517528,6057.983655193349,0.4507008791769494,1,Moderate
22.240168596574144,1678.7908495992817,9.863415791966656,284.9547622799521,537.7454261126709,0.2715185396374953,0.36501417385920565,0,1,99.8443430158441,11066.663578076434,0.5047621153574683,2,High
26.227742230938716,1573.0531698506948,9.896260586075446,317.73802454238296,138.59633580441135,0.7615039721532741,0.5260054036085942,2,0,2775.3561461476625,15257.656808872927,0.497604592423748,1,Moderate
58.09901483858864,2818.95233080949,-7.704274426787752,348.2116641089827,107.01802451523022,0.8532933829185363,0.6045412266117042,1,1,1864.2470435251612,18423.829050957247,0.4981263446046031,1,Moderate
49.60279583028108,2614.2138232059856,4.5193755865669445,158.06542130709823,51.50080948215866,-0.009816440615866145,0.4664322035729559,0,3,2305.2859774052286,8241.764172820865,0.5280795520500621,2,High
13.889667590060096,1549.4821995683844,-8.965090406617977,342.1207680006206,222.70020658666968,0.3273796979654859,0.8966481634550445,2,0,2682.825281394479,2116.69628846453,0.53517113489333,2,High
13.058200150056326,1234.5943057571417,-9.396159693256227,260.3843814034139,131.07757156643507,-0.13398809925830352,0.3176612285294973,2,1,2673.743111332544,4270.3108672431235,0.40852270464362445,1,Moderate
7.379673728504798,1175.9938658090953,-7.893322115100714,25.44054851090825,170.99202232596116,0.48279641322662176,0.5783118567867813,1,0,1018.1183187821601,5744.952605736362,0.33207002054956264,1,Moderate
49.52270397760036,2731.5832967996307,9.309713140158678,245.44192363644436,56.18144046595731,0.439546772542223,0.29995392019398526,2,2,3398.5116145002166,15721.952889898916,0.6074233369230655,2,High
57.3279496666302,277.0461811523171,8.817270957893946,247.2179974577455,174.95747807823676,0.024538913129516865,0.7533500237925342,0,1,95.74145596073058,13732.866352028663,0.5967350937924321,2,High
19.878482124375303,143.59360833605982,-6.121443594386391,326.10980296530977,232.99137006280566,0.6776930347835388,0.10212109932823565,2,0,105.92047106428359,4180.106468083506,0.45291407857138305,1,Moderate
1.570872077318461,2804.8509325506034,-6.76655328892577,134.25556768923315,67.36212302543473,-0.15900440496010615,0.18869899679533253,3,1,2392.4367063915497,16774.910101270165,0.21645280881623058,0,Low
6.162875060732051,1722.2976783627676,-5.18929826968106,210.5681400978544,384.3472683634312,0.6868500565403128,0.8012014099269508,1,0,2709.5144013513795,17183.11688699512,0.42279012819736556,1,Moderate
72.58950261337729,544.9958710821584,0.31093988150284346,4.387518364227305,362.84019188606686,-0.1706901797197459,0.1831975952195387,1,3,1374.4474085013019,17648.775499172927,0.6405064918591669,2,High
22.15835831080652,900.9241776213042,1.3940926407081982,119.54708718528096,103.36967818045878,0.5225116933499854,0.6257463461947401,1,4,2758.377668134168,5500.0837745532435,0.5000597035897089,2,High
57.69173608786002,3270.5134405311005,-5.568131391211053,22.407741417161134,377.25537763512057,-0.11335353469360859,0.9702434519041969,1,1,2580.5461649279505,2674.6048983015826,0.7658601925863362,3,Critical
46.84976766406978,3022.310117124653,5.132455761798905,187.8742701953629,599.2596552348828,0.07634807124355525,0.5228906137659658,0,0,1746.102773863224,2079.148139605429,0.6632829796505687,2,High
28.64547297396719,2513.2691707615068,-3.8089366119469847,294.28115418250314,569.4579240463473,0.5941046842430195,0.18739644634006924,2,2,3258.873182725583,8001.755068793863,0.5596028929668494,2,High
15.426544664666633,1739.5657831469102,8.442626510588205,74.31936916646482,51.46904635221482,0.10844527958792549,0.3206910456926375,0,1,4789.686082733846,8586.4962055935,0.3166194282241914,1,Moderate
9.103981361955482,1869.1003290507115,3.134454129134612,189.87877640080026,487.4580712316978,0.36229123358950827,0.8234580764542382,1,0,2454.0134721256773,17364.199959483525,0.4968755460483592,1,Moderate
46.125972602915,3415.831419965459,-1.2729761139277667,73.44310914387614,244.48290193006727,0.806773096472126,0.3516609131199737,2,0,3930.2537963749014,5355.120897218683,0.49737136596277653,1,Moderate
58.0975335478341,3383.6195092065764,5.7982400340569065,43.44784842464656,85.00825368404509,-0.14540221055976382,0.7235113590298136,2,3,1237.9828178649482,12537.842832654238,0.6261439078445652,2,High
48.292819015584804,831.9147556718366,6.358292520933297,183.9588450963633,212.79076754391443,0.692187773109241,0.7773500628840102,0,2,3809.752967537406,15764.254196495243,0.5269520718645708,2,High
39.77265999368687,2857.755525438082,-4.190367887821127,28.493503541901948,226.95508397212927,-0.12820080157466152,0.5011828472451642,2,3,3244.5297725099713,5383.057888388034,0.6117549371437391,2,High
3.1463417573727197,770.6250649678572,-3.2057091232783126,211.44766720967618,337.7843316199813,-0.060525671229655686,0.783213384366389,3,1,3198.488899641519,5342.791935543915,0.4860734377876285,1,Moderate
72.63665831957879,826.0274248054347,8.719103074572068,11.281485843621457,413.59607199787007,-0.06874898572186805,0.3169030044282144,0,2,4465.176702211138,13383.105247072082,0.7718324310327613,3,Critical
59.903564374093094,2398.716316159561,-6.705179232734562,38.41738987261519,461.9805867146244,0.8935125115317988,0.5161596467164058,1,1,1166.7512747612584,14522.725607596434,0.5944266533372923,2,High
21.961652752572355,1477.0037351976646,-9.156991660741316,197.9990947754488,185.24667340979667,-0.0017950487353132483,0.6865582639721405,2,0,1842.2505854547105,19195.252825160853,0.5123709732642354,2,High
73.4977747019138,3267.2509841621686,-0.9188935478090166,212.90666864360898,226.97381363667333,0.786438030881895,0.1680731473043804,2,3,415.3372850549286,16998.8134131534,0.4802456103468001,1,Moderate
45.14111922272416,402.63309864643,6.024198004872577,10.43529483375291,219.60993877285435,0.8900253792412096,0.2736219673821897,1,4,3630.5998838460605,16441.028077397885,0.4472997437503745,1,Moderate
43.68169936554349,1839.1871787522764,5.4333621262149165,206.41564368056103,249.50527746648206,0.22216324745352778,0.6520366033936521,0,3,4219.336426498059,13846.28447394606,0.5026992285005194,2,High
56.10548845721491,3222.973203506612,8.39061257825665,301.86090911650933,599.8109699259863,0.49415339788155405,0.6553601198295534,2,2,2029.1675181590151,2369.732670958755,0.8158995775948338,3,Critical
60.88273410676032,3173.9864456303176,0.6640132873808042,260.0338238258234,477.8688165550842,0.6570003791399739,0.49330264645297894,3,2,1784.1340923412974,16184.82450764963,0.6064000503442899,2,High
49.2358955498627,632.1993256135202,-7.998706568669334,47.22663741148751,586.2447558977834,0.23190959001982914,0.7955853567821205,2,2,3293.2592792826376,18706.43451727092,0.7296465397113335,2,High
9.607180977465003,1346.568180327952,1.773779486720322,213.29087312290136,431.2110827508815,-0.02200444545241198,0.4820549020049756,3,3,377.95230394668476,7814.356329849297,0.4245431078107269,1,Moderate
25.37006294958738,2205.0127601587674,5.567912287064232,242.01090002671685,273.44888590600635,0.27713901817181735,0.8813222654137333,2,1,1469.2094806815687,6273.239167721509,0.630281786266847,2,High
69.60627302445373,641.9426082227674,-8.133437594603471,13.40323263082504,264.3593009948362,0.6490764095032391,0.7359034308719454,3,0,1831.0639926759186,10449.63284640238,0.6688134319050721,2,High
16.846170888288896,3391.2753849555115,-6.546851978048204,307.92516072610414,318.71962973627484,0.6588390390232435,0.3146948633033413,2,2,2592.95142015376,19129.112009382476,0.43442715268923215,1,Moderate
27.912526787813498,3210.147717674045,-9.754186776886582,326.25626302433886,279.27838085044056,0.053592671388004665,0.3952540084845555,3,3,2382.846097345047,1016.6454834687854,0.5174914952907722,2,High
32.4057662208147,667.6306087171952,1.8730515889362067,306.1628184104131,505.57943535101015,-0.007537796120178797,0.6676866857698457,0,0,1043.402113873134,14177.612814463027,0.5069763084411469,2,High
32.955374227083915,511.9285682873504,7.734687838918088,296.8673284760808,305.7511071646811,0.8126167723103848,0.8944526188234913,2,2,2703.9393693166626,16293.36666414731,0.533022112471825,2,High
45.970468687089415,390.388841548102,3.4132663200419895,268.1874714459216,212.5878981159653,-0.1516010663858584,0.17870873270350873,0,0,4629.343454433849,15774.983334470715,0.4284253922920006,1,Moderate
70.73068783085307,3192.108457724546,9.640801751819641,228.03553126150564,476.17314778315847,0.6082123233415957,0.5146635387419801,0,3,135.43945148564939,11335.488099406566,0.7187394906237226,2,High
18.051953387437873,758.3209533045667,-8.739326950004768,244.3057217957707,519.9312251597671,-0.1489364760085706,0.11878442132437672,1,2,3401.5328620233627,18411.259943454217,0.5250855999986195,2,High
9.112603222568854,1515.3687570508062,8.060021703029925,290.3023056005939,281.2359258772483,0.7216900559470867,0.2794551553201312,1,1,3123.545136311544,2690.4751712711673,0.3610638227502956,1,Moderate
14.810286739495298,1626.0946432168103,6.281365747733613,238.49944501006965,417.2947145480426,0.7959562946697123,0.6859813592932423,0,2,4622.134773558311,4903.011934877241,0.43761632264965494,1,Moderate
66.51936751569521,2136.6375503261297,-3.7151695900099018,117.98170440554554,82.34249363856762,0.1271610366520089,0.07773463524816171,3,3,3226.724702035409,6139.126061695819,0.5197294614248227,2,High
48.43581094914045,343.9001687412449,9.470531036745037,135.34599677808743,341.20566858430664,-0.11867079213163267,0.6623585818888474,2,3,3124.213562405217,173.54819383200936,0.7510829174298023,3,Critical
21.44300919293701,870.9792991617543,-4.2412450365717,322.9406886140252,74.73962576002943,0.32875298998217145,0.900811120945297,3,3,3849.0283004912008,7413.385144150239,0.3976688584469654,1,Moderate
61.19602042264629,3267.0673155243485,7.786094476564369,6.163950886978284,66.05496227195744,0.1283093404200245,0.9693702910184662,3,0,1339.0297440983013,3213.196756572223,0.7295632243829507,2,High
64.6027497272577,3188.594364713136,7.61497154148379,251.57540924794154,387.1086677875065,0.25884975709141694,0.2166322010255155,1,0,2978.6613121611854,14492.523043159452,0.6122680498437457,2,High
63.48857540177085,2756.3882011793535,5.153152332059449,343.7199188730776,216.83446031724293,0.5314839988375484,0.7488979566078758,1,3,2597.1055468092295,8299.056142547954,0.6543428579839314,2,High
68.91949002296658,165.96423510193247,1.269409476257037,254.24214118487052,458.39543935050597,0.030808639543588673,0.9263704487055298,0,3,2192.3625332748675,14089.188941837021,0.7408972848160014,2,High
18.91807651300212,1211.8230128867472,-7.599945007662239,357.80831576344156,542.8454083479257,0.19264672646549502,0.091369310849436,1,0,397.43583684730413,5873.06539491079,0.4603750934010863,1,Moderate
56.62814465597087,2235.0597001658866,0.6394346899299652,247.51616599019908,126.66514555169289,0.6608187393219411,0.4140236084892053,2,0,1463.1442900642066,2638.3549484320424,0.5034774410101153,2,High
34.5404622955605,1035.6467200298175,-2.8640748869013084,12.370690518069987,448.48756121840813,0.5081381449481039,0.919409766872166,1,0,1399.9085699508473,2639.7804711016224,0.6511935891738687,2,High
63.14989146675462,3192.594763182843,5.844340663107035,297.7235573928925,332.9859990585888,0.15890304026636254,0.2027874982548301,1,0,3621.254785820005,4065.2750487555036,0.6353896707954806,2,High
54.63680078712099,2255.224170230302,5.1625841299368975,102.46676829815488,111.66558758948437,0.5307317602859214,0.9337606837878418,0,2,4603.280676052174,2304.313852417823,0.5173979836128482,2,High
58.23355848747935,344.48283887591504,8.212250147452103,160.58060123919873,408.37593356439857,0.6418442151811634,0.5271920710877784,1,0,1153.936114384243,4410.94147812954,0.6799931681074944,2,High
49.212137826080365,3190.61900204139,-9.703396751365842,112.35308972654954,385.20674170856006,0.4517341390480663,0.09989308253755569,0,0,373.11969445662953,11580.686893588803,0.5088639310927627,2,High
13.307157710228015,3356.4066377991567,6.182064336460922,96.67947823548461,333.6030270704304,0.06344651575110938,0.449877316755515,3,3,4999.784771843851,5126.720299273091,0.474515266465972,1,Moderate
40.87701891727038,364.2222225318667,8.769241062493375,155.30605332112273,559.5591625078118,-0.19973018043680763,0.3262611954670662,0,0,3456.026650670274,6858.93122968064,0.7725986493650415,3,Critical
73.85023046433811,1910.0247985284707,5.786008982163002,136.35052143864255,336.59383285720907,0.6831340176871097,0.2822041605518083,1,2,4432.354234951287,1054.679670781642,0.6695103442656396,2,High
70.30410498728392,1131.4385595281794,-7.396110802592666,228.0018894633322,594.7833134976169,0.7048969108477809,0.5414755756336838,0,0,719.3970793189814,17844.181851395955,0.7114103403001608,2,High
3.2380301847758752,1435.652860036768,-8.374417903182245,292.7344323555038,330.0758476164611,0.5673649515337982,0.48359269075187006,2,2,4003.8402055868437,2763.2198415799357,0.45594410435510085,1,Moderate
12.361111179707784,710.8141410481625,-9.583095203845984,106.95191514740668,113.71862106575217,-0.11576097549562483,0.48196715962009196,1,0,4066.618729940501,6973.316712069535,0.40869647006434745,1,Moderate
9.879658009092143,2065.4451468422026,2.5749045165614213,76.93961501592628,308.7591880912667,0.44374451625885086,0.0881417311031153,0,0,757.4446299530457,7589.585006766213,0.3462778548428797,1,Moderate
54.448493248897165,3357.1298010462283,2.5934530371977456,240.08229751332323,150.28081940528918,0.7031227383987682,0.8023181810271366,1,1,807.0209004704788,15442.5253805262,0.4903882468049009,1,Moderate
61.33389973927088,1810.4468409234707,9.738274284364245,241.3152236990814,378.42341686958497,0.22863515211898222,0.4814393153557952,3,3,1477.256080609005,9670.857066129643,0.6557200465107476,2,High
16.013352473300394,381.9095767412359,-2.0391365179180854,324.40724614302184,431.22269635648064,0.01780080764227951,0.8209058287018742,3,1,1083.9372381786989,7659.125776359152,0.5903952755714597,2,High
37.938951971387176,2208.0045338231885,-3.361874302050065,5.740447123191905,307.6394032889015,0.44639002696561775,0.8245946415509503,1,0,4877.049540282969,13917.493971808914,0.5280279243517452,2,High
63.05272710084,1256.7581811342739,2.48849854368785,307.09463836194357,103.73663222573153,0.7089372900309658,0.3171353248480432,2,3,1814.7191681821723,11940.295014037209,0.5601964366087347,2,High
54.96011585746879,3010.1456446104125,6.512173450151877,187.5607822614085,307.7527692209541,-0.14624304542222788,0.004346303807612362,0,0,3806.5320588360346,1562.6916757402776,0.599828061403366,2,High
40.667790411888625,1577.9057042759987,8.735478990460038,223.6687521019556,94.79981810392022,0.45664633887680933,0.9112456774581185,0,3,4025.254017413363,6254.005024151678,0.5111644915102531,2,High
44.27607678440797,755.6546704036351,6.062483323580771,32.89371860210932,425.1692755285937,0.5074911748732762,0.7606946930862403,1,0,1929.7044357733728,19572.16257198538,0.6058360755798579,2,High
38.127041018720995,749.7591171498929,-1.4665203876839055,155.74137583393644,484.70252367579815,0.46260374328310766,0.1072519568234711,1,1,3412.9277714116774,9666.70406061387,0.463144936077585,1,Moderate
22.316133848911544,2713.798214451945,2.6982847062412834,81.82886660586857,579.3091799748714,0.5150370526607535,0.7017270340031013,2,0,539.0007044786355,8483.861396220309,0.6342047123544489,2,High
42.37664946442621,1002.9978342450237,7.12598653432234,91.52101082970327,131.84115892065103,0.49451283836457,0.0200232686688806,3,1,1984.81025740968,2998.3960255941142,0.46340311661369205,1,Moderate
51.6663976537568,2708.593540141358,-0.18780623376521177,181.47424128336988,342.8311845433173,-0.056555726521616057,0.027759069220698485,0,1,4836.553300474499,16781.40347730309,0.4754899080210463,1,Moderate
65.49921868956058,800.016856606438,-5.666267125892146,292.4841421451205,362.14555214448023,0.05843045464380692,0.5258232395978425,1,1,842.6532695680183,2666.157549841186,0.7754401419351615,3,Critical
47.7218515484436,1193.733653584452,-6.60553120504254,267.7611348521482,557.3620935795389,0.48089340581791123,0.09603742923634662,1,0,1928.5565235031565,2101.6748838469557,0.6248823819649879,2,High
57.08411527823685,1682.655706294978,-9.996845108438865,212.7599852709434,395.00215232808284,-0.18053752274955215,0.9643365224849189,2,3,3952.6075494601628,8780.007010495157,0.8785333361221432,3,Critical
12.005372621592974,3306.8658889577323,4.364759899625685,194.19054939124814,130.03030510492658,0.4982189705955689,0.8938312266502625,3,3,3327.1162745523006,8732.937587382688,0.49801837401828014,1,Moderate
34.616810581484245,3267.886844163004,-7.77805582308019,153.83017556441638,289.99322817975406,0.5319252861635353,0.6498120312478848,3,1,3157.5930078719925,19629.37973361137,0.5719371751389617,2,High
0.6998714870319972,803.3643764357785,-5.123218006081192,350.1755904820991,410.11939067843775,0.06309223584782436,0.06370897083831328,2,1,4266.287296712112,2550.6697314596936,0.43750938503033243,1,Moderate
18.500914839121727,1317.9447402264475,-4.042473369544133,201.66931952432398,435.1564376381136,0.4579461127284536,0.3248352578070651,1,2,145.46921511848777,9676.541973420854,0.46219857346113136,1,Moderate
54.48462863347536,607.9579207428259,1.207597202735366,91.42790339239997,524.6906992248155,0.38749906679614105,0.3717229979060439,2,0,3855.821840909961,4024.9062419498373,0.6332593239072754,2,High
74.38574635120226,1833.9492696658901,-2.0408544540846147,82.83268513441425,149.27891591441843,0.0867607029684252,0.48087983582869964,1,3,4412.745196079091,14035.277834299844,0.6399077166845349,2,High
7.438357469041193,1665.9806723618665,3.4934798404632357,220.08709107905105,573.3481807155241,0.3092714130622301,0.1689028740064522,3,0,80.87238748098413,7833.737541358576,0.43137620751711947,1,Moderate
30.11207368959662,3162.58455233249,-8.887226813425945,188.21790983193435,82.52667660857574,0.8005869823533998,0.5775116427971959,0,2,2794.8147555365276,12969.357788016136,0.34926954328384024,1,Moderate
60.00532265243696,3262.0182844896467,-7.521216114711211,2.7712090636966025,591.0691740128962,0.2692630585058712,0.43577064790922326,2,1,1742.9424260531528,6768.223672552555,0.829438525677324,3,Critical
15.302672597167414,1404.129129424793,-0.0157699293346667,298.82353399048054,521.7719010765247,0.4928285945674519,0.9472969633928585,0,1,253.81354406771362,11290.919732675695,0.47792989845239897,1,Moderate
41.63137119767147,1771.9090062645641,-3.2607042430634037,253.48404752367648,413.1500305191942,-0.1611140968552364,0.9361952296252191,1,3,2088.740596590717,9382.73950375836,0.663192581830441,2,High
54.98034720222561,3147.2032470968525,-4.083732744972806,238.25854428411725,454.2475251454319,-0.11441987534569133,0.5654739553399724,2,0,3220.1507058594298,7487.299549407047,0.7600444773191761,3,Critical
46.19890876951343,2842.806546333209,-8.659438419249545,24.761036771157222,89.98060325533804,-0.1105611193663497,0.6443493359905352,2,2,4595.068157946962,10750.495853359698,0.605543545557912,2,High
14.10185509615621,112.43145857180754,7.914383494960028,130.3401060620969,72.8139245919488,0.65606483998909,0.13779646777374244,2,1,3102.6524324803568,7675.973540956227,0.34092369423694197,1,Moderate
26.653842651430455,1188.2025182241805,3.836371722501015,336.737613863803,105.97118810325104,0.18528258428379796,0.22332323884017158,2,0,4283.715407779936,16120.37555568764,0.47102901521549706,1,Moderate
58.78438383640479,1534.032422582828,-7.567636863607012,310.53212688289096,98.04789806527577,0.050372857202394705,0.9007154042019095,1,1,607.8575333728253,9904.752005057724,0.6291772656065567,2,High
41.56698855990125,881.0353645229878,-8.699080845257187,102.79545763303204,351.0596784081893,0.6220570252968951,0.699165922895735,3,3,1052.6058376156711,18062.545329732387,0.5593471503618325,2,High
0.39222101571845525,778.5434940461918,9.497450668624861,56.541198275689936,168.49419291148402,-0.013043931188208097,0.18943019728307753,2,0,4851.464321072839,4456.084814443677,0.39449587976190986,1,Moderate
57.07430700210704,228.46732242531087,3.623451008790097,161.67166458068775,523.1131004636995,0.07114177757730872,0.5702103060732229,0,1,4437.003451282219,2242.4775957023744,0.6632969058563465,2,High
2.6483516205179303,2287.457065237186,-1.6508785781251696,128.09893632035792,295.1617426874397,0.274024587597023,0.9347612504894489,2,1,1176.1347651001274,7619.347190166634,0.4750697318288209,1,Moderate
55.93003370484241,992.5349876427632,4.034620815115698,245.6014956141568,432.5307620520512,0.1645818759160746,0.3451711061619036,3,1,3104.8694089878977,3673.191227728707,0.7300124023597693,2,High
15.186042012392805,277.98040666646455,5.126635729603182,347.91653163035505,409.08020113358793,0.4439314321403088,0.18582037551908526,2,3,1813.1637926426624,7862.387862074554,0.49534390561469194,1,Moderate
71.85551100895351,885.3296557954163,5.599244047775587,130.68052199372212,225.91917141134053,0.1716246809823324,0.9420252769090983,1,0,2342.9925436441767,4148.218887546323,0.7656270496161589,3,Critical
27.595556347656334,2826.5074396428304,-0.44245388693884635,22.40070215480712,183.74216543915097,0.23224679944478116,0.4612653602920992,2,1,4304.390745461451,17364.32617946351,0.4093771467856616,1,Moderate
24.51987122535593,2995.0632175982587,-1.4023448375030405,323.1410430032587,238.35095691314936,0.7491752690744347,0.41724199866276646,1,1,3678.5630506651646,11358.090595793097,0.35128070036158293,1,Moderate
11.166603774933352,1742.425233657229,-9.779438314621993,13.66190288635349,488.16210561741065,0.7729845835908027,0.26756719979275023,2,0,1192.2128086004768,9951.78529963276,0.424288907489921,1,Moderate
22.920316161766117,1514.640279389533,8.53114230283676,342.9957229751999,372.4522666307902,0.7104823098947484,0.8915852949471442,1,3,1579.965373484412,15754.901881365922,0.5934300046326364,2,High
65.74880713711504,3424.702557906058,2.066157567778861,239.24859408325432,189.44626438554644,0.7513140259750959,0.8456167668895751,3,0,1448.552299094989,2607.340263447566,0.5960151002477563,2,High
74.72507532204355,781.9198425994376,-5.9369212562006375,339.0081150391017,499.8155436832366,0.4267015362730288,0.4029903994367541,2,0,3903.3138917037218,17140.29441041033,0.7480661960046244,2,High
27.623214788013627,832.2215617056688,8.392068388428733,71.87748719363218,80.1176623606687,0.5108565362265225,0.03061327989707885,1,2,2450.442105684156,9666.081164124804,0.3621642493254651,1,Moderate
33.64579732159069,1092.3484019237592,8.29863803540593,14.651926291370746,434.55085624466244,0.4128904832104346,0.44665143050613954,2,0,4753.62153512193,2728.6645904913985,0.7155868977791763,2,High
54.15532036520528,687.3748821556968,9.783683287321917,175.75559217953705,291.50544316212097,0.6641468924582121,0.1808580165800533,1,2,4083.4358861452547,16388.229322575444,0.5373944598030539,2,High
66.46468353488059,1389.8430338942344,7.481131262779577,162.2244292452451,452.20971233623857,0.4061005343375887,0.14273407014888118,1,3,1055.9721542729067,9215.504208237042,0.6472888336984369,2,High
44.478325064008814,3196.8363717651628,9.955687756401296,119.33721837175783,560.1037041338848,-0.07781533899414142,0.3930936118954236,1,0,3929.7139767727485,12092.010849137918,0.7706480363099661,3,Critical
29.3644273633372,2192.1826581371524,-5.106276237534548,344.7563307799311,462.5187538707971,0.6905381325025459,0.09907693734462719,0,0,2530.3967360696342,17872.17771702466,0.3905497382384103,1,Moderate
30.94663806364678,1500.6182652816965,6.844991703984682,296.1301435781156,293.0809454212603,0.6366436877452901,0.957464506931665,3,0,1268.550630903525,17813.83264440831,0.42618366322051027,1,Moderate
52.17136098726051,3276.9967015421303,6.4605661759152895,238.1695276952136,133.0366248326344,0.7023306548108879,0.0475391817812818,1,0,1816.6587140894503,17856.377831129048,0.34803574618809785,1,Moderate
0.24136977032090112,264.7783904177959,-5.381192815585325,58.62898498961798,493.49303669298854,0.009472409728738057,0.40136962739872717,2,0,4860.630583716681,8338.34918385913,0.5009182891519237,2,High
46.46920030948805,814.9390048663287,-8.031249019980184,264.3564269586689,303.38803980675436,0.0987787579864638,0.1627027020316949,1,3,2419.8072129206244,14992.117635601055,0.5549768061035399,2,High
26.661975783101806,2024.0212573459805,9.588410273551993,261.7244836919006,91.4217779014214,0.12532686698988305,0.6888113215287561,2,2,3598.029248053315,4665.417194884043,0.5911669843926906,2,High
59.564799845781316,2192.878918856809,-4.079508969587793,153.02454250176268,445.4804687772763,0.35888858980424104,0.07881144921456174,2,0,2385.4264758138606,16623.539770590643,0.5704071406981798,2,High
6.974297986734912,234.49552231288467,7.41783580935612,332.9229274970449,210.5185812541243,-0.05273520742019425,0.5468055742086343,1,3,1857.7863692305962,6834.446127986384,0.44177618697904847,1,Moderate
44.11517002112929,1470.3317768842494,-9.917456906507923,60.11203760244376,76.88852622785188,0.2239199286023541,0.7731014952019376,3,0,3982.1000912967925,9278.249239209932,0.5101432011542191,2,High
36.07296674145928,2307.1234804249675,-9.579503855607957,96.24152246819915,546.5130582357427,0.0003739771869325781,0.9500598350489707,1,2,4241.621758875314,17827.832963875506,0.7577216416876481,3,Critical
48.17441444289206,2473.4398577715656,-0.6825738260726322,22.760762130228112,315.7056006516505,0.09123898433601013,0.6985275629694127,2,0,359.4458283293517,16114.79903188365,0.6639436721049168,2,High
4.864019586222626,2269.6756685553155,-5.225706321298729,286.3623449439315,204.52857924516186,0.57702639801427,0.09949175763458351,0,0,1394.8879456583313,19050.22410278345,0.2983137462389606,1,Moderate
43.498784057109845,1189.9149628271434,3.7968256687192863,223.833378994343,444.01260683670137,0.7402922719490093,0.08852054971414103,1,2,2539.355238154403,7269.459796555555,0.5102410904022672,2,High
42.11134409696428,417.96842023289236,1.3112865113590857,113.37851004524983,537.2463077254101,-0.17480354674309778,0.7315980485380659,3,1,1582.4887372221658,3021.7053931516457,0.7492737038380716,2,High
42.049507081212816,1552.182317825736,-8.45028405099017,58.97291889395353,50.16889126856552,0.4224866596905004,0.21532940500346864,2,1,3917.9150248037668,18208.208461562204,0.42112917893102114,1,Moderate
45.26157499473411,537.7650870513886,-6.747434073685659,14.453197210346534,428.31870177318456,-0.16033426173150617,0.4472393086332488,1,1,573.6668037443432,9863.087742187268,0.6650348615193152,2,High
50.73509529197717,3321.920438970268,-2.239014598831714,60.028404705337174,471.85643171013174,-0.10622583048729468,0.9766211013513589,3,0,3988.991431432866,17788.015821811652,0.6305629022889302,2,High
60.37417497605773,1715.580944476936,-6.287918720891337,163.18247268155696,165.46008500372113,0.57559243807552,0.8199067984038756,1,2,3089.4320859743684,14641.47185466557,0.6140683987908195,2,High
20.236554009616075,1178.6811928133498,5.844446944878571,88.98370884381822,319.2931072755959,0.6091689171523282,0.8465933573002006,2,3,1446.838592687415,17496.05811044072,0.5203584800590996,2,High
61.878705763504655,2705.4338418042603,-1.6785952889343996,93.23358387550802,99.1072444048647,0.6953787404900786,0.8607699047280787,1,0,1722.2734422058954,13094.458714084305,0.4395724686201138,1,Moderate
37.36917616975902,1793.025214779697,-8.131362663150014,315.20749200037716,460.7124353834412,0.3216656629473355,0.6195453401215579,2,0,914.4957754660071,16247.440274413211,0.6863818938171616,2,High
5.779370935074837,1154.1156816423302,-0.31314195455750315,185.44956244599624,516.1008102098439,0.7457882302178072,0.7439339238624784,1,1,1262.867001490689,2406.719976892151,0.49045796940281244,1,Moderate
4.39131969329844,2860.690324128726,-8.183236378771717,262.53071032622927,109.50266152856332,-0.01647787919421323,0.35896091463428725,1,1,3586.344344912482,19365.893784253305,0.3150176873218363,1,Moderate
25.06787390220456,3048.3173134038148,-7.421253891603657,12.855941650131513,499.0531393880591,0.0746880549985029,0.9984462265728508,3,1,1879.4207027059651,3619.584452836302,0.6668708704181384,2,High
58.86727328336006,2388.2277653815017,-5.207803359435895,131.45880804409035,474.36359376649347,-0.052047637637831545,0.27962216965464504,0,2,3437.4206934352446,490.05535795255906,0.6209359437471821,2,High
53.07607010556868,259.6790361860688,7.190554104949797,172.50096506235906,240.80232620399352,0.6772909866400643,0.5900074033035195,0,4,2570.53770550874,10616.14749888569,0.5029028306895661,2,High
59.14612235043048,2025.4977925662092,8.49225064665944,67.11006787566649,429.6592414634708,0.05154263022528083,0.28206167832119333,0,0,726.4887482196286,14238.245256315486,0.7018265492670216,2,High
38.795179233120706,2695.2027007907573,6.525154586641381,43.268954920393924,50.02646814187146,-0.028937632965874788,0.11207105056007316,1,1,2495.3532389984607,14328.36868500975,0.377438714081236,1,Moderate
33.01492484666179,564.1102410841794,-3.3184556516430552,313.30936025994333,562.4887099562992,0.48542175634686185,0.5675858148436767,1,2,3782.3492292131646,6784.65690312106,0.5893348313854351,2,High
11.058939502971295,877.4805547076514,-4.551071177823367,338.19538575592674,352.71077941960505,-0.11520977100325816,0.35334867086613975,0,1,1488.3775236216218,15076.636728026364,0.3541151963601257,1,Moderate
24.614456520698365,3100.483357231664,0.9831138158047832,28.370411296346667,391.18637523409967,-0.15060969505781022,0.5832192675233877,1,0,3240.4083234346404,16851.201087458452,0.5238006596536445,2,High
32.55145246304065,168.41385430045173,4.437063210662247,125.64673651527951,415.56267744650427,-0.0826105865922952,0.5586784766649928,2,1,995.1632727085419,12200.234847468586,0.6460950204247173,2,High
6.645032225971292,2659.2722686083184,9.867455763203495,344.98282613201053,358.7529594701017,-0.19973502761411566,0.5422567291435616,2,2,678.494789583755,7719.840144401966,0.5983618751188384,2,High
16.545896453340845,1710.8291945490378,-7.368585762421476,29.93822392768736,521.2201381467047,0.5666891696439718,0.12330112204652943,3,1,1801.1306531197836,12271.49168332428,0.436467708557492,1,Moderate
44.86689705478041,1619.0253400546633,-9.014160019523912,231.71089423634146,385.3360076833492,0.4184588538859266,0.4401807743503571,2,0,1946.0179684983514,17244.60800702647,0.6709247286183564,2,High
55.174733567939235,124.1282104826164,3.88711777990542,349.999693548122,549.2679951822599,0.030862619941496278,0.8120039393987918,0,1,3805.048151835512,18009.435216740272,0.668405383077333,2,High
74.87606335447123,2885.9539852860753,6.6445156700781105,352.16052068929486,370.2823922287049,0.05630544277535543,0.31514349554463583,0,3,2300.3937563391264,630.3325425899709,0.6731916790994973,2,High
69.98349985076682,1323.404662164326,6.926975597328465,169.64039912534756,144.11733208931162,0.6920654583170436,0.44383150529206516,2,3,406.17447665409867,2447.9711676195116,0.618702286907308,2,High
48.19238996513936,1938.6031464218458,3.5692709815432124,58.589678801657016,552.4594057116166,0.35200212744633047,0.493831590320268,2,2,3169.997491776977,90.2809585574893,0.660186172744069,2,High
31.5936039970554,2402.822333541242,9.080316082383742,72.75035339187798,424.8951240978772,0.5683811927899136,0.8627313125917447,0,2,2346.2662993302365,9848.84364719642,0.5819004652122728,2,High
47.713302353117456,2488.940559888914,0.22009527089173808,320.25650224478204,434.58144693955586,0.29803099640240716,0.6555997692260189,1,0,1658.2160028265807,8727.818549605265,0.5998790888227329,2,High
58.9238713560174,3350.332200008646,8.276295966724248,328.20588155870496,592.014962814381,0.0614898286228715,0.100202534837314,2,1,4011.094043054931,10916.033235834317,0.7590209488137422,3,Critical
8.875214319254049,1906.555841004471,9.35624273983046,218.8366717944797,91.35810481526855,0.8674430807511977,0.8651709858050213,2,0,771.9239511379222,13672.93463934553,0.34132991045607164,1,Moderate
30.742866727221617,1459.0464733130536,6.943149140062154,275.8235038091681,285.7259339023442,0.4222123197129372,0.8320659754820899,2,3,4566.061719889816,7315.674838758053,0.6002219454258422,2,High
62.98517142267129,3342.592330071807,-3.8048287348275878,266.37525052934694,181.50246614263835,-0.055919905855296353,0.7536459805991754,1,0,1670.3074515855553,4171.545375266907,0.7254978510914556,2,High
28.7874713949783,2283.1747990867716,-6.075686976594095,238.2557752760785,396.7345555925114,0.24669904640229745,0.46605801831883764,2,2,2304.7072242131385,7896.407567713197,0.6064907826952213,2,High
42.89042034203899,1113.711211340289,0.9624012996363689,297.81970375389807,493.74642606143954,0.1622711531415908,0.7575453834858068,2,3,4646.164977800958,180.22001373636743,0.6347955209168898,2,High
44.082702064664865,529.9784343721419,-0.93970499239623,246.7463842945156,581.4708898908269,0.0354962154473735,0.4787420626427572,3,3,3806.199158688538,16588.933537111858,0.5874041403739771,2,High
13.835718985022952,2964.6853049816164,7.555166843854661,192.24083006909976,300.027858825096,0.8267839881642856,0.7366235343271629,2,2,371.512169024098,7674.525994938867,0.457436788898227,1,Moderate
27.16765812392163,1331.4174495001153,-7.999366578656925,85.30429053173644,482.4200268534323,0.7690119950057279,0.8801101649725362,2,1,2891.484293776853,12455.766848973995,0.6155068574329556,2,High
25.088346655644912,2345.597052639066,-4.845198773769628,267.7997318827029,554.3783756222088,0.019061828172128065,0.8905415851305968,2,1,1551.8143583659748,6494.512450128689,0.6876259031743102,2,High
1.9647531399048597,1700.7758258440535,5.035978890374171,170.4376324217788,425.8289878947366,0.18736267796106842,0.4545785741874546,1,0,2542.4412492036004,12296.247776799622,0.49607534712431267,1,Moderate
1.8143822918516435,776.3612513031304,-8.100267100453758,106.12500624270336,183.50290384737417,0.6385469308379039,0.8593426793520292,1,0,3714.8452081708065,10808.707871774266,0.39387205916351525,1,Moderate
62.37727827568301,2145.734469309581,-3.5847117195659965,288.7006592670391,384.31978310928525,0.029356652954237256,0.10145738050771314,3,0,2480.86456959325,4171.186597713244,0.6166475384975094,2,High
20.48031074796093,306.3224344323199,-2.2568921189203373,250.8168961270902,583.4736262994526,0.4507213488646689,0.10181941748678103,1,0,355.1093847252257,12506.4804968914,0.4491331403483493,1,Moderate
38.85590746791116,1505.3643635620535,2.4518759312537988,337.442242724892,593.154605873861,0.5697733363372983,0.54826694686748,2,3,2649.902593048419,2192.448387122841,0.6793240029591252,2,High
22.40441801915798,1958.4907948564814,-6.837347085612708,59.558990406795985,403.29790304422795,0.519369558281843,0.651844618456269,3,0,120.64833280071852,9621.716936567089,0.4822373973380844,1,Moderate
70.55094338365053,1582.559712003169,7.2120898069941894,233.70814246913753,537.8432668295941,0.5770495043030506,0.1529937759784027,3,2,1742.0467867997063,14397.561179785842,0.664974945277729,2,High
19.447256914933032,2645.485395853369,-1.0491552906745145,87.92620851174335,160.19215011673154,0.5773695479316392,0.47218004480599296,2,0,2390.1526146171586,10981.254436653197,0.3685582954441448,1,Moderate
32.22426095542013,2914.9448454540625,8.340434237611131,325.289874708591,185.34323272371924,0.8612865118338213,0.09436266781592306,0,4,3223.3678168831375,14925.421349087175,0.38824650449744347,1,Moderate
65.45476878634514,2722.2264517128056,-0.6426017273213684,35.81978913238164,574.0881870866729,0.18114877847235156,0.6020994855533104,1,0,2531.0339381084013,5463.25175390356,0.7612591657058294,3,Critical
63.145017509385646,231.96402256012718,-4.499194821185332,236.2182503201558,124.37945652214435,0.7664494668134236,0.8550940367528479,3,1,759.7340527358442,976.3705998101813,0.5721330178609186,2,High
13.957606338470798,760.0378195163055,-7.163423426246503,284.79085975009076,155.10854095141343,-0.17601223123338255,0.7376389760195238,1,1,4661.087819805209,1119.4075527275938,0.5528534760829235,2,High
60.19824823467828,1924.4655314968327,-9.925098105774303,127.77042253129459,281.30172951602844,0.11702325965561156,0.37829155242927126,3,3,3251.4983637557098,5374.509706507631,0.6599128457849314,2,High
34.36401650534195,3278.394937508924,0.6431496996967123,343.4897085781713,374.2713582643427,-0.1464786398009553,0.9937937966371216,0,0,1584.8389256245378,8153.341842921817,0.6356312261136196,2,High
36.22266540640164,2938.8530351771974,-7.856866061461531,306.26304645097343,382.0994704325494,0.5163243559514243,0.6629349764661367,2,3,4829.698475655207,10750.104107515754,0.6187242819098181,2,High
10.010997931195783,2964.6173283961257,-2.1654447273764355,106.06258788656521,210.58680476606042,-0.08913059219521849,0.8152484344424791,1,2,4412.888045544949,15153.225894758909,0.4260796741769058,1,Moderate
6.045113531784349,1130.9078587828947,1.7854352247417342,2.7147933777595235,556.3376438726915,0.7302775500172509,0.6696973872917327,1,0,717.4504433908196,16792.18966985081,0.4279750537624542,1,Moderate
54.59544802303239,1560.1228500675888,-4.486282061945994,106.79658340250191,553.3049491843245,0.5112508521692858,0.9894162910871266,3,0,3277.1454755328177,13873.619477948503,0.6674216575803885,2,High
37.23458642664748,1700.4002208741872,-6.4955141526776945,101.27176936946731,265.63742917880484,-0.16830305884103375,0.8213597672177729,2,2,2800.347260432743,9264.179094453668,0.7062310585716187,2,High
32.76380269613847,635.0633833896954,5.494432452186832,320.38725870032727,288.8604731866634,0.5862551019780853,0.5194232178954405,1,0,964.0446144309711,5289.740317435161,0.5608388487504496,2,High
54.713117148929754,205.63164283115145,8.935823445632412,348.1636241717091,436.3734142531515,0.7482384419826573,0.3668795628375898,1,3,1167.3757024451447,8556.046497478534,0.6392202891281322,2,High
57.413467424333234,3319.469858165757,-7.99119164276068,25.35839494929373,414.6477430193954,0.5272331084283643,0.6821548291488424,2,0,2818.868867754849,5467.92303825665,0.788987804481467,3,Critical
11.918112575201517,918.4227912559229,-6.888193512299843,169.66613827199401,260.2633582285293,-0.1664233624714646,0.5902218088070089,1,1,1606.4414216698851,12489.252277419891,0.5260702575836467,2,High
45.766886210823095,915.8262726603465,9.200253145054372,197.39951947072646,277.83433833655187,0.7437115033064472,0.6293505910275453,3,2,4174.157155475777,16364.137209898157,0.501307904349881,2,High
10.151556170826414,383.48878281378245,-9.244315563755075,33.44819807869319,241.42141888184642,0.6057103042274385,0.34301176628375696,0,2,488.6961765313708,10363.774871606882,0.3830737779713211,1,Moderate
56.353131452178424,3256.926356608847,9.552646731009446,135.89917528950812,179.46175382431935,0.21629644373238266,0.4287284205705545,1,0,4570.1538660105625,916.7894931851972,0.5798065039729667,2,High
49.27163672003547,2071.1061907952244,-9.907110338300225,114.14967026146222,301.97609960827685,0.16149328414705294,0.5580965748906498,0,3,4202.762745341449,18794.97255832987,0.5862276345074331,2,High
71.74609658125935,2367.925314226203,7.473373113026625,192.98028755775144,427.53877254639724,0.3278021995481842,0.839283401921843,0,2,3693.1174155687336,5885.68023604733,0.7145025306395195,2,High
5.171851226731588,3199.3614166943785,-3.8534963802450095,238.02872390349768,458.08168792286114,0.753811926031658,0.7629089177629031,1,1,1312.8362546758183,18290.206770376328,0.40486245711848723,1,Moderate
4.2791040863440735,1275.1085742626842,8.77177716354593,253.25463977876396,478.38050654077944,0.07726528705651331,0.11865587050279036,3,1,3574.789280210595,16261.366050539766,0.3423200813474616,1,Moderate
21.16403060199001,2213.124857869486,-3.6610942272882907,49.23180850081951,256.1026073992168,-0.08893980763467876,0.2455542500193918,0,1,2193.8488980931616,8262.502266185982,0.459892934468973,1,Moderate
19.62792628019295,231.91814607821738,3.0861264306811194,292.66117270006373,470.5497968567355,0.751100010257155,0.026657724933027427,1,3,3168.789486145831,1134.0753436829098,0.39917467755659597,1,Moderate
18.523409930399986,735.0265959858398,-8.399348604681267,244.27513072467323,53.5839736305314,-0.17108116623120478,0.007960567965591414,1,3,1562.7720860167726,18954.07808845614,0.37736558374556267,1,Moderate
67.96909353907775,2926.2357373058044,-5.15340377092522,320.06697002881907,312.3774657442852,0.8020967244684711,0.22437546928024177,2,0,4179.289269040143,13181.07334382998,0.5915214923056548,2,High
18.715964988712958,2707.0124115503413,5.473586929585014,161.76098139675628,486.64742007297997,0.13631971373154078,0.7993209480093296,2,0,202.88049659439034,4993.07965178782,0.5658905642325727,2,High
20.396229459647326,1292.1851509542994,0.5737170735763932,321.80031457998894,396.5245963527443,0.35904497185709444,0.9047476581743871,2,4,3457.298733479584,10670.724068710995,0.5314431524760783,2,High
56.954869681347276,1381.1561344323225,8.559381235740894,311.67868404818716,310.73471828497924,-0.054474922772549145,0.3917683658985981,0,0,4143.156201916572,12707.41017753117,0.59838111327598,2,High
33.7304881837905,1914.0850740821702,-1.4249718331729149,157.82735964933707,404.55310363349207,0.7924804663143539,0.5631985966066786,2,4,3232.140575819496,4533.186542893777,0.5399472519961859,2,High
58.253291771638594,100.81941592945746,7.396247316278462,137.2115935054723,548.8203017317651,0.6248198457228453,0.7060526019553808,2,1,959.9589106465622,1870.8099967344394,0.8423227260991802,3,Critical
4.902461817328893,920.2307425292947,-1.02089125043525,335.8123253892924,361.5099903356141,0.8165711452688378,0.9529366992517265,1,0,1424.9038989013152,5349.31091669326,0.487785779777176,1,Moderate
36.56783952550382,807.9881492679291,9.584965574039707,257.45930443383753,489.8824053030584,0.5515519562299787,0.9129322372974317,1,0,2574.526472513752,952.053365232517,0.685448384674212,2,High
2.5210200137461976,951.6420189491957,9.196687627977536,334.16832471770726,589.4084988738587,0.0031631544165587333,0.05719230338137993,2,1,1647.2453463612158,1399.7302048971849,0.503079406041791,2,High
4.698990259151589,2840.0798646137005,-3.4172658888783936,286.9109204024927,438.0625111415617,0.13909370328487425,0.2481658432092808,1,3,24.58210853599152,3131.700869865126,0.40474512767575543,1,Moderate
67.98280900083083,1050.8911122579068,7.718473408336063,219.34707814490915,365.3291701389849,0.3355334326138207,0.04914454395517709,1,0,203.3905622227383,3168.1274129620874,0.6673696724579894,2,High
10.443402833819636,751.1724949705037,6.952227484312985,41.706999721355224,70.61727091893714,0.4679840258962276,0.6165424209890513,1,0,3838.842155050043,4959.031698666329,0.3749271725999883,1,Moderate
39.931551170641285,1814.495766696307,-5.786392053448743,104.93304212847545,255.96284404002316,0.8191053810699012,0.710493316472639,1,3,418.5359084068213,18748.584643778577,0.4173688043685171,1,Moderate
30.832170195052992,3043.1931236672885,2.4858080156653948,348.78326655542094,360.9935034333151,0.22234661236805286,0.30828341235651147,1,0,4640.109278191159,11516.400457488055,0.45710305813112895,1,Moderate
26.0507494694132,920.5889930474996,-8.546353688203702,114.99195553711361,488.46361443831785,0.5733792240978606,0.8538519081332145,2,1,2213.6822294816543,8450.103598802674,0.6990224903004331,2,High
67.48750092654544,367.02322549551553,6.734214411669232,33.57175312273348,290.95763430616694,0.8571097338019042,0.4528127504114977,3,1,3790.9331918218354,11275.993371580149,0.5752447977799893,2,High
1.6367547581617126,1311.77610188886,-6.509082329930069,254.7192081309551,578.0320516706254,-0.0323885302430017,0.9983815150970126,2,0,627.5229803430354,114.2310636060917,0.6757849565376167,2,High
49.78422646316918,2642.0162035209246,-8.58370597228471,264.24153163572635,199.4865639430212,0.7489805476575031,0.00039969258932492924,1,0,4632.5371003851915,17894.938194286653,0.4112799329824979,1,Moderate
72.25458256601628,1972.3478519623018,-1.9956180892237754,102.76477930337428,459.51195736567405,0.26277667743251854,0.10948970841855665,2,0,169.0441492107736,10646.262821078903,0.6626394904415064,2,High
42.01261375963814,2877.0974565527813,1.5384427719928695,107.16191256466935,280.4672793962701,0.6056639535222705,0.3017932429353404,2,0,210.685803647781,9033.013300578028,0.5186925576377737,2,High
70.26168465248189,3362.6133018713954,7.09833917119542,168.8014747831622,317.29367201124825,0.12289217261079205,0.025507597953713157,1,1,272.92890106511703,18832.038787612626,0.6049052242310387,2,High
3.9193409464517828,2795.052420955498,9.484850510434729,7.844021914411994,491.37611862599215,0.16738264009260173,0.7823394577382508,2,1,517.040804817413,14608.161689674278,0.6056729437851917,2,High
31.409498930562105,2152.9304680687615,-1.2101497486027277,284.1562837300189,212.91839390843805,-0.17015345264512727,0.052771787871287223,2,2,2434.1582194295556,6748.4168008457955,0.49946953747639755,1,Moderate
19.511834322153838,1777.3613993780937,-8.791061540294596,114.15196341868521,103.24663112732873,0.8685445684836557,0.7489796332938272,1,1,3941.382210574842,18723.149629138898,0.3735416426274538,1,Moderate
54.81157237355473,236.2348935841067,4.982311580517413,307.3547167207119,336.1405715373849,0.6947978327538629,0.05256845878954941,1,0,1424.7391572816553,17039.952499871,0.495285683146144,1,Moderate
73.5972817872935,3446.69472796774,1.3034651244787483,288.94695177601216,340.8370364920618,-0.09669024628115747,0.2527272646530456,0,0,3728.884108467978,19090.674586193436,0.575488647713995,2,High
19.239754683318587,1403.8358167551446,-1.0421731031107377,238.1047319227619,488.44227472395556,0.899459675230152,0.8412768156585296,3,0,3870.304873842616,1924.4787482260194,0.4756936290982375,1,Moderate
49.06309511055559,617.5759273173471,-3.814622424156207,116.95495215574394,582.575563427656,0.46552705692323565,0.9510952942377242,0,1,4541.386649258785,19105.69778774298,0.7038408773940037,2,High
14.85732245698051,2366.810108347953,0.0479705568707125,185.87396219802122,80.41537748059162,0.7391015017608213,0.41452634266051225,0,3,746.7596007388399,10857.656777431106,0.23731358371889869,0,Low
42.39976909287074,1066.5801829245618,-3.226407910859381,160.13853273526524,375.4292105587099,-0.12667316039434415,0.9699389643125513,1,0,677.6725451717147,13444.301591847112,0.6529688929514884,2,High
34.794936501625216,2091.646121165562,5.140237354947207,121.99747904952272,424.70319167313994,0.22839629634111608,0.6268809237585425,3,1,610.4752776705897,4244.777993676831,0.5866245385305361,2,High
72.90039972236528,2095.01088667161,0.8778739298528215,305.32906414914413,592.1907429116869,0.5366162345339709,0.4158351224329314,1,2,1796.553045270618,2808.0298010392444,0.6782842318288878,2,High
45.63954545223499,1615.481391069755,7.536955483082238,174.0625468479595,568.4246178523014,-0.08292290943032832,0.8028013439679169,2,2,2447.0633209598986,1587.7499515200277,0.8343179973911218,3,Critical
26.21297790651141,2942.8032928531447,0.8708782929888415,299.7803152069727,441.84792059158764,0.3377931225194007,0.29532852014020117,2,4,2308.046775078084,8446.261842894452,0.5779013881316366,2,High
8.557183866595002,1000.8880092885063,-5.234751733201399,37.87865069105674,336.9841761844562,0.2869456619985557,0.2657962613602184,2,0,1285.2436569989727,4426.98939251837,0.42177064402172754,1,Moderate
11.343512155120091,1625.3508115002962,7.02183764464289,50.76892389612087,138.8381572645937,0.03764424692093771,0.6565476769110743,2,0,3109.8981273174986,1632.4581739933296,0.5175144647787162,2,High
16.89876974634263,1928.1532372093031,1.144380898600879,351.83530984067164,261.29710536242953,0.13029681943698246,0.39048736196809497,0,0,1691.3681535027204,19101.323918573828,0.34159818029504974,1,Moderate
18.82249960052235,2356.3240506088187,-5.863179237128775,211.59664653819226,371.8172787814349,0.8638301899444807,0.13591802694497956,3,0,1830.4149403975994,14667.826864950748,0.32683832045677536,1,Moderate
63.79620433808534,2765.5042917190044,2.4701561991244425,183.51708245965764,448.86021812766455,0.11751333461092961,0.0669642352899088,2,1,527.6503140129635,10357.090164007936,0.6539245159395722,2,High
42.09170912118937,1442.3447617860706,-2.845664701151449,188.3361827318802,399.4697566135117,0.03476874736525215,0.7878425762484773,3,3,2961.1566754553783,14866.949656150195,0.6155262828868531,2,High
39.25431835307748,2296.5596099284267,6.888112245841317,77.49675865182954,442.76754100525767,0.3898300881751668,0.6759107318023446,2,2,3276.401876141456,12229.163445952003,0.6053880269653047,2,High
8.607665390191311,612.077240432965,-0.934005227069143,258.7334218207103,286.03387750354375,0.5380538374773276,0.4117982246066033,3,0,3789.7511023079614,3560.651877605683,0.3602963478464465,1,Moderate
64.51047700120762,3271.003541844427,4.528827162148335,30.521024542711572,450.19500981405497,0.5976024221765215,0.8962276351710566,1,0,4520.0460656358855,12668.728880412364,0.7074362590666015,2,High
54.21107274063628,1402.399941831412,-8.089275847275257,206.39653671708837,129.05769081084557,0.6296719029466078,0.41085675244259956,1,3,3830.022278285081,13620.245377270756,0.4350592861680461,1,Moderate
5.0751271425001185,2580.3728347198908,-2.079513073953077,205.4767667709245,139.42247146971246,-0.1594842593337716,0.7102954714653835,1,1,1178.7183307503424,4749.416783150386,0.4344740881222339,1,Moderate
53.08763229223265,169.15967839940402,9.664828729447976,329.107832688064,139.55768020620457,0.23313644041751963,0.9091152752072929,0,3,1178.2757973218488,6402.892945579746,0.6313887032721289,2,High
40.76536630069845,797.6362858763438,6.169205789542968,189.42581163774972,539.9757263696767,0.6513538877613994,0.8407154587084434,2,2,4575.435977809484,7666.013195187191,0.6616777522456756,2,High
6.1294009310083695,1756.0806507001653,-6.801183952661427,49.34257055070463,91.81873481974897,0.7953373119801423,0.511104776339579,0,4,3950.667847075864,12050.932793604754,0.27090990511127194,1,Moderate
34.372548114649234,3086.0583902899784,-4.444719010454898,206.1911733293385,490.8296050034117,0.4624201356660616,0.6806363924467327,0,3,3911.2321515545245,2536.1596411273513,0.530984106629107,2,High
36.352221534753525,1892.6675098323021,-3.403683822872779,32.87795197151965,178.46399392570544,-0.14246246113934577,0.41366577672736904,2,1,3598.56830055268,14869.562470099307,0.4989908484271093,1,Moderate
12.43309051224568,3261.5596397991885,3.007311209908913,73.36578070797181,307.63646727238785,0.23631038644064434,0.647197172294114,3,2,1336.0099562689065,6920.4854152672815,0.4270422057422918,1,Moderate
70.92736102502117,1744.9094483815077,5.139895189793112,11.199090307469808,553.7761275061229,-0.11835017254469989,0.2575524383453959,2,1,4237.051712035228,13835.452393856478,0.7140397502555336,2,High
63.74815286104965,1767.5269289022299,4.9905321761581956,184.78568968541938,372.26547632812867,0.6233916489530431,0.4347421137695533,2,0,714.4233904006303,18657.747867670692,0.5805199924709703,2,High
50.176675299683126,507.1390809018084,0.19748112612805713,30.431741505686052,165.56472742779724,-0.13014398379016826,0.20954573760183903,2,0,1750.0880464895174,17397.492935169106,0.4709545640594033,1,Moderate
34.67216707504554,2829.0312301175472,6.216410756763025,168.98197627127846,206.2495331753439,0.004304173408694989,0.03818495267954802,3,0,1732.3726996821476,14751.622589638762,0.41400334456540705,1,Moderate
30.882415618838138,939.6824023880125,-1.2584383448504983,335.8602127166919,556.2456431426822,0.25865426636125166,0.5885398505753723,1,0,2800.6607085401733,3866.539673024771,0.6155486091154112,2,High
48.82301003632156,3158.6824638658713,-7.522388694088762,259.1141086869595,284.92915881048805,0.3089132038263593,0.8644293453507976,3,0,2317.2177799778874,14641.487371510171,0.5622633133583917,2,High
40.90739020551791,3196.8023491233466,1.2888368330762656,27.868202721105497,372.84201565373417,0.24712987034651357,0.02557827462319151,0,1,2299.0406654993526,12715.788119320605,0.3948821837884207,1,Moderate
4.6704829411414215,3307.254380372109,9.046027692022133,80.71553239518354,302.9627081439638,0.3097363112666,0.1960297407292959,2,4,2767.862156397958,15450.9364502418,0.4119147594905979,1,Moderate
38.437698657774874,1868.783662950506,5.859873027850227,242.5184711616363,258.14094842664724,0.58456306722222,0.46018505927041997,2,1,2077.092274560644,17376.278416768,0.5108772353398285,2,High
60.48027129246296,2402.1188682643906,1.5740129538448482,322.0926699687061,172.80351981282107,0.2061957052510957,0.6658968168422533,2,1,1249.916156588678,6229.502280777879,0.6115665065739021,2,High
34.44299081977186,2746.953992209656,2.936113206981938,11.850691235023355,427.4053252665311,0.40252550506568113,0.17122919366988643,2,0,3320.6035888366864,12886.081448403631,0.5872086670692552,2,High
3.896743316570131,545.449703411583,8.611240540711453,292.48240741941385,445.03311444966624,0.13370618328160544,0.05669482897062428,2,0,3953.1668941920125,5502.763705093332,0.4860708491280971,1,Moderate
58.97086495380248,2143.2544629914905,-1.4331441113007912,202.25299692179112,201.18680038406973,0.1889902445995309,0.5190487177268892,3,2,2394.979394222947,6925.698784732701,0.5423226138586609,2,High
15.10228366019808,216.6128644312597,-3.3721172211472528,196.59287710670134,483.9559636801567,0.4751788549462889,0.8187097130573088,0,3,3247.4159335725362,10412.890885105815,0.47210456182163224,1,Moderate
19.396562616602907,1791.7246835216679,9.54483130000898,344.81274579120884,519.9943601659238,0.339544116800722,0.03523490931277129,0,0,2676.8164091151802,8683.267834642882,0.5085690197113011,2,High
12.352976507422191,626.4651175087732,7.268862670206669,269.1520605348383,556.3713029317967,0.5953399243452093,0.3493694503590259,0,1,294.9821926855123,12012.612049406636,0.46564896714032833,1,Moderate
24.766129865362316,721.937948271088,-3.5391283076279523,306.0427925002003,138.66682765510348,0.4165924468569247,0.6635147427933352,0,2,2115.4233078206807,15175.229407574097,0.3088487068121869,1,Moderate
56.756362926647625,1341.1617267548452,-0.7243880527815438,127.43840503608001,217.1580259872965,0.6839314939222603,0.130742006102467,1,0,49.262497608686395,12100.400492088418,0.4162408683024803,1,Moderate
38.9539394627953,1570.2863668361101,-1.6984374198440193,199.57105469822756,523.1943411270327,0.28774903429418824,0.23594677689275678,2,0,3309.39639082379,19396.009891915375,0.5346610010621851,2,High
15.366095561303442,2218.786243409437,-7.018086426571322,221.54604387399746,159.19711155534168,0.3401369818534817,0.535492643786266,1,2,2540.807349423007,14762.400182406125,0.39483852920942347,1,Moderate
65.83725586140307,353.05662269095325,9.156386476265183,115.77021853048743,51.907652583922456,0.5369684837910336,0.953231696364218,2,2,634.1576758984846,19700.23652923962,0.6693251407944507,2,High
65.96863912136469,1812.5519882073118,-1.913751375604825,205.28932498106383,528.955020638399,0.04336833885325375,0.28734261824375606,1,0,2710.957660394191,14868.814481081728,0.6294205363922772,2,High
65.29338187845052,720.9254428605439,7.506581652758161,85.19593661269698,229.54719296325314,0.22452249062438695,0.48752742122071036,2,0,4492.130015139946,10158.37744498597,0.6796881555825016,2,High
17.909715853615445,2051.5155951079223,-6.212875446386699,51.61524158456624,277.97363882642253,0.4873253684128786,0.3999308630644183,0,2,1702.453823888091,8220.115261874029,0.46445709915050626,1,Moderate
33.842950813574106,2267.175681688024,0.9574162127443948,134.62929333983973,295.48371414635085,-0.16823610380769,0.89739667203008,2,0,4911.843831164832,14713.207802731706,0.6126250043060063,2,High
73.87422421056563,1992.8114722797031,-9.520772297514604,266.14426634871734,516.5510303669757,0.28066857699733583,0.07188986403111564,2,3,4796.899533710837,13742.4878109247,0.7206928493697591,2,High
57.900935723249276,2610.204735626246,5.28440967684617,329.8273733065995,235.84067952640322,0.45873492993672854,0.5661475913407643,1,0,3926.5492122824426,13375.294073811458,0.5213592247822536,2,High
2.0375565919169865,1241.0714304190644,1.6182779649255679,164.7770585393637,540.7539372210649,0.8641130851760177,0.846119699189944,1,0,4068.9998890947772,14435.67688452389,0.4018534547416091,1,Moderate
4.890344344536904,2701.362411552645,2.5117916693950537,231.41652777915542,389.3165259264264,0.7647182177794383,0.9881175770625917,1,0,2052.7268009992117,17443.442264933645,0.36697172081524576,1,Moderate
34.79485326092496,1571.4080778078585,-8.965582348906931,37.09336715103617,340.00769821852634,0.10881614823692398,0.6987254975218073,2,3,2012.7054764854506,4555.206150815047,0.6564399564351272,2,High
68.191515439617,1746.227294296829,-5.779233395827692,325.60695307883833,229.08797892010435,0.3579311144318173,0.3799354756665245,2,2,4771.9867913349635,11297.894577890353,0.6687045129804096,2,High
40.402634846453566,2303.547232687643,-8.513382552928396,204.69751688517638,184.0414329546522,-0.13794419007389958,0.4118243525339439,2,3,1830.9812477682103,12066.023752546167,0.5958800938269764,2,High
37.33593810257177,162.41850559736145,-4.221713683923765,280.92176914505654,393.2321435275418,0.06482985629958787,0.3516822197427639,1,1,484.3644453652163,5857.136756100923,0.550763601765738,2,High
7.910527496747294,2323.5803528288443,2.548780153643019,285.99883233170175,295.7917880311169,0.6523414548748991,0.6036130998069534,0,3,763.5054409563252,19758.99229528798,0.23515364331036215,0,Low
49.258507854322055,2203.189506845192,1.3237196863475038,92.33298949251814,550.7838054626035,-0.064354586497121,0.739405770718251,0,3,3551.9948259646108,15710.758326924395,0.6868568611180995,2,High
61.65773704501691,1153.4801969611517,2.2429964322678053,190.50280314546583,320.40129386272736,0.08345957731735226,0.8194675635889309,0,0,1914.904675448222,6425.322050107714,0.6493616186934753,2,High
28.531500563067176,391.7005686582642,0.9850254275578862,345.7727105619519,331.4872041856551,0.8384467519093888,0.41659310968317187,0,4,996.7141985609634,7168.687113361658,0.39037529519161185,1,Moderate
58.17088881939956,409.1805297043399,-4.539424086482812,32.268436135498,279.1978046248004,0.7062413805417038,0.7167085022590393,0,3,4068.9306434153186,14365.162976802534,0.5121995225578235,2,High
72.33574904256088,3238.960739749777,-5.109850053111495,245.89796329064282,484.09464834520674,0.6600104839138032,0.9162225920297764,2,4,2443.367453366461,229.86842986685298,0.8158562259966308,3,Critical
15.282484434576682,2443.5496921678464,-7.258806329268374,346.4150680926619,283.6615589600987,0.7510132393323725,0.9208247944507053,1,3,2838.2060238489216,9280.806753489556,0.45109719737784,1,Moderate
39.2497223396056,532.1488868205173,6.981417498069842,108.20775889944798,198.1380998623652,0.6245662552405893,0.7040290027146425,1,2,769.746773250532,6862.219442044526,0.4746694670555641,1,Moderate
21.535346856343164,1312.8587756502816,2.3295871708248903,310.1212517055653,524.1169808614304,-0.06735516226994157,0.6369021928125361,2,3,963.7710070796962,17080.05935944509,0.5556558015890535,2,High
59.46408142753795,2114.4421792654275,-6.269779749918804,336.1167163469778,378.25552175088217,0.36821745913375453,0.5315260755250067,2,1,629.2801848690289,15825.898208978457,0.6710279653795823,2,High
43.31950244108681,2940.943797308206,-6.45581240357521,268.95103538213704,375.330620872951,0.28866831288255423,0.18319766818212857,2,2,2572.7139961721555,6641.938534409739,0.6073436507665214,2,High
47.59368131627278,248.447157624229,7.4607120305227355,83.27819243050497,385.9522139401596,0.14226673609741813,0.12362965260541847,1,0,3878.2850586362715,17295.939549975355,0.5251357990842715,2,High
59.84356197119205,904.5526469980301,4.854617275266387,120.2402587775738,445.3618615131167,0.717444450691566,0.4857110067893803,2,2,3661.4262194073717,18272.000121350567,0.5857173771693465,2,High
29.697785449684115,3125.146567004292,3.1879815981074273,12.891345990383062,222.18739412191178,0.3105531226116571,0.15944415620745933,3,2,1306.1541026110597,11049.176982685218,0.3582891291460326,1,Moderate
68.63175513052825,131.16287062497605,-1.862717849214004,299.3231643283279,68.61440395815157,-0.13367263850669536,0.576999925669336,1,2,4257.750939528187,3184.740053161459,0.6622560626822309,2,High
39.977165043460495,784.7569494992172,-4.760488714429649,305.86002714398876,495.8262384823553,0.1024621420922951,0.6457027303012182,0,3,528.3042407020672,15406.561656965361,0.5583881095092122,2,High
11.8466117126511,3360.6821983080845,9.589015262256474,227.77571158782936,120.89777963490059,0.0514831638323896,0.5256155975200407,3,1,570.2498504155562,6386.884800553914,0.4162530403442179,1,Moderate
52.19243386266018,2185.5662781753817,5.944791500456004,126.91002645498648,447.0008554657993,0.776226773292412,0.036426712512613646,3,1,4246.521413020916,10545.627800796043,0.469842408263619,1,Moderate
59.494601282869084,989.6826465675219,-3.964415537274471,27.651969950371395,95.27341405803082,0.5121819107029,0.05772795880233217,0,0,1222.0978058794847,911.7732905493625,0.5008417499846207,2,High
23.7571257800645,327.7697209458819,6.9512959255698945,271.1007395693674,256.41931311567066,0.41641389247028265,0.11334118468148546,0,0,3540.5792232004746,10001.80845234223,0.35620120214367756,1,Moderate
64.28844427490647,195.85055752055536,5.17863897229363,261.5494296995722,84.66433840734604,0.35731416584657566,0.15364580498833902,2,1,45.39795960837978,7605.2906648077205,0.5839815157934923,2,High
67.96074410743248,932.1332707655527,-4.058389002440032,328.5369078260044,337.2175237952485,0.5151243302956121,0.9898826137693332,1,1,468.0054430957653,13721.305864815982,0.7362640580900905,2,High
20.76783655333567,3097.0517866022956,-1.4689429151672062,262.9915275619304,409.2246750298663,0.6303631014548372,0.34449501686312245,3,0,3046.443543611416,815.6735991221708,0.4786734249879594,1,Moderate
73.76411045364165,1514.1064246115322,-6.2809310921794665,298.3301792078407,144.28822764800356,0.4098231764146609,0.29197337364128617,1,0,912.0797743895226,12498.90944271893,0.5283349862131355,2,High
10.553364603656881,2549.1334551643763,-7.778951112437813,268.54366244543985,254.39519014112113,0.8321139566678717,0.052266635664229066,3,0,141.0684315638111,15439.121471481325,0.20391072578291342,0,Low
15.151175130186747,3222.1691202918564,4.455240656793935,227.0473877924339,561.6317200736795,0.8745175877154232,0.6353203906855965,0,2,2334.7337834166156,255.5629326772757,0.537017807218082,2,High
13.816862942851959,1487.3375694495764,-4.6497628529226676,153.70790190876332,293.3140144091012,0.8948765482697054,0.6521907851312807,1,1,1652.6024963925934,14999.266893440203,0.41613978043110433,1,Moderate
67.04922825059028,750.34306152715,6.401187314925071,324.76223111122,491.39896293710615,0.5363302210975092,0.17544868957866466,3,0,4011.2846404157203,2604.0805455030713,0.6220989667551355,2,High
49.07194142437214,1858.2009649135261,9.912174230288521,234.34868588668914,559.9516097831149,0.8258825134314665,0.9192415409246131,1,2,4094.144955516521,13961.122309459224,0.5691900001227315,2,High
11.407821241670465,3187.484536003505,-8.467603721407027,143.40791590772727,585.8902037375076,0.24492766483875017,0.8004935465951273,0,0,3072.1156060459934,9105.527527514152,0.5756162532445933,2,High
33.02425637762617,2834.873008068182,-0.539297498325995,30.0489462655046,544.0771108302531,0.7455516303721239,0.23031931680750806,3,2,1465.1687317322626,11039.826126235339,0.37842387518140286,1,Moderate
46.14735188023515,323.8214674347229,6.041251186216062,104.65374812557756,224.57293103743302,0.8000917286136491,0.4858497309165374,0,0,2308.1332563122523,6746.945008616256,0.4439230608439137,1,Moderate
6.259806374203746,2454.7475202637784,5.77901793082467,195.74162453885933,579.4150873886562,0.7945545195655033,0.4583908561988499,0,4,3511.280135523047,4909.328126548356,0.4437779573449186,1,Moderate
66.18122763055041,2044.4515763604427,5.19994316661937,99.22873320583004,496.8173829603258,0.7139309111992198,0.34852044434232077,1,0,346.54276577650853,1420.9471611469837,0.6904676429519716,2,High
60.27026515811514,3185.3747995778467,-3.0201012939617815,79.64472525044476,510.44657100171827,0.24725907780537548,0.8176347128256132,2,2,1662.4854416406254,17293.79974962413,0.8060343166420989,3,Critical
37.890508018247864,516.4368172910106,-0.9229348862989539,189.861665071625,58.34514129450912,-0.02520176982119221,0.10926448562115099,2,1,4111.848504545859,12208.58431271364,0.4096642339826898,1,Moderate
72.53449614443778,1915.7227848958325,1.8993671468294053,61.13532452246445,574.8313748250615,0.1673519919788905,0.4153142398277927,3,0,2030.1427112350889,19655.983186418347,0.6346572719391929,2,High
31.332073445632478,3090.173157940434,9.478811671465145,288.14762279703723,477.9496231168074,0.6440174262279024,0.42803113054921704,1,0,3123.3400565773295,17009.03800809833,0.5674383012873224,2,High
73.80827392773733,1494.0808749219261,-3.4490545812301416,174.37253448335687,472.382123079345,0.056174062462972796,0.46872560461417967,1,0,481.6718456763519,17392.665344382967,0.7291861683086915,2,High
50.09399991027203,1738.782720291748,8.462877754337153,206.59059862655405,94.83860201072244,0.3260992713085697,0.8613499910986286,1,3,3885.229875920261,11956.993613653462,0.5699097055598608,2,High
47.60034549404561,339.56630406765817,-4.612861636390118,53.057976335045474,177.9126975903322,0.4219394697831393,0.21816687020150127,2,0,502.32744968620955,1618.8540893208935,0.5427440216076388,2,High
12.446617147183876,1045.6883775262968,9.781489309474093,116.84748082657225,579.2439158258445,0.46424441868166283,0.10292317351227276,2,2,4307.626272513786,18267.925241317527,0.48107463731527444,1,Moderate
66.14458187284829,1203.322607174421,3.405273736551834,147.63228597401505,325.37239114301195,0.8292981032166786,0.617808462821108,3,2,533.0052244484407,2357.724682984734,0.6294488515965512,2,High
32.061726594046135,3313.4163257326154,-0.729770392828982,290.9566189859411,268.8219100304908,0.5276423224557494,0.17383447497804716,3,0,4454.463815848383,10342.920187171381,0.42832067078847796,1,Moderate
12.167505433685951,1061.0690258399409,2.2678085612720977,277.2574283110149,511.96744943080256,0.6649286976850326,0.07493208585461975,1,0,1818.8493711357423,17137.114762232883,0.3232157435252673,1,Moderate
0.945563998181928,1666.9536999168167,-4.549376619195864,80.2718909235653,98.03722776266937,0.4400661826807967,0.4266492205710535,1,3,3122.6536588715435,9448.160286466418,0.30661420194169586,1,Moderate
41.981676272878694,2382.435040118551,-4.516522849770668,221.8244693785228,279.3181089490826,0.7169383507481597,0.21964643085814095,2,0,4232.752758192289,3313.4070831516606,0.45563086785017265,1,Moderate
39.554971659200724,651.4234661867831,-7.728909123130123,87.64428879791913,256.63542593214595,0.0900299743767391,0.3612166188679836,0,0,51.20710495283287,7463.936974138208,0.48174962432339336,1,Moderate
53.95152167768689,1753.9041162823733,-7.718994045892025,355.7689760484883,242.41826286671602,0.03086543883566817,0.25971108010245747,0,2,1328.4658070315231,19767.747204197643,0.5475494317160162,2,High
66.76935397633515,2611.032734218086,-3.046565170621774,342.7645961271134,219.23073400919023,0.8189520536337669,0.09263646272341575,3,0,4541.691606462628,19995.183729824857,0.423727935515001,1,Moderate
5.955493848227214,3047.3077242920244,5.257109557927432,202.7752993874234,165.54122623454293,0.5628289639931163,0.5603472029242016,1,1,1940.88030292406,14216.699800954852,0.28470333706055884,1,Moderate
54.86223677552718,2229.281533852251,2.15942335196325,251.60492588189146,145.1009416447872,0.5386781347640432,0.02701841803948568,2,0,3531.8796289881225,17759.84618708911,0.4434672634717546,1,Moderate
14.055895807318667,2374.781952077623,-7.948308793379583,288.5149375951122,402.2233643058207,0.3140247624912949,0.9663753479943995,2,4,700.0602807675122,884.1345632916142,0.6695003839009999,2,High
64.3632789867873,529.3638067875345,7.04473049951822,259.5594312161654,555.6671626647731,0.21436698522286157,0.34133052173496625,2,1,3391.8580070563144,5519.431499649825,0.7216011442846899,2,High
61.429763539624204,3315.64009063758,2.0273525398013277,251.93832878967152,329.8684048874348,0.4112603139265027,0.6951575104898038,0,4,365.80497763021634,7379.1909874766425,0.6790758960324945,2,High
40.55953162391583,550.75186344724,9.217111535695594,345.0794428618301,213.88600379065434,-0.06737701563616619,0.8103628725474499,2,0,3586.6256988233354,239.95294936363766,0.7276437725457797,2,High
53.26820989674837,2733.8879864181145,3.403709348224151,214.724198270622,137.5381087472245,0.30018381719141857,0.27910479553955514,1,0,1619.0247719338936,7539.231111938973,0.5253271160584713,2,High
23.57625848878113,1000.375494046284,-6.49650272591638,229.06896185486002,506.57885077892684,0.30090447491202904,0.7487387091100682,3,3,2329.2382797663317,1860.6317011880046,0.5907910104149797,2,High
35.3375924199611,3274.2166885842553,-0.5243327538435558,305.73675015774523,584.3206310602676,0.3921701642386917,0.8324208554247096,1,0,831.3009048352787,10348.186040312137,0.6896311654332088,2,High
61.62276732828538,2547.8624338562304,2.9699519509440826,241.16071242902643,242.03547080731852,0.49815417580392257,0.24131723381161352,3,1,3139.2450886710526,88.38617797860104,0.575494907410415,2,High
34.444889787991045,2662.9666241264545,-9.434705979000446,263.8557439263081,210.0227340536709,0.8530502025838984,0.9924946768960727,1,0,1687.8381439048678,5408.997771343032,0.5431994340008084,2,High
26.834869899408133,844.8011884036033,-9.701794716903843,84.30072703079128,380.82112413621775,0.5173860398009327,0.020688682842089356,3,4,1916.8750302467824,17325.66805268423,0.43291465939753193,1,Moderate
37.065933543772495,1606.3359205595468,-7.411939988028642,133.65609268142552,476.43093952438414,0.7720976671487527,0.21700048023554108,3,0,3260.9646247706814,4261.161078405291,0.47747018764284377,1,Moderate
62.11869393279138,2200.5648616035737,-4.966711299090585,53.02848445628149,300.4715419523154,0.41193424761608016,0.7800207562769929,2,2,894.3083061127533,1296.8685929789635,0.7184263625021104,2,High
25.140603552815456,2717.9103019024433,-1.4090175295864888,182.07555924052997,396.54023242352207,0.4896206708902388,0.19413102505575286,1,1,4260.044467861218,4994.615688989099,0.49535641312448064,1,Moderate
13.032119485180784,453.46187810212456,-0.2511905248042332,164.06186424488868,444.10198741281056,-0.12317935157947343,0.6982598633062065,1,0,3696.4320278811037,16551.174120069736,0.5068031393171512,2,High
53.40105152480856,3372.0420759453964,-7.239447821242065,358.97861314060447,578.3257583208986,-0.05340990482714286,0.8555304049829037,2,0,2888.650015690813,11743.747269890626,0.8533234223141595,3,Critical
61.94836595310613,3126.7502798854903,3.4678315823166166,220.0351150135953,140.77053178604586,0.4376374787172936,0.9592142726342602,2,3,641.6653354122437,11721.487386750816,0.6983378177522772,2,High
7.5478108892649995,1019.1852076849868,1.9227612339306965,283.1201363499924,598.5603716039532,0.2352841569538322,0.47424751540026955,1,2,3435.5484720012296,11.480233350043001,0.5445909175938349,2,High
17.990558456695855,2897.3848263099285,-4.110718023176796,120.24528147275552,265.68616038267584,0.6786915718520521,0.9711091229821174,2,2,90.49686044763028,9443.024277512222,0.4757095237798077,1,Moderate
10.647899232074543,1862.3013383353998,-9.72680233129416,299.3563192834067,447.76007849960456,0.39749566236159367,0.4116222966816786,2,1,4021.979007669719,5312.360794024719,0.6095111421427857,2,High
26.095605868662496,1670.1420373108633,-8.447041692934185,221.43058793556602,364.8279078851485,0.7705201428464716,0.21812803967438577,0,0,1518.9884840304596,6724.180244327899,0.44634651284239935,1,Moderate
33.77632341790595,1169.0759597587785,-2.166104489783212,250.91723937543784,317.6677393548621,0.8695648463085206,0.5139218530847253,0,2,586.0577526517313,11973.732753362427,0.4300189878177766,1,Moderate
56.161975272247986,2075.2931945474143,-6.920512976686322,105.99508006180358,433.94145280237257,-0.0376012963663665,0.6498232443114926,0,1,822.4447702809839,17486.795502507095,0.6669240216566176,2,High
48.83606886612556,2581.623000192232,-2.463607877040584,197.50982101040776,267.6646176229773,0.23431052682118925,0.4579633160499438,1,2,4815.671992542003,3633.138116757553,0.6112525581740407,2,High
46.569642560882336,1497.171876873378,2.5636520902071034,228.2533104288991,119.36048973524352,0.531479127761834,0.5669724439667916,1,0,3869.1520892541535,15364.440473370942,0.5312952813412275,2,High
26.42812099572408,2239.345256228193,0.9447485575856707,212.07408329396918,318.89136071668185,0.13603763094038468,0.4164091877271886,2,4,1189.359866682001,978.0435487687478,0.5199883316375851,2,High
63.108566481356995,2477.6639319280325,-5.376482337252115,329.4697361128439,337.0537288752752,0.0937355714936447,0.5247619540212498,1,0,4817.331217314722,6534.583318252189,0.7268836629407948,2,High
35.346537554862344,2517.814177851972,-3.1235501748249517,323.37815921731925,161.04618436996657,0.6951124166917204,0.9525956719465616,0,0,700.5883533127177,4378.253793597029,0.4794857420048198,1,Moderate
73.43287035113659,276.6847336460129,2.2806239689730123,349.5542608356734,564.5906459807615,0.8784163159646174,0.49983115253633204,1,3,3667.6360595072065,18311.679673459104,0.573291222587881,2,High
47.560660372180266,3023.1425393292275,7.217100560868975,240.27408216251618,175.1116056554602,0.6511836643722295,0.25317963280926026,3,1,3283.6981342617346,3559.958127316989,0.41058650595114077,1,Moderate
9.469855617337705,1658.061270201163,5.0642687747775454,349.8890868452465,275.07517674625376,0.376044285084525,0.7587466215125707,1,0,4107.383861927883,11572.638362620231,0.45276028496462717,1,Moderate
50.71331715565755,992.2146777671292,1.0680005366682987,299.6920800114872,135.2113277645978,0.2867623551398462,0.33758445778154933,3,2,1908.4936033660294,3295.6633151047977,0.5073085200324825,2,High
24.382801157377422,921.9993254309175,-2.754140033670276,97.49957052238534,344.6881554028193,0.3936124925834014,0.8162071708213907,0,1,2009.177291553882,9469.6743055336,0.5087493612308571,2,High
51.47453975145731,1742.2479836694315,-2.6989744491638916,153.87684103846695,219.20068445504933,0.30912367240650945,0.05684198898388515,0,0,3122.8350922139493,8267.998027301617,0.4799967300477148,1,Moderate
5.223086112180431,3115.2272341944613,7.58834620528792,85.82127918804352,319.09988598684623,0.3531768624642349,0.33217797710869135,2,2,1991.0287848261082,827.1438446769563,0.5731639765005518,2,High
13.116107788196954,1386.3817777209995,-9.215128479189072,1.510977899003474,173.53930405201106,0.02379835558215046,0.09435990826063945,1,0,206.75446351105907,16517.35187401208,0.389130652353731,1,Moderate
64.18029441793398,2649.067539064047,9.75965288840522,67.6975511328871,79.57632037179366,0.7941161442402604,0.08531782424583145,2,0,3648.5401590587026,15602.254302332874,0.4995051201271496,1,Moderate
17.038466776763617,429.18368535654326,3.2875082170312453,1.4618110632752401,478.5746580952404,0.6299885016755951,0.6583895591724372,3,0,3204.730315275636,5557.167441356103,0.4652225343672682,1,Moderate
62.7780843932205,1718.59278731361,3.6227539814478114,259.14184608617643,402.5974561778121,0.549075164962542,0.3853348013536074,1,1,2118.564063779905,12279.902737919061,0.6696066349643912,2,High
20.945706634080782,3471.732877335301,-9.240043253905156,153.19234717963184,237.40664564105708,0.8449174680719207,0.8714789419851126,2,0,1514.1478044005974,7253.391617615568,0.47691438446411877,1,Moderate
48.21614325440307,2719.488529493946,2.1105854978254435,112.52690174802898,76.12182357527723,0.11283376510412185,0.5164051378735292,2,3,1603.6291916368416,15384.542865599096,0.5669730745986608,2,High
52.061293013237325,815.7968606980842,-0.304438798191061,274.2195207942677,526.0662844834164,-0.11072464801702435,0.29534322117228273,3,1,3705.1431185589827,13849.689125657149,0.5935828564168409,2,High
38.44910648587897,1804.9010105728964,-7.884421862118661,299.69523886307223,143.38725271462363,0.708752526390865,0.7208888879621947,1,0,3645.804394897714,1809.3396223992374,0.49232976728648903,1,Moderate
22.898300752254848,894.3241964051263,-4.441559784612819,351.10783391395677,561.9082200547854,0.8982586600141806,0.6240167915856997,0,2,4094.59210170625,16883.76330739726,0.40110593876077655,1,Moderate
15.94832822783221,1492.5071526925315,7.806289124273025,231.12489048308683,313.22745822777716,0.4362756818222194,0.7995946208292034,2,3,3810.9021411805447,3588.5221019008395,0.6236283233013026,2,High
2.4892015921819666,2752.2856806988802,0.9997683173190595,166.15042507441862,237.21269044966607,-0.13530967329604995,0.643588276341885,3,1,3789.7210105303257,3482.194049307874,0.36061289487077985,1,Moderate
22.795980093054286,2722.1643719873723,-1.7316684965218254,109.89514857867692,457.96771229003014,0.6585148441704354,0.16701341709892026,0,0,1258.866170277158,14674.937496391032,0.3680258979222918,1,Moderate
48.98720928984623,875.5412848681094,-8.546356883183782,80.03455531712146,532.2616733413522,-0.1188760462695743,0.670310037667066,1,0,508.0627729938192,3665.0212278152394,0.7323567791909298,2,High
70.3728613836362,3235.5592817265247,4.282430548046111,76.65334217373643,253.8924600051409,0.3940153848852093,0.3915491976158103,1,3,3808.761330180086,2447.939070828571,0.7197791600377275,2,High
65.3403361697289,2114.7318214004113,4.057016467920651,147.30817489912755,274.039063693603,0.10528572163157979,0.4631430302575681,2,0,493.0900982787645,6711.65654456962,0.6945428364815405,2,High
57.45485824014769,1391.7425892708493,2.2808721394512705,357.04308790365474,288.2370206409586,0.8065294586516352,0.9215645757373447,1,0,4910.557026474899,16774.249616063535,0.5191621190505384,2,High
59.133550743997404,1806.5809746549262,0.20525292441298504,0.3073310774651761,557.2776838132679,0.29646433458543353,0.35996404629774703,1,1,4375.446337250035,3536.175164650426,0.6487543925873801,2,High
49.873867760699646,2157.2422616883287,-1.3243119558525471,70.99412300316028,430.91019533288295,0.7883096833264087,0.6119591429908388,2,0,2667.308009605936,6781.4598623564025,0.6686799010440361,2,High
19.521514317450226,2003.6278082756703,1.865421859759845,67.82147366528658,186.20536437511055,0.12898919378002432,0.36348173341223955,0,4,1760.917825510807,5725.079011545129,0.33759018936630947,1,Moderate
68.03962730293723,1753.7771208230058,-5.332090965431866,258.16301479162524,151.74983362608867,0.22609884220348642,0.09472748535779174,0,3,2634.215179737145,7121.217294397719,0.5176162420821802,2,High
50.30492339293755,1816.7715339039603,8.825181283552954,126.89450193530226,176.70221488364882,0.8418311070717888,0.45352534204830053,1,1,3671.5091655168535,14285.435887153915,0.5420546398270107,2,High
42.033047323533,699.800495454813,1.7758905836045908,164.61388965305542,194.96013905203458,0.021445896024798905,0.5970615044596519,1,3,3781.6498928030724,8109.3116196877645,0.5500497072972799,2,High
8.32421019101108,2863.29187463591,-3.776151112912469,53.50468696916579,176.60092023370083,0.43635126681625963,0.4075032920375987,1,1,368.32999324958814,15191.533626816856,0.26791470662292616,1,Moderate
33.52916578548191,1941.9850877994522,-1.006402982296855,145.7989339957012,412.17854595581787,0.2273613614161225,0.39066618467818437,0,2,4024.270474474086,12808.062764967348,0.4795303965050833,1,Moderate
34.52687034014447,545.6715297959905,6.1136957775378455,37.15193228610098,113.76343086162849,0.6515835735756002,0.820378513894397,1,1,3207.4854085257775,7221.983642178347,0.48144966488621227,1,Moderate
64.84227071420025,2704.934145381445,-6.767678785394051,191.89558363988994,263.0471693393784,-0.05777399171150688,0.029685172289470207,2,0,202.89806952601407,8644.815632144611,0.6532628185346446,2,High
40.998616514084134,3270.3095264829926,-4.143287550794792,35.25781153782814,393.77946513370154,0.2809364659051354,0.29558539674011997,1,3,1565.8060290689514,14072.454241170062,0.5632534712266561,2,High
28.530041172780724,3320.843457405671,3.590160454731109,284.58301722233625,209.97298566861195,0.5688258895297895,0.8117572653772116,2,3,2553.2068434715793,10695.108263564603,0.5199039759560282,2,High
73.26002463829946,1354.6602901979873,-3.690215870355522,203.97661831457623,85.90091158591191,0.2477178585067758,0.9205301486111638,0,4,942.2574610273748,17366.803228547735,0.6000080896588467,2,High
8.304044499473676,560.7573701065637,5.85003363722932,260.6284345584661,95.00315756528255,-0.13561508679708564,0.41229958584082826,0,2,776.2026443727738,18663.668369535346,0.31609137950913946,1,Moderate
31.691132123395846,1862.5587305524216,-7.3909302564527835,150.6658991949662,119.28172696757748,0.5756234874688784,0.8887942431960764,3,1,71.40582298664377,14354.146520766853,0.49424198597338187,1,Moderate
3.1518506378553965,482.87137978735035,5.253723409092171,137.33686556720184,509.7136636774854,0.35351816045348144,0.1989301221250327,1,0,4557.753167256293,19784.142396445583,0.35097111496101613,1,Moderate
55.49280905751978,3275.5572229428985,-8.632965702988676,35.3552000575909,411.8249280827334,-0.18756044465188942,0.22142706786017263,1,0,280.5397751509364,11930.7357483867,0.5818061705071567,2,High
68.8557414149363,724.1707330074963,-9.748147746650105,188.58801853541615,85.48732610370463,0.4739214847512104,0.8461913765848035,3,0,1830.057107320145,796.6158062141493,0.649640526124162,2,High
21.002799716286706,959.4039238339578,7.964470376643241,185.22077934855312,265.0878835332809,0.8118691247816652,0.9032577413406182,2,0,1028.8581863574498,10097.041122543269,0.5401822521212507,2,High
64.37562575993407,1482.5641914088994,1.6267843386459724,168.51673600185794,203.2218450658861,-0.07787145696714212,0.2228057679626675,2,1,3705.1655110368065,4600.185587717178,0.6167102786842348,2,High
21.916367284642334,1402.7591931010277,-2.9634620582637705,266.5866112856817,367.9220613958401,0.44973835851008587,0.05932418996861111,2,2,3535.923287407672,6674.263607686173,0.4235648346751934,1,Moderate
68.30776212329364,2801.853834152823,-5.348107260722992,299.70158401164764,337.54327231977237,0.6015357699388935,0.09032413705528775,0,0,4031.1120598099055,9801.40104296406,0.5330505638872359,2,High
56.54714276975879,1651.477189873272,2.3377156652163222,270.2842829814629,314.6182128533432,-0.12214896284566401,0.26138083537636325,3,1,3084.041506224924,5901.016088216628,0.5795492724638065,2,High
60.368008263107896,680.6120840113455,0.18004367073476502,51.79166741046378,222.98180370493722,-0.17512299601939507,0.7614490771467949,3,0,2958.265801666675,6192.4327753034,0.5753640609052862,2,High
1.3504916700340874,1008.5136446526519,9.831955510599705,223.9414233415589,125.78987462419491,0.310615453309442,0.5099918277962828,1,2,2035.5535773594224,8040.326728203644,0.39973897777374,1,Moderate
72.21077678055195,1830.985509637575,9.664319733074915,28.916318048232018,458.3070105799509,0.6703053559578003,0.45558884224276963,2,4,3181.793500544341,5729.146955126216,0.6636890194398708,2,High
54.50032440527424,601.3433192488586,2.7004913228321925,250.06402347857153,533.9212228634599,-0.023208648890738842,0.5841399311660009,1,2,576.0279248337652,3390.01990362495,0.747256034839057,2,High
22.85633215396,2179.629297196448,-1.1425898778821892,137.4620747620056,569.2830000780496,0.7203009994364153,0.8902231134621862,2,0,3422.5642460109234,15311.205251426243,0.5807731959566387,2,High
62.204599864413524,2023.540842273896,-0.1771806173067585,47.69962425586318,82.24043383746925,0.5222349809659559,0.09043037956565758,0,1,519.4887893154398,7904.235247476885,0.43120659097809005,1,Moderate
21.114089881119746,2529.987875699676,3.6495813247372393,310.338308511406,456.9497913738856,0.16539061656733423,0.6947241276365813,1,2,4308.699512663332,16635.146009799206,0.44827908410997913,1,Moderate
65.4565379674596,3288.1956922898503,-7.968509115292372,221.04300205401745,449.57690267382935,0.36740837834169443,0.9267908456554051,0,1,2528.4140291352765,17654.33979029257,0.7276339821616293,2,High
8.443529280895277,3201.665507743929,-3.4329585237856364,127.7009884611099,570.9102877800741,0.8621324776994124,0.2133500417584,1,4,2651.784522678203,15019.2697230364,0.3530629929505877,1,Moderate
52.77644830955968,3316.6571014340266,-8.494555179927923,11.061784674179833,189.103026973771,0.038080667695572695,0.8377723159618344,1,0,2924.2880110261794,7933.463240836689,0.7302748513958712,2,High
40.55238574836827,932.0330298805832,-8.532784809661608,193.4316932412998,458.198471062336,0.3494889375184443,0.6980247107595022,1,0,3880.2624948942853,14426.44226042949,0.6469357412007922,2,High
7.240085264658061,547.3220425738057,-6.083215162115325,332.36131625504373,80.04445882156651,0.4869352117183828,0.014468536073144689,2,0,2392.353104360837,3104.4100875714585,0.2698497252451031,1,Moderate
18.142037119412922,1127.740781687925,-0.2949349081354633,214.69673977285166,397.1851464188905,-0.048183933976767124,0.2316116803621282,3,2,2137.94036823661,13222.31518311105,0.3329844548576733,1,Moderate
0.9303027207986092,3143.28958740547,5.695486423255787,349.79421766301755,242.96630322869885,-0.15212570251435942,0.6058447608958808,0,1,1441.667283864511,8120.641279077221,0.38335006535539745,1,Moderate
35.15759740983794,3404.98181371986,-0.29008217668254943,49.12240257736507,472.9001917511113,-0.1851940517753816,0.5024003394912117,3,0,640.1967535879566,13112.888299834496,0.5810312443425886,2,High
22.59489455700003,3021.7048336396183,-3.290467788782605,204.58983765414126,524.8173575394665,0.1571621422600179,0.5279362525268659,1,0,951.7127053801655,15095.811842834466,0.5783795482693844,2,High
44.87681132233191,474.06025183364824,-8.352940193264837,287.3250172823146,250.65157321963392,-0.1186579760666481,0.23193042460682267,2,1,2.639218429161816,11253.729760666034,0.6144045078529919,2,High
22.29283557814629,3321.2551934032967,1.005910463662591,189.19466320525783,339.0723509846153,0.6841469477952262,0.6750034707086267,1,4,4347.1082389283365,12849.57186109788,0.43130631088320226,1,Moderate
22.493933363023853,1539.4172929926724,-4.574628270336465,32.78388815549013,114.57223429997995,0.8970514798779208,0.2664183709367769,3,0,3824.7919744944093,4270.558628105161,0.28679233138471183,1,Moderate
55.739489904870254,131.6549885920025,2.2986835583429492,209.83896055699836,279.29883087291216,-0.13256579609208957,0.3894349664784539,2,0,1093.412144094782,11853.991094186638,0.6337756826043646,2,High
3.6107126983765085,1604.1387185438582,9.543754782648367,220.2256461032898,248.44021629254308,0.2759989035267836,0.3689159158800762,1,1,11.950452977526616,9209.485775904983,0.4477395480705369,1,Moderate
67.71712463939905,256.6351768965898,-7.773713570448997,262.33532945112694,150.71790288148475,-0.17169466471916778,0.6720250221198986,1,0,2460.5815243101956,8561.057191144148,0.6874421308364415,2,High
63.91979057933861,1949.1849319477997,-5.757492025561202,274.0361454595706,541.9632436217267,-0.05261002016701044,0.09025276168321739,3,1,2062.8659965753527,8206.31508742589,0.6988223635305064,2,High
50.08535124198049,1251.0836932859745,-0.5381092380125061,277.47816775581856,131.44831092208813,0.1552148170017415,0.20554190104018522,2,1,3880.0331067102934,6218.480559717372,0.49087076964804427,1,Moderate
44.49161775805382,1709.6787742197657,9.37227630691859,238.83998171002776,399.65664664160295,0.23306803436341483,0.20049707068506784,1,2,2014.4775334875892,6106.69324772857,0.6420888678819081,2,High
66.92268736047392,2184.779226526598,5.436195525399912,77.69202711071694,539.5784539139382,0.8337612410715043,0.1084246741157101,0,3,4320.564037618792,13994.128559010742,0.5980968441864939,2,High
13.899763464653583,3053.923725780589,7.964583863256603,145.52487210221256,551.5827189247741,0.2354204896325855,0.20759497883645905,2,0,479.1911453262643,11155.99511671289,0.580612624251291,2,High
5.922687164312146,2350.465360004557,-3.325703030484142,279.40679014118354,486.2818349123126,0.3459054249631424,0.6070602679233543,3,3,1829.29043126274,599.0421472732854,0.5420469239175709,2,High
17.96326274321536,1575.7661528258143,9.84076947557189,343.23371402429274,146.87762363079713,0.07014170510125306,0.7321681708741882,1,3,4669.704493343654,970.5046015773955,0.42567325807983686,1,Moderate
59.59337090251427,2886.0547024792413,-7.943343678716852,28.42090734118392,499.58727506762835,-0.19986234736776698,0.6603034469691227,3,0,58.648111634393985,11402.380020964532,0.7777235662481625,3,Critical
2.6002700044862492,3178.9792677486494,-8.940541879077983,192.79320400699015,202.11064682859353,0.7892679024064488,0.47518813798088233,0,0,1953.9471200346231,16925.669576103202,0.3011722957323674,1,Moderate
43.71051263126172,507.18388586947054,7.112052541080562,112.50801767675031,557.31891508788,-0.11011376726006471,0.05243457109606364,3,3,1298.5163003326545,879.5562241791299,0.6512094710686855,2,High
74.65781371434825,1908.572123679491,8.545297404139724,81.14180195405872,439.99767478311725,0.8606737251398522,0.9590070106867751,2,2,2659.303612215391,10144.13868220227,0.8155623515827666,3,Critical
64.17720703781545,1067.3406631243101,-8.188292849077964,182.0918460670974,481.8971585548876,-0.05607148548971372,0.16807646083749195,1,0,1393.83400139314,17022.707510114047,0.6936819882301953,2,High
39.10842667826921,260.0080727816212,-7.73145146508317,218.1921626003532,96.76784942606548,0.4653663288254843,0.6684213704056708,1,1,4349.540227307362,88.95956197658484,0.5474111429748466,2,High
4.773068196498176,2373.0587633875502,-9.336516844884525,3.518003311013249,370.5208123939494,0.8993516466423008,0.912890615482111,2,1,4685.691264266371,5515.878152036123,0.5512239928523163,2,High
62.353013578928234,3033.420643361367,-7.909848747145518,280.87436599242875,501.6281697942738,-0.04768894432335655,0.6977770959809886,2,0,4245.671485369703,18398.404366920815,0.8279931132189073,3,Critical
44.92338811329079,653.8690252231397,-5.811603663994383,295.15756725340117,523.8746940248745,0.2663373934338067,0.21804964018895023,3,2,1992.8392261397464,1629.3924678314254,0.6001837694071255,2,High
8.619974779467512,2862.206435921262,9.40153237820002,347.58389684445586,65.74743760350283,0.6584660358686243,0.31579629876402304,2,2,4949.668827680994,12139.929549989729,0.333141998954438,1,Moderate
7.039296361751715,3001.545494025602,3.3572044447936094,65.03174396089018,566.5375779053156,-0.16459083516503492,0.030205867011095178,1,3,3675.1815831209583,10147.633331986539,0.4601400690365706,1,Moderate
68.22201145774443,3208.757505066044,5.571060510370842,214.03892244994128,73.83630331636385,0.558761026254049,0.6127582408421135,3,1,1778.0446831430952,3033.587262977564,0.5509736693790896,2,High
50.190019720355885,1001.9693028925782,5.5227880738304425,153.58513445150203,387.9852738211674,-0.11158932832012057,0.6129929808815666,2,1,468.46410599397535,849.7401997229015,0.815613983366518,3,Critical
62.19650994875666,3173.4404216456237,0.7014749955842916,120.53802655992624,431.36314018842165,0.06017215650054902,0.7255005813763793,2,1,3335.232081908644,10051.74203489001,0.6849817742621803,2,High
65.92341752117005,1190.2533661038697,5.949779554260344,203.62804251750168,109.0399101423504,-0.023916221257303527,0.010996289275621351,2,0,3642.8372211591754,14702.60377978119,0.6002120906564683,2,High
42.88292640362417,1977.9492457487095,1.9161506477993928,281.6579135604781,76.40652608505597,0.7980700748116298,0.8178412888244666,3,2,612.295664442305,3544.85554649155,0.4725455598166899,1,Moderate
38.8084763816281,271.7254008297592,-3.709078047932848,8.29900204027564,481.701684947901,-0.0014976115401510726,0.7387109574003081,0,2,2748.681758981289,13826.396576407793,0.5868221113282551,2,High
32.282055774074266,249.19570045372825,1.2222021753680146,348.9840405238272,261.56884363858865,-0.1555224949333271,0.14088660952408882,2,3,4935.439920269102,10927.666235041948,0.5063758927612375,2,High
23.770994084333946,2549.26892328949,0.6701717226902701,291.5573708540559,108.91188342331802,0.4463882462925384,0.3476266092689786,1,2,1631.2105124956843,7156.9285118146645,0.39972360672292134,1,Moderate
32.594697064403384,1611.2319251244896,6.4690610751864135,270.4153333124082,469.4672990132031,0.18079901795067227,0.6385248929042168,1,1,1509.4751121643192,13288.609924503055,0.586608044625856,2,High
58.040974179761726,971.3940762553397,9.634544347633181,273.73945758498127,517.0396885789913,0.2462768427055031,0.49579687494032787,1,0,4516.510830464822,3839.5355516764807,0.8003676808739577,3,Critical
45.14425732613487,747.4058864846946,-1.7791486915813888,140.06185546271493,373.06240491734405,-0.06903098065119834,0.11509426390126243,2,3,587.0802233252781,9138.626419029228,0.6260758091763383,2,High
66.93924674661346,2377.8418689213413,5.267813568827194,270.5833983041329,138.6802446390551,0.623057940576514,0.08734537513658991,1,0,4667.637516876169,10986.099631297999,0.4700765031303203,1,Moderate
33.25350107843908,101.36524968615556,-8.004739919237329,139.23727509706475,58.372359320319944,0.4617090146078698,0.7814562991080916,1,4,3897.4353013674468,9173.910805311136,0.4411257993032596,1,Moderate
45.53171840390655,2840.0299752693045,5.536627388965771,323.5344586469255,435.44136471606913,0.20063874922310798,0.15596711801780982,1,1,1954.202044664599,7950.027537143372,0.5836903994144629,2,High
47.34806648189915,369.448660841758,-2.571661760135358,63.80005799032908,352.57682115392424,-0.011267561860550418,0.17209267393044358,1,0,417.7381017607584,14818.272791364732,0.4829559373063257,1,Moderate
44.37728717297441,751.0646906876061,-9.212196742206267,105.24507271745453,407.93842794604376,0.45279691308761644,0.8309231253567576,2,3,95.87270626892241,13122.019330446998,0.5744298374962868,2,High
52.69753298141372,1413.2037440169047,-2.7350764287564555,198.4815153716674,497.2515686097777,0.6564570074581151,0.6121396345632171,0,2,1879.1559821889043,12789.24170722834,0.5602576730125413,2,High
17.807510128110472,1748.5197150347522,2.2128550184328954,114.91597291941811,288.82527734613467,0.1436370122539144,0.6047156081539724,0,2,3526.7679223842224,17836.01289827124,0.4860956591232366,1,Moderate
38.4272833159343,1306.9833937674023,-7.614996646370669,152.72540830629842,118.48350785849122,-0.1715535781075432,0.47934577136334,1,0,2437.6460673445104,19870.013147095953,0.48574953118827136,1,Moderate
7.816860210626075,1190.4213609465992,8.480689848605092,177.27216818349407,566.9908069649546,0.03577838322828239,0.5689950144022909,0,3,3693.2594640529496,11344.090664404153,0.5453571184742135,2,High
28.83834957336094,3377.3144410488408,-8.446551734543227,308.2872055728631,349.8941699857715,0.5506376007821123,0.601769690371811,0,1,3352.8542436305474,6965.357553894198,0.5383797400287895,2,High
36.575030146594834,2281.3709162275404,8.600134396663325,188.34921129912942,388.41176549869715,0.888006015202615,0.9678262348435803,3,1,2864.535946841832,15577.506983636293,0.5447768091315834,2,High
48.916819465910436,179.6720482491199,4.14275035871373,130.48554550124177,563.3762862534631,-0.18528613665034582,0.22297330746757926,2,3,4837.4954036242725,2841.981255656656,0.7152841259593798,2,High
71.28982894396526,1562.5980887106648,-3.4057564917159278,89.18501905264168,562.3710109706446,0.13676891834531085,0.21456241970045908,1,2,3641.92217176735,10258.183420883584,0.7616148632951754,3,Critical
45.04882999112669,3075.029579129499,-2.1849930458181355,147.12335236519098,364.65203370049545,-0.13177704250627725,0.05721848770531568,1,0,4573.067245907211,10490.16963909279,0.5358674783488956,2,High
55.76954371324199,1124.951033796271,4.816187294654883,185.66499758917317,213.68628359678436,0.1479842165393354,0.6581987988093223,3,1,1210.8028216001421,19669.35735059305,0.544269645829237,2,High
37.96995446214021,421.49157223292,2.0294220176241478,268.6013485931651,598.4124987070065,0.2465057774401634,0.5490421808222619,0,1,3568.198133886006,19820.13629973429,0.5878210066974827,2,High
47.55780235322485,2678.5082234057204,3.4328584290989035,43.57755942204192,424.44939947444476,0.8129483011408807,0.11123920384663977,2,3,2989.0143170757965,15984.282765617732,0.4674407703108393,1,Moderate
5.319916210033007,2160.4470285826765,-2.2167076697304005,79.77930776609432,274.6401722906311,-0.1113831206545234,0.36453893511818725,2,0,4621.480484194266,9460.313755711595,0.38274361119750344,1,Moderate
19.079368563138523,2039.0625266101133,-0.2437303638480195,136.67544571272236,357.91024156947435,0.6548474583723471,0.17866320533120383,2,2,2552.265088121866,10944.515799495672,0.32558344055708244,1,Moderate
27.138981990385403,282.1603026651869,9.797349680757868,129.74342584302525,278.7087276474163,0.23508783566925973,0.33148174040086154,3,2,1398.2068951457582,6394.832630368488,0.5063896963132067,2,High
35.43700162548852,577.696633304759,-5.721542590005646,141.02931153787623,538.5678337631562,0.6923891346336206,0.9512641693946101,1,0,1924.1948018927092,16596.914073556283,0.6058579666499507,2,High
3.4236559126787802,2216.667947124587,-1.6428762695573713,285.66765527051683,315.3746561761604,0.3647424038581835,0.6833188388805289,1,0,1094.149027131306,14930.92387671412,0.40878218453116816,1,Moderate
10.501807316498827,806.6010609600418,-4.1635362485206535,116.69558506638232,502.94060678968594,-0.15678975727224892,0.0075691007951419476,2,1,1099.8649969409335,15428.50575648246,0.47781339291422237,1,Moderate
20.761073084347935,1813.8382711446427,5.3022302087969955,180.6833449449593,512.0969638026522,0.8408264731863229,0.25250807378412365,3,2,2352.1079301333048,2773.526763102039,0.385409054757221,1,Moderate
72.8649518175788,1952.5977324999378,5.280252513314414,224.60653182884275,503.3827857543866,-0.10899253022202599,0.010361547077779032,3,1,4462.844176464856,7972.6794262068215,0.6718206687127354,2,High
24.85102553272881,1063.924446921194,-4.151090780052082,83.58427806609784,447.20373686162094,0.4574518527871318,0.7148684987686807,2,3,959.3467143062801,10747.033808438886,0.6114230470796389,2,High
36.15307935840619,3324.6455288410757,-8.372193667340342,258.730339373114,520.18274424417,0.7654345392268673,0.46942180205547834,3,1,1439.3500606205778,2493.159373135778,0.5596410727542959,2,High
14.70732845537947,2964.3779632409555,-9.771346466555919,196.96007510578116,262.97626879263305,-0.11225322247478674,0.9940186918143893,0,2,4264.940640257692,7372.460527671858,0.6066559397570759,2,High
45.80850533068262,2556.069925951515,-1.4509893351502896,160.8412186912961,113.0647633780782,0.4092827272576142,0.7335832610226583,1,0,1696.2813878025768,1748.6504482842101,0.5073763479393648,2,High
21.051241163698073,365.1791457919909,-1.793248113284582,291.522249625793,513.349812404883,0.7067188630768975,0.5179129427078819,0,0,4812.067009948571,19176.824545498614,0.4383380358314629,1,Moderate
15.524443382882009,460.8420656506661,9.76779757279726,87.65829330666551,323.9926286280399,0.8849571795103754,0.8047054282081352,0,2,1344.601382317706,15025.266591520483,0.3565557636395094,1,Moderate
38.74294713344843,1775.4565759408495,-0.6039584860464071,317.94334942115637,120.05681789031806,0.5967601408954235,0.7048036512340761,2,2,2210.717108492889,12414.962419695237,0.46335670661290257,1,Moderate
0.4129349370315616,646.4253872493513,-4.871632608491588,201.97754473201334,113.42188720010436,0.10616781300962302,0.24377617763598713,3,1,478.04969596370427,4097.12867053895,0.2745590470802097,1,Moderate
0.5748024486918996,3426.1025760002117,7.824588820629348,219.30295657667696,137.583316705441,0.5695273628299504,0.5302582748275165,2,1,4960.878976493008,6682.548743549488,0.32403930964499295,1,Moderate
16.430160682639332,638.9687956931921,-0.1786410069284301,315.02122710081943,463.0352928169082,0.5763434462384034,0.5559987248340709,2,1,4450.710224378097,2889.698038267197,0.5516232164440111,2,High
2.7541021875615854,1757.3906405775115,1.983512704211556,294.32976762576095,440.97117040645463,0.5699626133150792,0.45123169860780343,0,0,4087.8112643806235,10722.392539220087,0.32143238340208036,1,Moderate
8.101931559801853,1338.0115932611184,-8.086625791435747,216.56234477588413,162.10027410168578,0.7396864808024164,0.17919262285536197,2,2,786.7123528047032,16410.31979576269,0.2868771498099547,1,Moderate
25.41454870040637,2273.913832943933,-2.3416718534045184,271.1475733853427,515.8078799603874,-0.10388193122855997,0.223369051657887,1,1,4846.790289239568,380.7304337962325,0.6169405009601469,2,High
60.19392596848596,538.7237902240447,8.884473489475734,155.99501648384287,204.71213754053468,-0.08073817004302329,0.2810474009559616,2,1,4645.756428399622,2066.1733939468995,0.699546176986639,2,High
42.903648252697565,1563.075855344129,1.7901076835085092,197.05599125990867,486.1420708232211,0.5046788366481139,0.010255149378163742,1,1,2178.3572099875964,4586.9954788222685,0.5441907775548247,2,High
38.45007944673123,1033.9971115442884,-3.1099628971507665,22.34524921506401,318.84324925421805,0.8492692057080067,0.9169438921695093,2,2,3408.185148507034,14281.334863181755,0.48948286944238095,1,Moderate
22.011661740609124,3118.3551838837393,2.5133436126318625,32.34885048001686,452.35177539621134,0.3124225028111705,0.6860959915834789,1,0,4962.292138460235,17879.596775386945,0.4660892078880734,1,Moderate
69.88152895746123,237.99142125796328,8.208221791562323,298.59314550707956,259.7632146904612,0.8566189717882429,0.6896173157844708,2,0,2048.7260974979094,15060.246735489833,0.7503050233785253,3,Critical
29.776128092789374,3206.6734796219616,-4.520187990548199,21.481796045698797,240.9273284021268,0.8318937854677695,0.5723306138091213,0,0,565.2284452704148,10498.951003417893,0.4356509042148864,1,Moderate
6.5319575096828615,2932.1800710802013,0.10233436941348728,60.98368522773862,512.7477794276328,0.7932007120577516,0.6893108081610592,1,2,4338.895174094984,2102.2472822854097,0.401647762536061,1,Moderate
46.2799887088351,1111.7404358987724,9.173813078235106,286.49975722215896,69.4162399827383,0.8008360723504939,0.9818625498736364,1,1,2382.425592212484,15098.28748712974,0.535002196790977,2,High
8.537879510745105,2783.588225902156,-6.552077134030947,0.4125422261722633,586.105320991629,0.7881506726607848,0.3851603376344933,2,0,4934.847275296343,2112.7948074776004,0.48367476149791644,1,Moderate
25.891735710126905,206.12610515174168,4.393278511934231,101.66555838451114,406.4987570459554,0.7018783218931004,0.7125255868765638,2,4,2754.464302024038,6953.797101787855,0.6123188908058599,2,High
38.05589540383566,3387.3428709975383,2.289620164059647,210.25391681758384,287.86586350969316,0.5644768544658634,0.3595290043775282,3,1,147.38801794601187,6159.830229972811,0.3516281819526555,1,Moderate
65.56668935138819,1890.4228048052837,3.5935026228126965,214.36197532894678,395.42999213273384,-0.17315100354813096,0.854288798746826,2,0,2458.634818021901,7184.469267832132,0.8241494475187956,3,Critical
37.0159935255089,1131.155488622514,-2.9756073866486066,279.7750469626105,117.50752055244055,-0.054521048628342283,0.858028606890035,1,2,3590.3106466448025,6590.580868013871,0.5625386284946037,2,High
52.66940745237482,1332.782922821902,-3.7224125303247018,182.13345161718135,332.72885041145116,-0.05234474001538614,0.902266425423485,2,2,130.15014101539825,15383.594334334202,0.6635932230008631,2,High
74.46126292493028,325.77820176569105,3.68419341176741,183.3846730311493,591.8025378368887,-0.17410568729245116,0.005463324241878342,1,1,2067.2435718121433,3434.474679234374,0.7498694427279459,2,High
9.861683992348622,3463.788347742933,-5.689134297909093,261.11180719465216,179.39819081568876,-0.07162805473399966,0.29819144499609485,0,1,777.8010022578812,16916.921002147174,0.35246324091315195,1,Moderate
20.604864413963963,233.59261351235435,-1.6069051028198977,179.50480677586205,447.2529544699922,0.811721076923817,0.13392435120159607,2,0,3215.484105106793,17165.204949554747,0.3220723189473927,1,Moderate
29.59320566982348,2326.684218702721,-6.23650707894164,219.05679116290207,289.23425670743535,0.5301847156018646,0.4539861978901568,0,0,4786.729243890207,9818.516456454217,0.3942086815386009,1,Moderate
31.637113390412352,1605.3021542019583,-9.833903177533404,323.19866457181837,408.8519816683745,0.14328032012496472,0.4954496426792978,0,0,3122.9245227764645,2122.9749697851476,0.5878583995614334,2,High
30.826580644915932,3326.3151418416314,9.40114720076139,144.5223627404539,162.6879757804765,0.6726960134603479,0.2559040428296555,2,0,3474.3885319294454,11508.144780312845,0.4202599089727528,1,Moderate
68.07082519174162,936.3991170431036,-1.365940426871619,138.64502553092,308.7557404396813,0.3372064356503361,0.7234464920450704,2,1,1982.8145021280475,16418.627435983493,0.6549353439823444,2,High
53.55244833501423,1909.0952013892386,9.386992288396506,1.2776370713176721,589.0509926226013,-0.04366025939253576,0.26976971718896936,2,1,2815.704344759582,5789.470384487035,0.7794213517536541,3,Critical
45.592891056802785,1740.01110918136,-7.193529604643478,220.8334541476435,157.40793305880527,0.7729522893491421,0.8538913752833586,1,1,2719.2885484292988,16754.948483929773,0.47811688451639356,1,Moderate
23.202953839708655,2489.7459097703445,1.7473355891497206,10.717886666567512,400.04476531681644,0.17252814086011975,0.17765936814178684,3,1,3798.03172633972,13538.377054293564,0.4010874610443511,1,Moderate
61.7842788165971,331.2347886382297,-5.9805193441752085,181.49345630219386,366.57876182173743,0.5687451535828836,0.3672352947652836,2,0,4284.558235101476,19744.92881485671,0.6281976391614532,2,High
71.62953836137417,758.8830420794064,5.8014825392654945,289.5241640516016,360.7783724597218,0.11965357654956815,0.6222377584243051,2,0,3314.429721415499,16494.227269773313,0.7779847093378784,3,Critical
61.58987119126699,829.5203883156894,5.674059775219504,197.9715853870787,388.3178093083894,0.35007837574118,0.6053350704632533,2,0,4899.04400962023,4030.0092818596945,0.683045511852835,2,High
0.11738288936046781,2609.7125664617447,-7.747857019213765,97.06901947800336,326.23088552852545,0.6978779826834571,0.07802911200514351,2,0,4141.441962622498,8980.081192150174,0.3265461458113511,1,Moderate
47.730102763755525,743.0715675109162,8.241289057527784,283.02063172177367,59.3119126417119,-0.027544918933195522,0.8462586121909482,0,2,623.2337445846254,2070.1692960521646,0.6226107311958373,2,High
3.8351536081575546,2049.8719972293206,-6.107407055935507,97.09812146971399,545.0532463047148,0.8749765347632064,0.5980649334297752,2,3,2537.3769919308556,1393.411336264485,0.45393585282540794,1,Moderate
19.32054152502914,831.8289897032425,2.2595468317872065,263.8914411405235,504.838355116217,-0.12276248485320118,0.8698595487071684,2,2,4516.1803934688505,14121.08481742344,0.6312169779288459,2,High
4.464352526082877,3029.5248302855266,9.71267240175408,219.69304386848324,145.79222450661672,0.3874098007145545,0.8676355782278685,1,1,4719.674343656069,18258.63609548021,0.40277924142863775,1,Moderate
45.28465897120408,3303.430545264771,7.647930695327275,61.198666829280434,277.300247558378,0.8076280712871429,0.545918690375031,2,0,1901.0296921619902,19471.510333505037,0.4342566677882984,1,Moderate
51.494243511945506,1862.8761148036176,9.13127857122338,325.84819494390683,473.8019393814624,0.840263273370778,0.9107814573114379,2,2,3628.520307582623,5409.327084577329,0.7208456002184617,2,High
8.586572854942883,1297.8502063112062,-3.1480245756376117,72.23172586459046,589.0342734630065,0.055319859167753616,0.848407798813456,2,1,2052.7274182118917,4035.426837186511,0.6467117130453315,2,High
28.78791622837346,895.7964350594971,-7.888487155610733,356.2513466906411,573.1253755429825,-0.04161652066371052,0.958122944561771,1,0,618.2986108971594,11204.3977412246,0.6994920073383109,2,High
34.21773817166565,269.25540517834884,-6.2330625342109975,2.631775915778678,544.6475598218958,0.59684330034968,0.8504983985594063,0,3,4423.056524612091,4017.2014616031593,0.6031435500367879,2,High
27.678976632068743,1012.9002590714844,0.009897901532276876,94.85401577144509,137.1056435145268,-0.1538290748961392,0.8212038510011495,1,0,4659.765613561539,5918.1418013643715,0.5105938810738584,2,High
9.07687503638948,2324.4016518140807,5.864593565466443,71.94970701871159,552.9613083049526,0.33376286593334575,0.4693604806769115,2,1,2523.752656329033,16744.5266015689,0.5555224398801836,2,High
31.421084264060656,1914.297566451317,-6.996927116322496,5.037627661366546,533.1447021230937,0.6759907494725002,0.21203106037792774,1,1,91.53715410071872,16209.257129534122,0.5183513998303915,2,High
56.33835358563136,3309.7403461551535,3.194630645215142,263.6524440530336,257.32245114151425,0.4162801969685173,0.9107087330754859,0,3,4080.181253481299,17901.46550007085,0.5387736423326474,2,High
5.32557483999416,1447.342692471782,-3.5284479192097624,249.63328875585466,266.98742699494414,0.006814592351405524,0.7225491864460757,3,3,2384.8018311539545,9644.870298569282,0.3541099691866653,1,Moderate
6.013501056142759,2459.1353639165413,-3.1759585521569296,285.24634716777496,302.9499070753384,0.3357487294169595,0.28174786419852027,1,3,375.1417877078428,11281.714673869279,0.37042496266882907,1,Moderate
26.607846887698816,1763.6973414154127,3.238354603158527,92.4114767272435,410.8965970315293,0.8134021880937823,0.3409957227556425,2,1,946.9574143574744,15411.790163253998,0.40806208996899007,1,Moderate
70.62942837141938,1842.7591341423197,-0.6600116093355961,159.96066014986917,193.45958879065867,0.47893427584870446,0.6860785118572206,3,2,760.5967011521419,4785.310662391979,0.5694327278344621,2,High
50.14294850421855,1010.4326696539995,6.240665860519879,237.2808677837571,62.62163619196958,0.5936396903259218,0.47781730835367087,2,0,3431.394331598571,16461.871825652746,0.5041008705716093,2,High
50.90024675044236,1646.832641262799,-6.881629806743459,158.3166613997317,127.67623852848324,0.1698902676287664,0.08148256184636826,2,1,1497.0474643373905,351.1495965791034,0.611078157749195,2,High
27.143999312839874,1700.6689898432046,5.798965395340769,251.03727731444968,292.0637491672255,0.007332152684379506,0.141447945745657,3,3,638.452586557216,15953.19777623655,0.4684026312093586,1,Moderate
44.52455934064038,2502.5845739463753,-8.715295038851583,228.23042703855918,205.101413184411,0.08120645288956396,0.7456486835123112,3,1,4588.244131179218,15518.158957050138,0.5680282565168885,2,High
0.7598388020807534,3298.1759972327873,-6.1189223950879,41.27320908798353,470.48410856987255,0.3864953531363245,0.32856952848183085,2,0,4782.655295079016,6035.598996851863,0.44795039551770033,1,Moderate
47.70720348071566,1219.6923434405146,3.122994290063307,281.1755235877085,108.67953880209926,0.10824216897177413,0.5076494284020392,1,0,692.8793638348612,14558.24716322196,0.44838294584329497,1,Moderate
68.49652106821776,243.48159317641472,7.0985131302214235,259.44348927330657,554.6058740551421,0.3961612661687112,0.7666214782535258,1,1,1151.179266549373,4279.87228326105,0.8843855609150753,3,Critical
45.94301012586144,1787.403426702175,-4.946407445213019,236.1003795422659,542.4299489691512,0.5785711201137946,0.7511755937060525,2,0,2960.6035980320794,11524.652753077567,0.677040789184635,2,High
65.52739450997588,1951.1685293071732,-3.4561678834217417,55.83369825756084,549.8162493133084,0.6078354637873316,0.16701502688727388,3,0,752.5392474923704,14011.735498326641,0.6153717838317732,2,High
54.29797915995704,672.6978738485119,0.7424149657347989,96.47872156633092,456.78549923182965,-0.01884656637279722,0.0983938643990353,2,0,792.9584645180593,14293.977648051296,0.6198790913097331,2,High
9.041881230276768,2685.579661338627,-5.7685438702139535,141.54373137153615,108.84998431597961,0.6254739337172495,0.59115229296509,2,0,1682.8802086869505,19658.702700447197,0.326095107814329,1,Moderate
67.68399804643813,3448.7589687010714,6.223125231750114,100.77466379631963,290.9756642532617,0.5399569535515951,0.7416328739312396,1,0,4745.851664340025,3640.113236913276,0.6705034809112073,2,High
4.983288326683116,3315.6340378287673,5.472732900115215,82.01170464340733,122.27295449300506,-0.18679435329442268,0.14903992199541038,1,3,4812.2109817813425,9615.972577811155,0.2865271877032098,1,Moderate
40.04756044108228,770.1605320004174,-7.094165760684367,289.92876125823926,593.2345560185954,-0.13524060740127408,0.3719552873272748,0,2,4208.94124912685,17602.0908847832,0.6672954681355066,2,High
10.660284284509325,3076.235015662586,-0.7234053636673572,229.76360868967285,233.1711328692703,0.5108744520464183,0.8702779959676407,2,1,3478.564589645253,11230.252121400015,0.4314792369972302,1,Moderate
0.8779958048178049,2495.278363799728,5.496555333092427,203.5699673580901,371.93179803953416,0.22207428952008063,0.944223141560321,1,1,3603.3668292837633,17527.780508481803,0.516723436854556,2,High
31.652569509572924,1643.0783169434994,-3.253409377931704,81.3429759071714,478.666179834322,-0.03928560046676752,0.4540697609496843,1,0,2347.8642154370045,8681.1755478447,0.5658971561105532,2,High
22.128053074061718,1938.0773807040787,2.662136454354634,330.50756241671087,556.338846324105,-0.15116378491340343,0.07951593403083301,2,3,2650.7731407777446,15907.028422542988,0.5247039350098037,2,High
36.45003703482023,2988.6405949403575,-8.995737570848545,68.82589407503386,465.551249212748,-0.024661825260326037,0.25769645620237736,0,3,3172.2633000299406,17400.985980270634,0.5078364373076665,2,High
43.28999150509131,1732.4587947704688,2.17377521058636,286.1823358168838,420.97707832143067,0.8532653607537783,0.23296992031553299,3,0,3656.4331874729455,16928.78739421225,0.40878643459761616,1,Moderate
3.280430423171052,1368.9050549574313,-6.946940399987859,348.0021600139055,306.2899801209832,0.6003222057280668,0.23896372054105697,0,0,484.2308625527564,17427.300891143634,0.23600592862627776,0,Low
9.225247134280924,1777.0414762883518,6.611666502289026,261.753382520725,382.97007356278823,0.3804759630277233,0.49388170537925,3,2,1124.4350483977755,4391.093932144669,0.45422330071848876,1,Moderate
41.8981797337819,2069.0413337191667,-2.8910107283904303,357.4291590664667,101.7900948690564,0.835694550060051,0.5832256516915711,1,0,4814.715956513394,8779.682612306122,0.4321487084615782,1,Moderate
25.737551487949368,742.8640228463861,-4.368922745436086,234.37840211206083,536.1573980786943,0.48102148144976437,0.12250958867993533,0,3,1675.7113273028945,3491.4374211691947,0.5336700182963705,2,High
54.6880115662086,3163.0862829077682,6.8177795342297,78.28572369740219,349.077519861937,0.598209707108734,0.8893560065283344,2,2,1342.3710540410145,3610.8235488524797,0.6622877710701276,2,High
48.921873644395475,2392.235626020687,-8.997119538563796,73.37501773794408,72.07427773921849,0.1109170003564593,0.6199738232811148,3,0,2109.556560621616,9756.546157024271,0.5880857479085138,2,High
63.42032722424301,2253.1143189474624,-2.0678240133131043,116.84314233197148,555.9461691129436,0.4478800279481154,0.5972517302680054,1,1,1454.6037521663102,19201.755094185093,0.6239951504971796,2,High
51.9369620001919,438.28716901416965,-2.599929188499372,2.566807279562182,319.11608561027776,-0.04217503127237571,0.9872789983842841,2,2,455.90096275927584,11838.226126022266,0.7295641356788161,2,High
32.24483080426111,2154.191389786812,-4.303992515008983,245.41144922982045,527.7240278585509,0.24493145971755298,0.6281439774931253,3,0,1039.8056595210164,17076.90193167944,0.5034610246254434,2,High
50.47249667958243,511.26625161087395,8.23508664002954,96.72040246601793,521.2883748129464,-0.1634356425147289,0.928959149301185,1,3,3200.7989879116662,18743.679890454678,0.7697289743511159,3,Critical
20.65358806915639,367.57209566435677,5.018567870334445,293.465963625391,498.6633731014132,0.03829089634094854,0.28625697235979175,2,0,1115.9127852636636,1731.507177281426,0.49160935050186844,1,Moderate
22.973512408365952,1892.8570451841372,-8.721536716161225,129.3021542013481,83.77166061244584,-0.11764450763505785,0.24012949034649755,1,4,3238.3359834741773,3241.2798035909595,0.4292063632900543,1,Moderate
59.1738869940595,1469.4708157580828,4.2937489886990825,172.78433764679258,185.88665498331488,0.22655670145795453,0.5165186868244531,1,0,500.40447451735025,5816.835603561126,0.601714930017323,2,High
33.48146373011866,2101.954918531159,0.545982662575879,347.64800996173295,531.551329855987,0.7273386811023392,0.5086089476366661,1,2,209.38174796237885,12335.541359859439,0.5760784368539748,2,High
59.87852553887644,403.3553713946112,8.017357888031583,87.18196429701975,544.4450808286516,0.21572751697955844,0.22648364948389688,1,0,4307.838413295961,1234.5843699218274,0.6380928207820571,2,High
61.68167802512088,1565.3424136806786,-3.7410876530328308,259.65147507470624,301.93787430284334,0.7148035885941078,0.6996556568999477,0,1,3800.1309777084653,15733.090197189362,0.5556124317763619,2,High
64.31717532459628,694.2748311535371,1.483239992191658,271.8424041499502,292.0228072098113,0.5221481438367761,0.029633819236693282,1,1,3330.138414231866,1275.7743384527776,0.5234908242165031,2,High
68.74764268809055,3456.1402921419963,0.015105494819721343,79.55933670850865,146.32734863738239,0.36048239129391063,0.6906304725494526,1,0,154.49616468432515,3168.636151295692,0.5337011972080902,2,High
32.32389153849722,2007.9107222795928,-0.20878187544788496,180.35886118039042,582.6259337801332,0.06058086258746359,0.4571778861233001,2,1,1196.7696757686963,7634.157283403757,0.5859803762797529,2,High
23.915011374085413,2437.285327198949,-0.8778920096557474,126.0726931126686,167.22616144747374,0.8143717021285677,0.689007510845079,2,0,4061.571635761303,11154.397132960552,0.3924543767898009,1,Moderate
43.66490599455854,1206.4221543208666,-5.887410489354375,277.8862476240321,155.01523139292107,-0.14037911027376343,0.47708063064151895,2,1,723.3383252927227,17630.09347880668,0.5860084016162213,2,High
27.83793175782207,422.11231024977013,5.114198449847855,224.09399485045347,413.40093358204587,0.5578043194686968,0.977333782884695,1,1,4064.2671994688185,19274.595571949234,0.5469401112757335,2,High
45.08056251001747,3417.9609334640245,-0.9732793452142268,171.35389974979694,183.56436665024623,0.48336388209030584,0.3346849511031178,3,2,2921.167748545901,17692.84248089618,0.3367386549065178,1,Moderate
52.91893969828685,1073.2807203028228,9.170325500052115,280.5707754171786,566.3243860579144,0.28514567448217953,0.9825729370023882,1,0,3701.841838984896,2140.8931536983955,0.7418299993953462,2,High
51.630376386910264,1540.9478295901524,-4.783831456144474,84.65600520303013,55.99884742478715,0.06435305082186588,0.06497394247897537,1,0,3222.535392255865,12624.5897050928,0.469289114562888,1,Moderate
28.0914665265091,2309.537333788755,3.654876792540822,271.30387701036926,53.16429427781572,0.2737655305297936,0.6837607747575566,2,1,2084.947900418773,8834.291442401498,0.4657831609720805,1,Moderate
12.514515127406462,183.97081213277838,8.81434159278217,311.53475235341676,327.68224078957974,0.7600499981087627,0.4542192067849121,2,3,1459.8867444846219,2515.844362225124,0.5475796148844325,2,High
32.289700384665565,2854.8810437587754,3.26916646032185,316.3037748507261,318.4343529524096,0.7204427212804496,0.8221376255297003,0,3,3363.6458929542355,11102.247425050706,0.45977318220602753,1,Moderate
10.694560806143155,1924.365846097309,7.425458152347893,282.1224934870574,139.85021204550077,0.8355193749747323,0.789616069716998,1,1,4034.5644090244714,7133.16611170856,0.43445227322880486,1,Moderate
66.75727763878562,1045.9384360339955,6.549619195140121,146.88510011937674,321.9857596336564,0.1385725272877728,0.8002101828759374,2,3,223.6631808093087,6915.756785927017,0.8004773000895529,3,Critical
25.940809555339307,309.4671499943954,-2.797645690219923,353.4508881784177,276.4136078434925,0.22581457420576023,0.09473859930251971,1,3,1899.544668619153,1888.902374224113,0.4661647306104418,1,Moderate
11.584481041749283,652.4946126131009,2.00247879878993,136.65371177607835,539.6812389383028,-0.17940123207415035,0.8223656998612947,1,0,1753.648920899315,19577.05931341429,0.5623232704679942,2,High
1.9085819929313157,3143.1151201016855,-6.874773203772888,229.90514367687325,55.08965611932991,0.837244994192009,0.21404015744376093,3,0,2797.3542022922625,14519.198004476404,0.19673334031902315,0,Low
48.436678971486316,2432.4823613820295,0.7105176539119906,57.98670410500872,586.9483927681238,0.16232910099899578,0.02568026385903477,0,0,569.6252819389986,5606.684226808378,0.47140176224943975,1,Moderate
47.767673809105744,949.6658535654254,-5.391560563713256,352.9616035091014,393.41602036271337,0.24458020368629257,0.21773871968441139,2,0,4667.097050696397,18349.503144750033,0.5698448757200107,2,High
25.545312493596875,323.0426008131004,4.874736299048912,253.43493187127876,133.5138951049016,0.7985850725921342,0.47928510469983276,1,1,2742.5513421691126,18961.743926604187,0.31480719559386044,1,Moderate
5.378391663573826,2448.0920621145633,0.5611684378424915,271.2159162886926,75.71800759614143,0.37925827318349453,0.7421113599114321,0,1,4618.764021418895,16207.496866333859,0.31873304112032774,1,Moderate
30.7221671171424,2046.1862682904014,-1.7754527473667903,23.67961322801206,345.9581122075775,0.42279199593102584,0.2186324808328537,1,1,4084.704617308253,13186.30328222572,0.3867082873402518,1,Moderate
23.341312129754517,1475.366383157999,-4.624058076660448,274.83041311944186,179.18959128450106,-0.006143878033991468,0.11300754809027136,2,0,958.1943115759067,7527.53239445177,0.44009551691907933,1,Moderate
50.7840479801257,1336.278927246217,9.973969636825736,278.9004345194165,215.6410453506926,0.34852602290052,0.6459672550239423,0,2,661.6950614647859,8686.93015501546,0.6184811567917944,2,High
45.43344370895178,837.1685381589682,-8.565789582301345,241.83818149040275,184.82269065898248,0.8100294609996517,0.9838980363600176,2,1,4306.251200004641,9100.22506868739,0.6286372423531381,2,High
27.3445296148155,2376.67827222756,-9.1287863885516,105.08746096452371,407.594772464881,0.41458989691871867,0.6008703020856181,3,1,2680.5011129210952,18975.25310102067,0.5072238030602979,2,High
16.34194156912426,3400.27129449916,-5.654851990122709,176.28841517791736,354.4409291638735,0.08062800110373386,0.6910573641234218,2,4,98.71373948949214,15202.692093917842,0.5855078096117675,2,High
74.1026974616694,697.4318358452078,9.421449172556393,39.75637367113793,92.88593293699633,-0.1657010494517609,0.56116744374642,1,0,4671.133742196798,5840.286066739075,0.7234519070253252,2,High
34.05012158970862,2130.1965080527116,9.584763366399688,169.77134392529493,339.58959324634645,0.16993195079947482,0.7823484442285039,0,0,2365.141996965322,12492.811739095405,0.5609119833634786,2,High
51.62056768351778,1542.2291895363192,3.0985546954427186,87.77658693614575,485.15437105981493,0.42985000547090374,0.9758044202094448,1,2,1504.6815087619786,11878.01073430614,0.6329506826457718,2,High
10.541472568377058,1618.7416539318606,7.602133344128095,125.67491513786953,94.65702495117839,-0.15312538279208687,0.5441292294041848,1,3,2582.9893558532362,16242.539986123755,0.4240864011970483,1,Moderate
36.419227474454836,964.100752434569,-5.720765383184093,58.536147025331495,539.356436926731,0.4707718350202719,0.41679051174272586,3,0,4114.591952170776,1906.1679196510984,0.5491941470091674,2,High
2.0652539902099116,2905.458577248825,9.440841883532471,82.81957238888293,368.068657196251,0.3757552098299241,0.8603430611601265,3,2,551.463675178952,14025.431830356645,0.4392186816498072,1,Moderate
37.90913384328375,1749.86905410062,-7.144302997208706,27.564711055241848,572.8434580986741,0.661779016083228,0.9697283437599901,1,3,1794.6645161876622,6623.396806504705,0.728972527527934,2,High
72.30130553382767,1947.5798974740978,-7.977496236366834,331.1644919172917,131.4776697473066,-0.16822301050084199,0.12918164086956796,0,1,1594.3333662277919,2592.640814247782,0.6151254406800551,2,High
28.815503473935017,1136.1871035109075,-7.755769215054542,190.9478476711452,596.4607496443234,0.6589320793006113,0.5781709654738779,3,0,4198.2476001407385,14635.466621531705,0.5279673627506841,2,High
2.924700943118369,718.1487832676291,1.462558465451293,142.82710965458628,404.35007628332227,0.37296475033391757,0.7924599925459974,2,2,3892.336379886061,6632.920477368396,0.47535534109859806,1,Moderate
2.3216843189507648,392.09531988958963,5.619488014361046,192.6105165967622,362.1218097145846,0.2075822660576826,0.5333394051563908,1,0,2000.5201728846605,14602.474873413807,0.40297891463654306,1,Moderate
29.099006996015213,2528.0050791447143,-2.666656442507338,226.18556225335897,333.40379326164697,0.8619212739947066,0.4091969681929487,1,0,3322.4415483227995,3248.739001219656,0.40303276282250766,1,Moderate
12.001870234739553,767.1965577387091,9.55791975572253,331.8763656129657,63.00990520407201,-0.023868498040341662,0.6552298211354206,1,3,1972.2274114739091,19718.55648954081,0.47422484125411746,1,Moderate
1.7514072246139434,2446.256204241912,-1.3115972376334106,64.3294628230728,566.801555352268,0.3954576310002172,0.2701280945133483,3,1,2856.5691915811685,16068.160313608678,0.32919438967772635,1,Moderate
56.716021046263265,1427.2799165596432,-6.991028984535674,106.39889950867834,404.19696006980905,0.15307962095172628,0.3491337429383694,0,0,4956.076473125596,5783.035719926011,0.6657216087855389,2,High
34.389225666141805,1513.634323364815,-0.680665036277265,351.2841610838813,100.39456647461017,0.3802350166748694,0.9922766588813446,2,0,2677.8723361778734,14810.485081238125,0.464710011657517,1,Moderate
21.693357897949088,1695.2034867154239,3.580743308448797,133.62947519346878,61.523693661988695,0.4075029978384534,0.6364653343744954,0,1,4942.873664152534,2715.997515193067,0.4031218445630908,1,Moderate
67.50623872623605,1350.208927633647,6.6445156100875735,8.122194272637948,77.93100158021323,-0.10160692673266965,0.8729272983110746,3,1,3735.9955313237183,13068.749043375416,0.6512914742481871,2,High
8.71042201503942,442.1079225568063,-0.8246342008681413,53.151657349377174,385.16766988773236,0.5272486616101848,0.8077685130371435,1,2,603.6114513156987,1192.7372940796865,0.46509509813262195,1,Moderate
71.69391217164895,1152.7481540096758,1.87213652098335,9.481932629478727,387.70847819202186,0.49792964551091307,0.6522725543940241,1,2,3979.8308430017337,6667.749195339024,0.6926971634311183,2,High
23.54750380330146,2356.696826359391,-4.653105756822933,356.37233127146226,324.8170104797926,0.6464140020979103,0.8407290824587732,0,1,806.4282073490758,19569.25090643773,0.4493011570994549,1,Moderate
66.63027542315109,2363.6669649941614,2.91833052811028,100.3935056368403,218.72120135912334,-0.1002756569749119,0.28715849543357097,2,4,2661.643041933063,2418.4074841624524,0.6683356333647378,2,High
45.220715735959615,1073.1626446159808,9.719438879006873,332.47539249704135,342.45850238805275,0.1269844015940566,0.6371164488122983,1,3,3066.226172328095,11948.480648819768,0.6367595240994571,2,High
62.00305198061156,1664.348930296139,-9.018928548244123,358.5190592734977,333.9660014819418,0.5151216597009114,0.5906034895239809,2,0,4461.152276096801,1412.107719318545,0.7567190766037832,3,Critical
73.80098724078482,757.7205752405874,7.730613414103356,215.94283961152112,60.67855793211109,-0.049596091492830674,0.6224196007933448,1,0,1052.121051285574,13388.024230587245,0.6130613325919317,2,High
21.63040783640593,815.2650772014416,1.2456500553504561,11.950673423602233,205.35807668012393,0.5453580318672866,0.16863192714677522,0,0,4379.710361819313,5573.243059210921,0.2643402003957191,1,Moderate
72.08516140556948,178.36010058246518,-4.958026808754001,29.372986939293707,79.25193780693222,-0.13507061809753473,0.27724303999806843,1,0,4672.468879791505,6199.512029151897,0.6249752405763125,2,High
29.211142117681526,3148.9382696863318,9.09779420018516,173.37205983883598,545.0851132962105,0.16842470825559053,0.2866583187925391,2,0,447.4367562978415,6756.0507059043575,0.5634410412884663,2,High
28.913392855269173,816.4026612546811,-0.3329139388220206,146.22192464813494,448.8727395318245,0.731382234565771,0.6019461625727632,1,1,4426.425590060112,4103.136292512184,0.4334202691619044,1,Moderate
25.529032819087927,873.6151815839753,-3.3661949665322872,218.22383008143635,597.8633436061018,0.6517204194192763,0.9725468804397861,1,0,1295.900243038735,18833.147701419963,0.6453373118848063,2,High
40.60557055106889,1050.6448709934482,-6.370047434583177,157.985211496091,216.19419481790834,0.5092367867497967,0.9540675511821481,2,0,405.0047469106877,18116.636847907,0.6462014542449976,2,High
11.560878238386533,533.1874437644586,-5.110955794866758,336.2676657377344,533.1672162663007,0.7575042582876113,0.22718955298969656,1,0,4792.871779591622,17400.30459967782,0.36945000737099404,1,Moderate
41.52836140185084,2273.4938028166334,6.65698083182885,192.50629754886398,381.67984736286496,0.5801964985894206,0.3048452430667725,0,0,1961.0174362479543,2128.9109349357595,0.566819023091004,2,High
40.6278609307503,355.48604080379437,2.2882001863433175,249.74138212647918,299.2189737969827,0.3713126157318833,0.03606189227916712,0,1,3114.9175256848484,4668.896770135085,0.47384558248095926,1,Moderate
57.14263594536525,556.288249509591,8.264912389766323,322.73469815129874,172.41521120874933,0.8776892504243654,0.39881558985939414,0,0,2764.3655989765757,12244.517186235187,0.5002028302776088,2,High
62.523747145318914,2292.1728704063157,-5.360630956844283,52.873875299954655,456.11569090737856,0.5643416877682514,0.8346741216803636,2,3,1065.9096232991621,19407.420027796554,0.7127025668273911,2,High
33.033101273431804,1254.8461096369053,-7.5772285230219705,82.70447548267028,547.277411897365,0.46150389449430346,0.91575173898614,1,0,3347.828640835326,12096.34764609368,0.679109118724956,2,High
22.67499370136203,2507.0226107840426,-9.8782493804882,38.63471777064542,179.4196189414539,0.24975761704892113,0.23649647956794362,1,3,230.5749450363248,6542.035233496719,0.47905363113358046,1,Moderate
19.450117298782086,1995.244131878483,0.15724075231987555,50.26982372276842,146.4646842354869,0.7926537484369556,0.2657944734888392,2,0,1015.4746315599666,16348.08222460261,0.32694983330974575,1,Moderate
14.596787752865396,970.4719884091444,9.966138607639763,184.53022809632392,432.92205325267685,0.1252800051654921,0.22084981650875368,1,1,4723.318754669723,2708.61099799133,0.4615695688116258,1,Moderate
4.323568664926866,2312.815031663715,3.89930537637278,115.62453322828705,587.3352394990355,-0.18985844636800706,0.3501035675745787,2,0,4767.537622953833,17634.837669092954,0.6053692848026307,2,High
25.6835984126035,495.3305129957942,-3.8321081606970786,152.34222222963177,462.47530560724294,0.016414574675595955,0.8047593985905447,0,3,2413.2759590672676,19493.535802390586,0.6345278779101922,2,High
20.268576909808743,1923.7953024721035,7.537171660523434,353.69633944586224,206.5194064762069,-0.07953075886340492,0.6468574698844601,2,0,845.3586945688929,19353.053078994253,0.4410897089427662,1,Moderate
72.48130393998055,1586.3035571531177,5.634445319759195,56.41356520654132,280.9754832812821,0.1508931515903793,0.7859409178637,2,4,2108.1003051747666,2953.931268315908,0.8115610068913043,3,Critical
41.82816196875329,1010.7701815792987,-9.691696678469215,194.69234548730722,261.3746995021045,0.7084665452043006,0.5830311063353062,2,0,4385.354166459497,10992.150136591988,0.6619354978600351,2,High
26.045777927288068,2153.6169923143,6.337209610820448,35.593615819314344,518.652259925875,0.5166826539015081,0.2577330780591468,3,0,351.370272180207,11698.38059289685,0.5139035115741595,2,High
43.5350700745272,3062.5342139569607,-3.9894648552300804,114.6586727749963,474.2539283797231,-0.014121351842916241,0.22799418021254414,2,1,639.3428858175681,3898.3718084055854,0.6966249145854774,2,High
10.439752600927163,3496.275979194461,-7.006530708327978,189.9093325228555,373.9364891188361,0.6677038932015724,0.009000705863749792,2,2,4478.264229280304,10935.546944537524,0.3312213285950141,1,Moderate
33.303281190165215,2166.3934137276433,-5.473383205258509,340.7874285475216,201.22751071829677,0.35464185270934306,0.7809821368740725,1,4,2076.917003463725,12930.751479461473,0.542145322469597,2,High
46.96757410657979,1475.9999727191785,-0.6284039124972196,140.8421596620539,565.893690247131,0.3639860865301267,0.8471212261647177,1,1,417.2930257118812,6579.234894941186,0.6887388788680728,2,High
36.66733738443386,865.7041407350855,-1.5026414586397792,23.366410637281135,409.32337362303065,0.19832339907896063,0.7682825996284163,3,2,696.0453858699078,6313.615330059001,0.5996380719308743,2,High
30.133410049074318,974.12670394338,-4.2222540125154655,139.73812126571408,583.7621555429804,0.7510780013042258,0.07440205772849073,3,2,4412.2408898039685,1204.769995559607,0.4393138009715847,1,Moderate
74.53862916747737,1730.1469257092033,-6.555633555859346,52.46682331463198,369.0643681731169,0.15016003424137198,0.762221627169866,1,1,2450.5168581225585,19136.511198488086,0.6931008606934085,2,High
66.02360716116952,1348.7441843544113,5.244615792843385,82.7962607849203,501.6560170999877,-0.09644626326334248,0.04576745315026931,1,2,814.9715393062223,16072.318560179245,0.6578243091948363,2,High
46.755446861958006,3206.96937692481,9.802195674698343,222.51262433939655,497.2079586669897,0.1330018933691396,0.10559306570639115,3,0,4470.298774640577,15188.982618089314,0.5653852062260254,2,High
42.70330208867121,1352.2045900294124,5.5558316083938095,24.272591833325407,235.53082725847565,0.5868889008946743,0.44047537293266725,1,1,4226.394445893787,435.5783988370199,0.5233305400711585,2,High
46.54953598684381,1369.7116098944807,-4.081260646569175,167.30055225001345,580.2113976264754,0.5233400754836617,0.4761470089248401,0,2,115.11675394151987,12486.18209184196,0.5684571789560844,2,High
15.098408086682493,1404.0173422755217,-5.1038207717573325,219.40617096387518,62.067807178660196,0.006818868908935627,0.8161186366186963,2,1,2904.9505387473596,3612.570709158198,0.4929646990997534,1,Moderate
29.635330744823897,2944.5087152500378,-5.646682478681235,151.8690212522989,472.7909998220778,-0.07703727098456377,0.6795268920409105,0,3,1221.6832519035386,13234.35062610594,0.5579803999040013,2,High
2.959464966817449,2312.680290879466,-7.266098510219274,6.885486224542929,581.0563971702242,0.5269523342419211,0.15332017863121628,1,3,2665.679059902822,12423.109819508509,0.41854299021751734,1,Moderate
35.665952811512,2188.174091084235,1.026610993846024,354.78696848503154,236.39951180604757,0.5440145192204036,0.22614678322880133,2,3,1396.3416610266534,17038.507153278224,0.3626197965498556,1,Moderate
40.72684379682474,1236.0862761051314,2.108007439066883,132.1616762425927,406.46082328503456,0.2027646009316278,0.28567518825868676,1,0,1579.3814044598553,5108.681906296019,0.5705170193015975,2,High
17.08123020774072,2880.874201230294,4.110053213262745,280.2877872959761,359.2227874143158,0.7270815218819877,0.12367263745485835,3,0,3009.262662162902,549.2355790850501,0.3752884372367178,1,Moderate
72.30216353741353,230.43712860938385,3.604267418673359,117.23273718748317,468.829020322088,0.8760257241799085,0.2876448863592307,3,0,2694.2958888386365,18282.217587518502,0.5154023963562615,2,High
68.20909582029314,3060.7103859495846,-4.153333774332351,171.00603251763079,526.3978569047788,0.026209745794334938,0.7285981555397331,2,4,1975.9619889040364,18172.720569596382,0.8476475816986908,3,Critical
54.16074265919294,1843.3496592993606,-3.393779892063069,139.84691133995875,381.6745131147514,0.4347755872766312,0.24140147010728297,3,0,537.8398591450779,9117.190820975187,0.49876655215960486,1,Moderate
40.003997157402196,1454.0507985356037,3.6302907088467578,123.31412262345877,498.7475225098013,-0.19411903809566694,0.8353596470603865,1,0,4847.1194928980785,1561.7611785424756,0.7721152222174273,3,Critical
65.24768697357638,1790.3687544401314,-3.011047184327433,7.866495794800348,221.75706673909036,0.5843598356289161,0.46951699512520784,2,0,873.027752350256,9959.379776689693,0.619308859856204,2,High
9.79892578675972,2369.212803815026,-5.74753620761374,129.60753762762127,175.72288228764927,0.25571032491964957,0.32293576124438883,2,0,3165.5862247819496,10480.284415535596,0.43996113827707933,1,Moderate
59.288234570616375,143.40245016085103,-2.513276926065209,320.2163965438308,286.86722924306207,0.01259614959348132,0.41241810454887307,1,0,413.7238135203225,16434.509435466247,0.5930114538832137,2,High
9.361561047513622,3063.2763119580422,-4.558316848440446,248.54160189372612,422.75512976943077,0.6274441139408138,0.7094967405934914,1,0,3441.564162728093,14342.02888732391,0.4609876673082047,1,Moderate
59.565799691205406,1618.9143860587355,-8.233745575628443,52.35222927435834,152.985821916298,0.6917136773116888,0.5167927032459902,2,0,474.19891691951375,1416.0915185718047,0.6681038142824155,2,High
20.68256761885177,1266.086166980266,6.602778045533071,212.8158016641861,424.1937056835403,-0.07771684870646897,0.007278663975058053,2,4,1147.5417075299088,14106.75221840275,0.5827278388973073,2,High
65.78179357636417,570.0349231557941,7.062227783140727,321.20310958159376,266.751506714637,-0.1549046619781626,0.922323846585075,2,2,3234.9259968901893,2714.7893706257364,0.8658644595311228,3,Critical
70.80315703690484,1594.1822728187033,-5.604993996662411,252.01225474734795,487.56640064094756,0.16748628583602904,0.06599600300185171,2,2,1414.6759597217672,1789.4405409897486,0.7653915922002124,3,Critical
11.159697705383673,1787.497422366888,-8.704556009495965,53.52638124841082,70.25969940681682,0.48858951233713915,0.9386213488143857,2,1,2664.2540757396173,7972.142628697767,0.4177863797980338,1,Moderate
34.700670379904516,1472.3987612778244,4.77654874702359,312.4196988244188,417.390450806167,0.6727614799074964,0.028152823620054668,2,3,622.5269666870464,1547.2721366835108,0.4210431726106437,1,Moderate
73.57405336220138,2407.4443190114503,-5.769427482731726,108.55584478399153,407.40228515748225,0.4006687462935035,0.7709793349574484,1,3,1012.0026963310147,16585.379875699942,0.7185671677829241,2,High
36.255557697986,1531.0481977813683,-2.1312902112627956,163.46741195244303,567.5145118689229,0.4388236539376787,0.5346747081832882,0,4,3668.8795412730824,9262.583700133646,0.5265645941239039,2,High
64.76606418859089,3368.819764678349,-8.717294955252335,189.4113934880927,442.35215446023875,0.6798440439281803,0.505726180604106,2,0,175.69430141116393,11740.075113242356,0.6859286394147701,2,High
44.15486415984899,2137.543560600212,-5.474608304831296,306.1823775761503,487.96604303280463,0.3817277116406354,0.07277850254400453,0,3,559.0010492852582,11537.290470084265,0.5121378824825867,2,High
28.14974309397014,2845.4249812164903,5.858045566592715,335.378698253158,547.5250587192427,0.4722699392489306,0.23874501033791629,3,0,1074.780093053198,19562.19572699917,0.4886005188899468,1,Moderate
21.433766664440267,471.8100705722281,6.087928938304039,334.6750360046002,421.2785550605933,0.3678390739742153,0.777547317065192,2,0,100.95279552140512,18315.650138926114,0.5357722659924923,2,High
15.241731831456546,1450.7903960160793,-5.858303502245792,2.8635052602746303,209.58449922798602,0.7685040567044745,0.8912598299224941,2,0,476.8934925309265,16982.561175707368,0.48090214649126595,1,Moderate
57.134864353327295,1245.2821849203192,-3.281723097866209,331.8798548107646,528.3755897709372,0.0590682804435978,0.5291186810529795,3,2,1406.9573881811493,7665.384538262696,0.6788903025018319,2,High
28.99053801172709,2036.240119664412,-7.315231618125129,19.57930776056604,461.1679657117863,0.0903929429945603,0.3533433963625954,2,1,464.58725791571175,2901.9940100996823,0.6335163905314586,2,High
38.34565966505634,3027.785968208847,-8.516547394301552,95.67851645427673,283.44068220049144,-0.05924239223799166,0.05994320806421083,0,0,4330.597150149331,11837.340050141507,0.5644801333101671,2,High
36.92441100008865,366.34994039082267,9.84343428896819,185.39562770201985,440.79104495747913,0.7014134266438639,0.6821785260663404,2,2,330.36895255577457,8806.321502201325,0.6518631626072844,2,High
43.29592719248484,346.75431335201665,3.1118790248967834,172.77324804158184,527.2288824496281,0.2529550196185931,0.2784466106862826,1,1,4304.918495891197,4510.533048252528,0.602340639072771,2,High
64.91828592184142,2991.080207735836,0.841930183966376,217.6955257994611,586.6086722651993,0.18268333496936823,0.0550137149921468,1,0,4114.300430301331,1953.8423052223552,0.6960461651929195,2,High
73.55545076875721,823.6902925304153,5.30997000810599,172.6006423453221,573.7933271774805,0.8794835887958719,0.6658517290986221,1,1,503.8079728169359,8721.865946547845,0.8112546672781866,3,Critical
30.56881564303627,2373.7610651293667,6.801543193754483,336.37524467055147,228.93030472027783,0.8194837030837641,0.4857197935337584,2,1,125.95657135955729,13017.35440642894,0.46647681862823837,1,Moderate
62.06391915797273,1945.7856500267376,6.134295360894551,86.59758535725132,281.93154254499996,0.8691864503372377,0.011962149701723934,1,0,249.96007447656953,12507.796274744687,0.5099959320080271,2,High
57.33958459910382,2931.8382226165804,-9.669211014202467,98.6488898538549,110.2451327375542,-0.043471103565437874,0.11092403910634707,1,0,2951.890322868785,15478.428796421806,0.535940169991069,2,High
43.01467135916799,525.302293443772,-6.263842036190031,331.46565684950025,186.1493578599253,0.780376994462983,0.6992019292459442,1,4,3351.768122442873,9331.092538487166,0.5042813504677667,2,High
71.70353577089499,541.2620834568784,3.098106042356621,27.62622494829224,535.3316646678227,0.16158055932619664,0.06367133306578854,1,3,3103.266956231156,6432.791505210896,0.6713170546509521,2,High
15.03558866463021,1993.1824249462456,-2.4848130439207416,219.44189588573155,248.46745945364742,-0.18607755276695126,0.8659630648429902,1,0,2707.38425995949,10774.008340639963,0.4812331757764721,1,Moderate
8.194815773221606,3317.687421418461,9.64965302122214,245.42494274361988,391.30396222718457,0.23042816958137563,0.3113262774199327,1,1,873.4204531474454,19500.121195387976,0.4936591519525343,1,Moderate
64.04714752165665,1510.9923784605644,3.3080958527650814,181.99502043470622,416.2810900688683,0.3601159884518657,0.08866647043642462,2,0,4204.769473176358,901.8107609263426,0.6433924333901313,2,High
32.93623624753112,1211.6031408659628,9.13097817458413,249.9234763763294,480.0061013288216,-0.08095753407585411,0.7597573781680654,1,1,1637.7746818012429,10573.316064638866,0.618221919305209,2,High
63.52266406552953,2162.743698872812,-5.971070367084124,62.19167256430812,150.54001663509703,0.391445378561682,0.5244272344530237,0,1,4930.890980564427,6585.290047514043,0.5735265282069605,2,High
66.98176538965612,3263.525241853106,7.279140562300462,306.94760379775437,217.6472240379395,0.7014099425944047,0.3066400323792976,1,0,1924.2889894709524,2107.004778447226,0.6379024460682067,2,High
4.684319521430358,2945.5546316717205,-3.5729538836954937,50.40924820915881,296.5849878019993,0.21541604592311342,0.40609834166926795,2,0,1315.024219871827,8693.411319282222,0.47482942374883624,1,Moderate
66.25985722395455,3484.6442764929475,9.791296164756137,144.2924799536699,250.66258368105045,0.18790928718773242,0.021412395604825885,2,0,4471.254068908687,12823.28259965733,0.5886848243236108,2,High
33.623929152706665,176.73318288808213,-6.8462265585370545,27.092736470954087,590.5978780728294,0.1726914622537452,0.662698537539429,3,1,2837.070815955166,10563.311344876325,0.6758057851783024,2,High
38.28243667531741,483.7176920233916,0.3267963767665307,196.27598837426405,509.21744176754186,0.8154038904720613,0.36577368896344453,2,3,3609.2522008736987,583.5294052877992,0.6491241301619834,2,High
46.994438331990764,2172.1903954465147,5.856890676742438,241.1084906732301,313.8277150412673,-0.146366091330781,0.7140375697281297,1,4,2041.993916636224,11582.349289768028,0.6232799617152068,2,High
69.4786955047565,2889.959893735089,-1.3471503879192817,338.8397886343046,533.5977443475574,0.28958375619225085,0.6281711459525472,1,3,4434.577529717951,4640.051676014216,0.7386223888866369,2,High
1.4337070822323024,1069.8307638430063,-0.6383187962470664,266.1610305225603,241.20912117081323,0.09105939956468856,0.6512541859097379,0,4,4588.6260649216365,6829.531100819626,0.30666102955320923,1,Moderate
35.76326012383628,913.3176993163438,9.727115910114822,194.7970499234944,482.2055781396455,0.7831877279262438,0.7928927110044324,2,0,2183.8446555845735,6244.094865182575,0.7445139440566079,2,High
51.57915318229205,2775.717717896083,-1.4938369939769345,335.74212618132015,173.02157895854953,-0.09434251005781569,0.631158078376251,1,2,1203.6191768438025,17170.26615549671,0.4902577412791374,1,Moderate
54.20302182736713,291.69830310098735,2.081442011981272,172.23726169471556,474.7771248745013,0.2525870433484519,0.41872592924189245,2,0,3238.35692216744,951.4603527270892,0.6799512100130127,2,High
51.9399323652831,1355.9010017807893,-8.909206786496986,202.03403511559299,301.0493717576506,0.24749776723419425,0.3899275617346356,1,3,4772.921669102579,6959.935040473848,0.6501503029153993,2,High
10.08263470560914,1819.7513568139211,6.8442016042052,214.59546996123447,109.12462654573329,0.777233859301725,0.11958210676485581,1,3,3112.2322978647067,7896.326737236031,0.24667529405310704,0,Low
22.45466912787609,2005.1854927910997,2.9633609795908704,147.59270131916406,200.29435000557027,0.0370427895450664,0.7794434131562418,1,1,4771.112192038682,12376.685269673839,0.44061953858803027,1,Moderate
26.90366440627601,2577.2915330954415,-1.9195979427437297,301.85376860369666,271.25104321296055,0.5093849513317723,0.7611084417546218,2,1,1719.039824863073,15779.296969592811,0.4892990529422029,1,Moderate
60.332790575962875,1306.475459664238,-9.676609200909605,66.66333798422129,462.11110141544043,-0.05215326042343202,0.24629836708552344,0,0,4575.395353999375,14553.302753299475,0.7596108368941583,3,Critical
20.906990431091476,2183.1267718936647,1.833376411870077,199.74318853377886,90.14049310202297,0.8493732854885971,0.8626819126981446,2,0,562.8341620829702,15052.442065832392,0.3798831916868824,1,Moderate
15.802872290040238,2090.2764374892513,-9.746843430316757,260.00397222738985,412.75084730095176,0.4523164551995145,0.5890032577906282,0,4,1794.1720946884109,3847.740326069049,0.5001387231363207,2,High
71.80860142785721,1961.8947422227402,-9.975927721819641,325.43142187556776,443.807502513064,0.4888824033527374,0.47868684239456727,1,3,2472.356172452721,18234.74547490563,0.6594484636445176,2,High
0.6647463835101675,2277.6431966835216,2.321971242987093,318.2106227163402,409.65675345916327,0.27715074182651944,0.01749630162549587,0,0,3265.55169126146,8282.973589220197,0.3191097900198401,1,Moderate
74.83656417614837,982.1271816314594,-6.219658653308915,183.1465041948511,468.3683009921556,0.1765109839329545,0.38274118586431627,0,0,1470.6962247436322,222.1806190137654,0.7795576763611153,3,Critical
50.761597414304674,387.80576218773854,-6.162249005638094,231.538122418803,147.99273881256107,0.033944072444363954,0.640670768235663,0,0,4621.196502168644,13361.92364169725,0.5233626053545831,2,High
62.13519745868378,505.5236849351277,3.0654313166548732,141.92558500654837,372.90684528467057,0.4643865292154848,0.08974783768838346,1,4,4517.4810459708,12080.0559808903,0.5735391133011944,2,High
22.096454725964488,863.5801010232636,-8.926056241212514,168.5439946368721,567.6297209621339,0.850017919883062,0.45956730888754826,1,3,3996.683064827812,2519.152701783587,0.5301793240477757,2,High
1.0736458250294985,1800.6729807774698,-3.7318887705088732,326.25568532629785,385.93134839249575,0.19577004950164334,0.9934359513615961,2,1,571.8126249586608,19197.352108186777,0.4192922745038166,1,Moderate
55.340213892114754,2957.5053518564687,-7.011361957159618,335.05343754929066,386.23499082412417,0.7714725775282598,0.7165386372090675,1,2,391.4547556914238,11231.2886162543,0.6455153611261583,2,High
62.56084477505068,2484.397363100506,1.6035273959306764,322.3490609041271,455.0418031622979,-0.03634605586802536,0.5468708875016044,0,2,2490.6572755967086,9385.279726179724,0.7505442795289496,3,Critical
55.535709896513936,2782.73805428696,3.235303094547916,49.81351025290976,233.26232766922246,0.829738622969981,0.5330328849390766,2,0,3826.7187784795847,7962.444440748158,0.517056034184793,2,High
10.713771547562894,1293.3171213487108,4.42271707198087,306.03024767902906,435.2617457268473,0.18553491228788427,0.04376508225819442,2,3,616.1794645563062,4197.027567872329,0.4738209393789733,1,Moderate
56.50709416927268,1475.8227216050707,-4.895375661628691,341.4109431677329,553.9286083222682,0.21769993275268024,0.9573144374079361,1,1,3207.1873346800935,19056.256184239046,0.7873547330860763,3,Critical
57.669208658073075,1438.5184123680835,-8.215004967268321,130.0498900464977,55.99251016393865,0.30912648273776105,0.928177660285043,2,0,2639.2769555115347,14043.172781513393,0.6401445074427283,2,High
49.39053867525412,752.3688269753052,-8.426326861162043,186.7126641918009,528.5621726098759,0.5900686969424154,0.6824047106754465,2,0,3629.947098671861,11352.074978505345,0.657708371162718,2,High
57.45869495966897,308.1366376881449,-1.476969030985524,280.4742920926785,170.2400821923725,0.5916187770579389,0.09901164968154996,1,1,2176.8761308313397,12624.004035934779,0.441701409630557,1,Moderate
63.44410797582991,2109.1147156125708,8.9168881812543,202.34812952363353,300.75780053520634,0.3275474431916318,0.2078338967494382,1,0,3466.4829861000453,16808.40916904525,0.6545694448945097,2,High
46.02030856780938,3463.336723629993,-5.645419315059508,357.6540678142498,518.7912905239509,0.3754681892453296,0.18390953587558523,0,2,798.0433574203194,12714.405619629526,0.5274528310409309,2,High
6.64535354772593,667.2209968308937,-4.865167973169013,164.0568114564582,503.15167010114595,-0.16698846344844473,0.5195784851012188,0,3,1072.971366158144,2291.8145794274737,0.5291239636272606,2,High
36.572085725040814,258.7283876575308,-7.982223957882821,257.0193760346559,540.5601129693307,0.13472637171415824,0.20780387450198556,3,2,4516.670319070022,13945.903176498374,0.5170790149639353,2,High
5.82370010037038,2750.407718201372,2.1114054778786056,285.33281047075593,567.2292359478894,0.1806187816536704,0.6958005615441982,1,1,1646.8753764872818,11297.387517855386,0.5020508870093937,2,High
30.565727327432313,958.7924227280623,3.5974574789434968,177.87614967303819,295.9363262244672,0.4145999955983353,0.545229885969389,1,1,4927.529074182754,19326.882153247443,0.4678360685930658,1,Moderate
30.532986684422074,2920.7889381999566,2.8586241632152003,308.5141700560953,411.0000959405538,0.414129744108435,0.017658177042655487,3,0,231.02298825046608,14674.38429345648,0.3969104912895364,1,Moderate
4.950738310518118,2493.3846679173525,7.2226048608956255,196.61565283459072,264.7631422893587,0.5808897775006605,0.7440572370356515,2,1,2479.379074764535,6880.058319605231,0.448017681369159,1,Moderate
26.16154004771095,3315.2900259727357,-0.27148329947856453,148.1942868485873,242.8941946206912,0.5887300258398891,0.1888287366539485,2,0,1624.9358222317633,2707.957028155521,0.43547592468710944,1,Moderate
8.324857409348613,1490.3526015726848,-7.310859184658711,38.81652258670093,287.3774758287182,0.05873179663329131,0.8248851196806769,2,3,4979.825185254612,9645.611849388179,0.568458644155684,2,High
60.61764075069166,2350.697454132156,-4.2118973859117474,141.6288874861527,458.6918741304718,0.6472058662153073,0.355045437122979,2,3,4950.1737818231,13587.085616235658,0.669468422569649,2,High
71.0766019473353,1680.5062547651203,3.2485994684270363,264.2171237039823,325.79241092785406,-0.17843607514908977,0.33861967998163645,2,0,1176.2164592646607,3545.5103581384797,0.7334028017015514,2,High
5.4237356443453955,2244.0015708490478,2.262439474831197,331.66310820483864,497.7328209465881,0.5877780730673925,0.011817335778210536,0,3,1336.2843984106798,12988.88548577033,0.27839873041580165,1,Moderate
71.6336405468776,1628.636280426307,0.6200625948592489,90.6045853897117,459.8701624578857,-0.0877327861286346,0.9877289829230171,1,2,3748.361093585235,16512.23516025812,0.8524496805553636,3,Critical
39.19324495025589,741.3496378418545,3.6592883737737445,127.88478623898095,61.26315361841963,0.6026130292633409,0.6120043391718638,1,4,4448.372156971454,3141.003567691687,0.46251913990784554,1,Moderate
22.467425846540543,1826.851214411495,2.7478170074659864,55.42595787759343,396.6309864083889,0.37982989962524477,0.4227301661859907,0,1,3318.4849392745923,14115.714072153687,0.4097846114574347,1,Moderate
5.7646556457122635,1897.186284887304,7.626497789299034,248.66024192242878,290.11411781972504,0.28097995075140136,0.09662140446133904,1,2,4323.5447753068165,1365.152671996297,0.33330921065320607,1,Moderate
37.546820105281334,2856.0530840845477,1.7203275495659316,345.6678348035731,301.1459440331279,0.5597330287375719,0.6991480641510168,2,1,316.4622769786407,159.001657734672,0.5453750600320793,2,High
59.58866583680615,2600.770399698176,5.572027174011129,230.74279914534318,500.10517962844204,-0.15999208287804403,0.28273046999193885,0,0,3202.6424069829677,652.693726561313,0.68006422963097,2,High
53.03148579500236,2356.89152140091,-5.025856880670643,222.14755080224148,351.1843923465722,0.04581735824313618,0.988280818375529,1,0,3500.854445853481,12630.091552863818,0.7164258695226622,2,High
3.7669508597980323,485.5161248787466,3.5636516917813594,199.2563749801562,537.092002902421,0.47808415671441945,0.9505473591493231,2,0,951.5953153235623,19467.24105368375,0.5049969387969583,2,High
5.467637652592764,2550.095388256631,8.043882367653513,31.84406664679315,442.0430758154297,0.7319369472938999,0.7352966788027886,2,0,3889.8510466230273,15427.445042795052,0.4872819427852678,1,Moderate
30.215496197447784,1801.0375316053503,-2.285353442003335,262.6213775145781,354.06200482022905,0.21921840063962866,0.971071930282969,3,0,4721.325848506779,5088.185200809947,0.5057657860257878,2,High
22.146787053595745,3139.938422760941,5.582083746772932,216.7378356777663,464.99588688310706,0.08463761989691282,0.10563386245376283,2,2,4489.832461390329,1433.7737300169606,0.6167827100375513,2,High
17.428824229203588,3227.5611760438455,4.495786023908707,238.13163678826334,71.09197800897402,0.37061007936789375,0.2799153605365452,3,2,1224.8370895666949,12333.08257985962,0.26163981816069254,1,Moderate
21.07533741815352,287.5324080460706,-8.80947606256355,323.5719934898718,64.89601015551426,0.4845467776255255,0.2532432887911791,2,4,1619.9631898609307,64.57770304502341,0.4451198564020438,1,Moderate
60.261205747266345,2890.181305205228,1.6301661924814468,282.22588334196644,95.84212980646863,0.26211333454632113,0.07201265845930249,2,0,2498.056844731231,15851.712485440954,0.4639206992408662,1,Moderate
69.69210402238905,228.1711274370801,-7.396213015983952,281.1294907756294,290.66092883092847,0.7643817509257307,0.9722265979714558,3,3,791.8059214028483,4862.410515178446,0.6744771897642882,2,High
30.38270208956748,1348.376727363077,9.346383444611824,333.78615679656514,179.49758009481872,0.37578257974601476,0.059974086646893854,2,1,4769.765815581378,5984.341519498348,0.4448452350532219,1,Moderate
67.95832515993727,1943.819917111669,6.228150054013124,356.37658252667984,591.3437119286815,-0.1605940536723565,0.8566889039943296,2,1,807.9831485541378,6879.57974146973,0.9211094134882983,3,Critical
24.11217759359115,603.5427153322332,-7.805523975057598,209.26178350598147,348.2595764562518,0.04535935017680942,0.7681614245768392,1,2,3807.1147899516795,15271.058834365736,0.5230053117627119,2,High
35.73277397578437,2637.466962734861,-7.564960047046432,39.19738177121967,414.32866034463717,0.29571173400959605,0.37586708747145947,1,2,1707.140755854643,5314.837431014181,0.5923374769998498,2,High
16.95217483619998,128.40599418527114,1.889477098252378,165.2867667991571,203.35107493568316,0.5674980709186268,0.018807362629798985,3,0,2868.603988482984,5689.417877741021,0.2721135227009984,1,Moderate
48.035703163188295,673.2367646757252,-3.102216516536334,283.536412726192,226.98829972318484,0.04172746817184775,0.0060959049818695155,2,2,235.86912197180789,10819.838763073605,0.546696307399949,2,High
73.42358363811067,2074.7092215018174,-9.301882818537814,9.981116914265709,234.50405277763574,0.8738831836891634,0.20399384069392323,2,2,1025.0592876866194,9260.010572583305,0.656225393774312,2,High
45.261982203253396,2528.917710926794,0.8328301566610623,20.479477808213666,434.3046378326653,0.15041408400689182,0.4938765800337931,0,4,2221.9561916060616,19111.393776687528,0.5119257706289564,2,High
26.836056308516167,3216.586549159315,-2.243098006283062,24.17680165781568,310.53841422911967,0.3857282275466473,0.45790997818515133,1,3,3385.9560862025146,5267.931641613454,0.4851189833445121,1,Moderate
48.586308449289625,2498.688616577721,-7.978470152565147,263.1728729981919,334.7260088915409,-0.17913697679585472,0.5852925765649275,1,2,3887.809631054399,1837.8248654101758,0.6810922409088269,2,High
9.219050884904068,2384.049518866544,6.038407845119654,180.41998628274195,375.60164018763993,0.7733797935738849,0.7719593096607621,2,2,150.70258881651145,10819.62949178443,0.5336143371847767,2,High
66.6494310199049,1440.7598975922585,8.30153530557612,132.8032596674137,472.84641093101936,0.6677181188777019,0.3773546148602057,3,3,762.4510803939482,3690.391573447629,0.6531812789169015,2,High
37.73129630848773,104.3670467911248,5.1318786802826,38.02213629422496,99.70336168186299,0.015003804725151948,0.1603636955093174,1,4,3648.9586934462686,8272.534005517833,0.4407438905056466,1,Moderate
33.70123065297315,508.5414797011146,6.448446200325545,263.6064900741201,477.2806517203519,0.8265603603638272,0.8000489168284239,2,3,4065.2771290600813,3743.9588713065455,0.6209811123072061,2,High
43.939859134013936,1917.485452170533,-5.670188654677652,115.56713179832389,359.7792878813489,0.1474237401771451,0.3326906813312108,0,2,1182.8576364289306,17619.397774501496,0.4852176594581507,1,Moderate
46.85878970920518,2395.441611871027,-4.7285409816279795,95.51666522328019,418.00249467039146,0.5614049172181288,0.2868818977933507,1,0,1148.265235030403,6548.9926463800675,0.6399158859739252,2,High
5.383185466988477,1519.3241652479724,-5.829449194016245,234.83491255927834,230.1534706624191,0.7008739498182599,0.7643120384292353,1,3,440.1471973658294,15497.350106834958,0.38466130847412927,1,Moderate
51.19629159175518,2584.3086391965267,5.301268627311281,201.24392133486305,275.16276024904704,0.6150059073608989,0.9341394380831445,2,0,751.4698779850337,18972.067862284628,0.623857809647046,2,High
18.144876023664718,1874.3318041294078,8.95834157868994,130.4678310527886,177.14120080965614,0.8093410624328254,0.9149612820107569,3,1,40.079459411230815,18811.011603541825,0.37471601172635827,1,Moderate
53.54644743799423,352.1990650206615,4.336744134678053,230.93548949001172,588.6149985795729,0.7507022363747795,0.13744242585717859,1,1,2949.1561988894723,10496.021932999629,0.6284192762423095,2,High
61.690109578814756,752.855253291026,7.629335297591119,97.63974733828255,323.35163488067417,0.8940726655007711,0.5031581534692996,1,0,4519.45672044716,19665.10212759998,0.5409919724127734,2,High
60.296888066439024,2955.9939590294057,2.7739818976634503,286.13889417755763,597.8423036881288,0.0008725538337601146,0.09287028372817341,2,0,747.8804976908942,13118.744367528805,0.7054190248638069,2,High
41.437572555591686,2564.7033385230943,-2.2468019888240187,82.55482211075541,319.3822879336965,0.13523798134937004,0.9609759589063998,1,3,3757.2183172052178,2569.778734023929,0.7299319009777765,2,High
39.012741923306336,3142.1907558424828,-1.4847677013938956,57.18157033752563,170.86319541123703,0.499848454174793,0.2152278858768394,3,2,2868.293431612483,17767.53886116475,0.30670634185085494,1,Moderate
10.715697100455879,499.6946470111843,-8.493571356651904,281.67818741959496,329.0988182052712,0.6063519044807422,0.19742957476577472,3,1,4699.609463065862,9373.784835071547,0.3782649423454708,1,Moderate
58.15096128023517,3466.7566176912514,-9.370856095079478,254.84113105125593,71.77756448949279,0.3880655600112802,0.8888856730064795,1,2,3990.6126123512895,3053.8857558786804,0.6568760506718744,2,High
20.35570353350358,811.9828274297743,3.9095120837815482,65.75003125264743,547.6233907820732,-0.1186787986247236,0.9678505551219649,1,4,4263.645113795643,15828.435108185455,0.6480123518009645,2,High
37.25215671134599,140.05157937458284,-1.231422159776388,41.84847096837767,500.2026381569426,0.7257547494804202,0.6976322592952566,1,0,3195.710761862834,12488.06015155209,0.532559226358999,2,High
21.320556969563754,3491.2379927820843,1.0443013610925895,301.82367185520917,449.20128638185656,0.8569617916233994,0.12100503369922488,1,1,4056.68059767935,17642.419432214072,0.3203862787546212,1,Moderate
10.037127224976986,1055.6512105133847,1.1532249524483262,279.5754535908077,385.404693493353,0.24606852820903424,0.48585561054067383,2,1,1754.3475173993045,16546.44926646286,0.44726117435662327,1,Moderate
47.216827266880244,2371.2661385427036,-4.452483733333972,117.81265453187912,368.90882851869975,0.04729372986873065,0.8166050940616038,0,3,1045.0879741860986,6402.208523121968,0.6245692781224762,2,High
4.074902611717787,700.7198681994377,-0.4821497834101862,236.951066956812,598.2005177437046,-0.17875486954170372,0.5724771837082452,3,0,4562.599856164822,5126.29129998742,0.4120965071609896,1,Moderate
56.148392559465,2072.777009477082,-0.5847955666459548,44.69766715721189,202.89858871096587,0.06102893970294382,0.13259485472833465,2,4,3671.6793903621024,14676.57096458989,0.4963444940259431,1,Moderate
23.81900964458375,3173.7189539455017,-2.23145557544286,182.53715725716413,478.82640095106785,0.5699106523222646,0.17188774950322783,3,0,453.51448469045096,11466.257288933028,0.38873000021577875,1,Moderate
0.010101975336399005,1188.6159692566912,6.41350766802141,6.742905141751154,369.7726236175116,0.8027483264400037,0.8641416758348051,0,0,4334.547638757269,1397.4962036626425,0.37594722631754984,1,Moderate
38.334685442792235,2378.8635185508215,-0.9767199262480819,140.97667713175997,586.7342990673869,-0.0971356269250576,0.5270291636874834,2,0,1744.519699892363,3632.7559859091307,0.7088233648249096,2,High
3.5138931395702344,738.8722019146161,2.0728904901197573,26.94341572970583,505.29175081403883,0.40858510587812297,0.7058367737667124,2,1,1491.388952708884,3027.068936206434,0.4931876972099266,1,Moderate
20.71271683656746,2224.304355643666,7.910402407616523,171.0529848564777,599.188812144276,0.5650843733630155,0.3730625262330648,0,1,3116.567836431939,11795.937657159973,0.502291294557177,2,High
53.02323655917871,1243.9311961795345,7.324672457178451,151.80539286704197,373.5787469543455,0.1040189032168955,0.5324855829188415,1,1,2842.9931805323176,1715.2452633510795,0.7753990710310699,3,Critical
4.70172162163994,818.1080791990357,7.808444075583303,159.97860958970017,162.4991766497143,0.42688674308733227,0.9771031403876917,3,0,2691.2836058274415,4154.018737836452,0.4738586654199165,1,Moderate
62.950386926700176,1164.8189723923595,-4.599900070699721,16.319268737277866,327.0278696321036,0.5867732686063503,0.3297030369681381,1,1,1274.3859170101346,10907.52991627216,0.6038714897475239,2,High
0.2864941993937331,708.0596329265178,-9.300350233838744,130.18188286145966,441.111123727816,0.7214911674489146,0.6747885275082744,1,3,4798.868756281099,2661.1361981836535,0.5447101616508718,2,High
18.51179019014267,3166.5147666488015,-4.778664002093416,272.33418567596993,475.89821239987344,0.297749835901979,0.17250555719522975,3,3,4750.604619147666,4965.436315921583,0.44672759626359104,1,Moderate
55.56780421140536,1450.4354134782382,-4.425853087585827,132.80917440730323,50.280493958768965,0.6226429408108567,0.1217398852603333,0,2,20.810949612499186,18135.820676659023,0.3644632098140479,1,Moderate
23.720261229698007,933.949636912849,8.18720653449936,257.46190293944903,327.76489867626174,0.1319612689138347,0.7836401112590298,1,4,1689.1381458385424,13942.350369447708,0.512961476270129,2,High
7.641929104951014,1624.586659454172,2.9848546567594134,133.01234050814398,179.37901898385562,0.0343514214493745,0.8441082099871656,2,1,227.7433203102336,6137.628559464818,0.5370651562102711,2,High
27.017543910032092,1189.822967142085,-8.365920807955424,152.36619893646713,531.2015082901337,0.006045120699734174,0.6683116953494155,2,0,4251.243831549538,17547.10244708562,0.738571799164278,2,High
20.279496478839416,2631.025462965308,-7.292428079777977,203.0011606185358,134.0979942276257,0.19476000500829888,0.15819583754447508,1,0,4432.591191483084,5005.696165399289,0.43718656659266075,1,Moderate
63.203392662041615,3402.147700410681,-6.886477489160492,342.2454972505497,416.55093726615837,-0.16053235003226607,0.2405879656425386,2,0,2591.4914184312192,11781.654206291936,0.7845967868170342,3,Critical
23.501093818885735,1589.3144327719992,2.608434963378464,39.189760792795866,196.33420467870866,0.11129102143177472,0.9111757080951116,2,1,4198.390172303577,7369.88675288496,0.44057575806294214,1,Moderate
59.16993538320054,3027.513559905617,4.708280510140062,11.848956718022524,246.09817876784973,0.5174451068875512,0.2887040487997563,2,3,3516.8015792689594,15042.988187178444,0.6588772037891935,2,High
66.8904108608051,2023.9344501027063,7.192878211307921,218.86458617161625,567.3075934162647,0.5127109518761503,0.8188605161971175,2,3,2497.869714642121,7431.747118758692,0.8255803397476948,3,Critical
32.536306468239715,634.6012613203939,8.81273101612486,341.6749520142335,182.2464689744437,-0.11909081285935964,0.2859372889104016,1,0,1819.056994945137,4977.233453451769,0.6230139801663991,2,High
68.2457357890794,2448.117323076561,-5.9659088522711645,356.30032771969735,102.25151900261187,0.11615717878868215,0.9394625693234345,2,1,1331.1251266327988,12154.092149354203,0.7808244160006467,3,Critical
28.298854047239463,1845.6772902277885,-3.804550305519019,174.29912906112065,88.10669579432421,0.4265134311457139,0.914452912837003,1,2,1297.1456871152598,14906.808834335352,0.47624049656551254,1,Moderate
72.30588123675811,2312.0621790571518,-5.193542385103386,168.50938359063542,327.5383105547042,0.15040735125341315,0.043263173628787954,3,4,2810.3219211879573,10727.273763708945,0.5801331714248513,2,High
6.696714339417969,3124.9372027436607,-2.824768650677245,232.18695746827063,402.9413152563584,0.25978682660776087,0.7704139868674086,0,0,834.0441324517284,14325.765713799223,0.42947157876140934,1,Moderate
51.526444987743204,1597.4775402305568,8.29330214847499,200.02851259378912,230.01150396398796,0.5840918328273406,0.16946176023440707,1,1,873.9593808647794,8440.324107291453,0.4401906623652567,1,Moderate
37.03605303426965,3164.003918939009,1.5022513387872305,228.27170074108253,429.64285798619443,-0.18980648759770696,0.2152716259063815,0,4,51.966701635158266,15908.922901198153,0.5361986477659212,2,High
29.07366040917353,2652.2746485576267,4.763837946489982,314.63979319364194,83.56854521528079,0.1040328984972736,0.4598452123314758,2,4,3066.6402977956186,11700.493590890921,0.3676830887674858,1,Moderate
47.45339090614507,1761.2567479851482,-0.1976152774643598,268.67022101553937,521.5340547075823,-0.04339053183648167,0.5763181497494501,1,0,4971.72092830026,3924.999695693345,0.6603408925026549,2,High
52.78928187257484,2150.9552612370767,-9.42284173327751,178.8758610072464,499.1119653565808,-0.0596298989590591,0.325799718970492,2,0,4446.096877139618,17815.03406200975,0.7771203411523836,3,Critical
0.32724522377318155,1206.975850564639,-8.716090280043714,166.27120524006105,592.0229492656471,0.8549442380919718,0.5753833655542092,3,1,3528.4490221355063,16736.479158588805,0.43944308533093,1,Moderate
12.521481656039905,3444.2308191118323,0.7584606253577153,230.25662946472175,565.0777394960149,0.21421636471865957,0.1706583713411366,1,3,3927.626488832865,19278.24418345642,0.3500195322672411,1,Moderate
53.478453797573906,2368.9939543713463,4.375780696400513,164.0542623913071,245.90844015541046,0.3797974434006039,0.022337654381037075,0,0,2084.26358131873,11380.170327413745,0.40281762859144876,1,Moderate
49.978906018365485,249.07929848854164,-5.69338944942537,164.80056645563033,269.60146120856746,0.607204075776596,0.5712243883617631,3,3,1490.3977745803443,13514.819681944891,0.48909384950998086,1,Moderate
72.4535628846508,1210.5144795432298,4.438191479846081,5.870124643141734,460.28066611304274,-0.14780777765394482,0.5174152599623189,1,0,1843.1414094234178,17271.58472458625,0.7438242236495558,2,High
57.07783426880872,2219.2690747807956,6.213315469670249,62.66308946663103,123.74552457524075,0.06512490241346819,0.6896539640759249,1,1,407.11040865024194,1051.8266418633382,0.67758261312831,2,High
71.30795307985035,291.5331445174153,-1.7620504327577748,175.8649103984711,222.70809063465916,0.7153625660780838,0.6498220619678245,1,2,3168.9759901481625,18244.09266777779,0.5898124986429265,2,High
52.69053761511052,181.2062504850854,4.928384656882098,296.1552452581329,115.19751533660654,0.7481896744956693,0.8974863802339554,1,0,874.3251110633693,5423.268417825815,0.5170607812293656,2,High
22.353915647958235,1630.0824143945288,-1.919400993430802,100.34172242176469,300.1875469900573,0.21024601270488225,0.4594686201615459,1,0,3814.3910558001926,1140.8736338322112,0.5034853377353711,2,High
7.902369168814236,1231.1466109550781,3.5670125891004005,188.15163592721365,353.6023539369247,0.21234775961694508,0.008369474692942025,2,1,949.8823113190635,4752.139736815117,0.4404146654428463,1,Moderate
58.63678975087017,1590.2152673127641,5.27994098639086,124.18635051332359,166.1382584795138,0.6325865648197702,0.6306526815968541,1,3,1140.6201263366827,11727.199267432208,0.5720009615083319,2,High
48.31119161069369,993.1572535920176,9.838532366162216,37.72943623425205,64.64742780275775,0.1245772494248561,0.6751324296032184,2,0,4786.5281968808395,956.9399748341478,0.7480924034653037,2,High
3.613950929497217,660.0403396061351,-3.0920667587280786,344.98745390566825,445.6457074627877,-0.07119651074600211,0.5214949893959697,1,1,526.9795601186378,15.295326449962232,0.5320840311540265,2,High
27.003784942573375,2443.087413733148,-1.7791843885077707,307.6825932901086,61.00284043439268,0.08328899526464179,0.6893048702412157,1,2,2494.212696230149,12787.25346264817,0.4616072575512515,1,Moderate
71.75998616132146,1849.5417953105216,-6.6875988117965735,28.257272808086306,585.3714349105959,0.2260792047993524,0.3235838132361527,1,1,313.432537007986,9067.746948754024,0.8348914182523228,3,Critical
37.530085928265095,780.5243182478472,-5.918538831963862,259.12341448858245,171.8839912083175,-0.1425748194453919,0.14880830319107918,3,3,451.9549604110318,16886.605020305382,0.4662436120789887,1,Moderate
32.45468520147785,1186.6040492839943,3.8679000519675544,125.12876556870008,415.1450506639601,0.32654827962019234,0.6645536639564066,1,1,3167.5018106921348,5150.945737172321,0.5561013091747388,2,High
34.32747038694705,2112.146886055308,8.340911803089522,358.1459305422453,289.113449431994,0.6140082640500564,0.2451864292155287,0,1,3153.6363152929275,5614.152086502972,0.5058440463081778,2,High
15.66620430038728,345.57978412642467,-2.1079009667751887,108.86346713843197,82.82062318540896,0.3651196589285078,0.45631590928420485,1,1,965.6014066207957,1550.9280781833313,0.34758630316420824,1,Moderate
27.65303781485964,601.3402315050105,-6.403111063289176,85.94584033053597,309.7009836489571,-0.12091512543404234,0.49162273061164863,0,2,4362.432576291963,10770.233598558845,0.4739054717568598,1,Moderate
27.735994199038245,349.0350539651264,-4.298010012340119,204.44059738994588,334.2183488632398,0.2841645944805544,0.47719955046838847,0,0,3510.9349784148867,7318.087797875474,0.4384052355109025,1,Moderate
3.92662651406043,2861.878931228004,-0.8989659038372277,300.64541880355347,520.0757644510777,0.5797950688471161,0.5984491436799558,1,3,1503.052914355823,6794.156969714513,0.4835190945609697,1,Moderate
57.56757213884387,2658.1913929208313,-4.186993412692632,69.30679385512728,452.79198830634385,-0.13609368061079108,0.029453708925858857,1,0,1241.9327900446408,9152.65348436227,0.6554998667394792,2,High
31.237832392790924,2661.263968389474,-5.328418337562675,255.38499709895925,93.61636111436249,-0.13416809130042262,0.9896824949300881,3,1,3771.4262656541437,16993.74753577408,0.5436086393135274,2,High
61.66349151123175,2535.506167818495,4.719689775141591,22.106369930803808,165.0394758877458,0.20766154349908095,0.7163104739385713,0,1,3668.119620663019,2103.771917312587,0.6437454912509546,2,High
63.776100083992155,2375.9104404775553,-9.843101575187536,330.816507519779,221.53822631822126,0.014460360536079991,0.4253877817987627,2,0,744.1595576571885,10471.872550403255,0.7109597573809323,2,High
15.899554102399355,1721.7725122857948,0.7846105467296631,29.18696981302756,114.02422755565071,0.8282588704392626,0.1913300302902443,1,0,1745.9392433513415,3928.70007389567,0.2827268035829944,1,Moderate
49.301511162759645,2283.7457559241907,5.875336140595078,329.1232954838985,301.29448900296984,0.4394779641137175,0.08017732244335629,1,0,1083.3862332922033,4247.823947124991,0.5514947873105703,2,High
35.421135312223626,230.4292862791138,-4.675434273650636,176.69060980297303,591.3700549743945,0.11605793934648584,0.6721904206261219,3,0,1470.720980429366,5134.70424077866,0.6233630738949038,2,High
66.01175534411138,2212.9790370330675,2.0658302122403462,161.31280060653114,333.0370351807689,0.5752544020264458,0.3169556149585583,2,3,1437.8198124743612,9188.033854541229,0.5678337846136591,2,High
16.18055093823406,2744.7841988253826,3.3780021123723554,350.3905486201356,458.03519257774315,0.21242195649526174,0.229478458249868,2,3,4880.1184998164845,9888.000986149116,0.47359158527491585,1,Moderate
50.835990023253316,1801.2184253069267,3.1004939281018,356.53830397135886,425.6157887346404,-0.05467279118308899,0.3799543871123334,2,0,3751.0568655528427,17430.22523263108,0.6632394239829748,2,High
45.581409168954195,1315.5453166526056,-1.0830073160256468,234.06412534596433,517.4512893006759,0.06095545282793846,0.5929230878077101,3,0,3900.2602446793753,17842.242812755332,0.557955035072994,2,High
22.147610817887458,1043.250898323329,-3.0684402424844155,45.76294506853746,168.6479197560852,0.5070220129053133,0.6717052166840012,2,3,1387.1158263281059,11733.284060881635,0.5335256913371331,2,High
10.245067773837945,2285.5269705510805,6.718481460556269,182.2212308358729,464.6044439311655,-0.1429362834033092,0.6451700693545301,0,0,2.6354252318422366,5628.083113077322,0.5586176472723284,2,High
48.872982035795744,2455.5240753416897,5.168919139997286,190.49871634403848,534.7453821681622,0.09995794405287012,0.8632655834919736,0,4,290.78502460994747,16368.73981819139,0.6820746953371368,2,High
55.3948093599248,3061.2898395326447,-3.57489653172175,185.2007141287115,144.33040263913352,0.029142625406392092,0.21875743107011525,2,0,2764.9988332839785,15857.639870729621,0.5184326638458305,2,High
23.67205078225125,1263.9358803673686,-7.939616111155878,205.0170618672035,240.74122088340206,0.02124862174418521,0.6367461631971355,2,2,1427.4056944919323,15959.068653999397,0.5826120081425711,2,High
48.36244530167353,2717.225845110991,-8.563849091090617,6.740896965980641,583.5559703823589,0.5510386531735683,0.10111437618609409,2,1,964.7730032409419,327.35167004738884,0.636919101943856,2,High
29.634818070862746,2008.609802243749,-8.114480442021279,256.04182132938087,479.43331528888586,0.7083986084298011,0.5479346898991778,0,0,248.20460808159362,15077.277160135993,0.5144769510106216,2,High
53.49051624619633,3101.644068305469,1.657387223840857,256.4619487030757,205.4249578956428,0.5874532688706846,0.5839584024896712,3,0,4379.408697148689,17054.389142618293,0.44743303303085813,1,Moderate
14.941145617053984,1894.5611682051106,-8.966756483420205,41.569119064039654,360.1679733044678,0.5103005973805634,0.21623729893417365,2,2,3000.636735289879,12100.658766199336,0.46544504056742647,1,Moderate
66.76612519771308,1859.9414165530886,-3.261462500719232,205.28619928048826,272.3793675672133,0.8080969489996506,0.39169312999123684,2,0,536.8660722412866,15024.883958764074,0.5987574317584194,2,High
21.55571973491848,2064.782076899091,5.063994038284587,204.61002567687885,319.4808469799214,-0.13576838153327347,0.8271928895838024,0,1,3832.020080482968,15523.404136578389,0.47072581109949513,1,Moderate
27.583949081711467,2647.672207484277,-4.113036669692438,245.68215126854406,245.34140526488966,-0.0157686054261352,0.14840905375296343,3,0,3779.127955383995,10131.66811435378,0.34656065780522005,1,Moderate
4.356896406026234,3379.9476280167673,5.266161543602596,30.74316916862919,203.63206019168732,0.2558475412375854,0.4345061976158402,2,1,1447.0182050762792,16272.414324306377,0.34280584535020675,1,Moderate
8.36341592409573,350.11540433360324,4.909340764141106,225.5411906157947,421.1196727652803,0.20969680785425454,0.9327330712114519,2,1,942.134457783722,15845.819470021519,0.5817511954981123,2,High
38.68964270342461,281.67764812945836,-5.083457347335674,101.07070226868282,478.1979982973646,0.2598567632593247,0.5041089276996009,3,1,4069.9093806968813,18322.087139266703,0.5552542558587376,2,High
20.069450754597863,3287.6711471849508,4.576443601854908,182.5210765786219,530.6764175110396,0.02710039554697663,0.725133711833287,3,0,1647.8236632556782,18427.472642374036,0.519229300913479,2,High
62.66101693066458,1901.5771267619007,4.955532765442015,278.3964789734676,135.43148202500342,-0.03554635286174884,0.8268660395555509,1,1,4237.140405404784,10594.291660239618,0.7346625616092679,2,High
1.1020041491215382,2190.6702495275827,-2.0509214866594627,254.0325370906848,502.57053800488234,0.3601125722037209,0.20377437484549243,3,2,218.258065238921,629.8768015107514,0.43209316591380004,1,Moderate
28.432053650395215,1740.240245422078,-5.7915903251696355,42.80508636407762,190.14045346238495,0.8208577764756733,0.21821723553293237,2,4,2496.44474455775,382.13812897494705,0.48448889198581696,1,Moderate
25.300916007681952,418.43533886541326,0.42541613783738264,212.82652336178637,285.03501445052785,0.23116640858490878,0.7585914560983835,0,2,897.9764069980995,18778.53403212457,0.39559765743014874,1,Moderate
1.4495723188200778,2711.5038866234663,8.427951760003928,348.8819511386659,545.7940272170856,-0.15231146446851912,0.7533067381764009,1,0,3360.2240661406795,6747.221717901586,0.6310590317283541,2,High
9.327629925038266,2640.5637933011953,2.792334648641239,56.43699744060081,299.9769805404311,0.5767840771784771,0.060183320639619065,1,0,4986.068807345235,7550.664061166876,0.3281916160639408,1,Moderate
31.023200618897643,1159.7912930755608,-6.541550047454776,307.04655158114934,158.3849437243739,0.12021539607989246,0.32249824069496436,2,0,2062.5551601346724,9398.160588040308,0.4737892227322026,1,Moderate
36.9648438335585,1141.2134337765613,3.655138494670398,252.9173089993597,137.92776038041478,0.06960450803538132,0.398532491908438,2,0,501.55273445978645,5315.97994402408,0.5231258693111573,2,High
30.321731044115182,2948.660695078763,-1.4559394543633086,278.6411926475135,310.1410716586736,0.15668380076775829,0.8290404034711537,1,0,1588.3655973643417,11808.28389623428,0.49213609698576133,1,Moderate
39.820325880907035,346.0146763205105,1.8305759471074605,101.50499777135236,469.46983318710477,0.5961970762986639,0.42186225542973743,2,0,4457.53249782541,15692.407831925015,0.5206126746181112,2,High
44.63487561792611,3095.7575044123237,4.681280700462159,103.64001457674328,598.4628291858656,0.7007013255573347,0.9259288904032438,2,0,3828.805120519606,5146.832740815883,0.6905156145674791,2,High
0.7442865845876723,972.6497456461091,0.2989470302888968,326.16700407953573,483.07474563699606,0.4468616740728601,0.9966077771406401,2,0,1161.0583094612869,14861.225155417955,0.5274465141069108,2,High
34.807136959012794,2116.148142368679,6.279679491466172,129.53953155332113,532.3565774185695,0.15472662909150675,0.7807261656943496,3,0,4767.993596826627,13440.382865171006,0.6186760653220404,2,High
72.26244306656912,3282.380208606044,4.443111586332556,22.685540649411774,461.3077985141884,0.141526056429006,0.6663866895672574,2,0,3110.9396734655247,10511.669256113257,0.7597145329901833,3,Critical
38.927421009716156,2405.616505224598,2.301466800370214,216.21481328860202,542.4893054158583,-0.06326081510399068,0.39189716598712276,1,0,840.2470015876185,6508.841940920682,0.6479758697003755,2,High
50.815670059421485,1509.0613623879244,-6.98414368335297,44.93436085506336,91.96144882265229,0.826631153058714,0.06703944605203338,2,2,2861.6107122311964,17455.489192898403,0.4261483680616997,1,Moderate
23.38978934376624,2444.4163102784114,6.718982218231368,286.77464690684695,561.462379439905,0.5019533388657016,0.5731387563961305,3,0,2256.3843383199696,8055.921434240525,0.5840651154045607,2,High
58.04935336145719,1269.5307634756587,8.718111706396321,231.02871930038066,268.02338454911086,-0.17032791815854958,0.36170490554399093,0,0,4098.48837386782,7493.261364484527,0.641679016508994,2,High
57.969111140708634,1042.6786155872328,-7.260697523814104,314.901541879635,556.8878228042445,0.5286038047053487,0.35089807583234356,3,0,1720.8001480595597,12827.417028755377,0.5729821626771595,2,High
39.09720357406042,3488.723144977911,-0.2351774113313887,282.5414099217487,91.65306060271156,0.2918687666128587,0.6877092527094356,0,1,4374.891599184732,18406.63315398337,0.37849780248734444,1,Moderate
73.20103674594102,2652.6867860112784,-4.822225160589911,40.360913401750615,443.38362641662474,0.8698137593516115,0.46363935859663574,1,3,4059.851932191556,10160.358374414083,0.6098919685130586,2,High
9.416266107199004,2292.04792309818,5.090466148511293,137.185443516392,454.6288117686125,0.7009757072870477,0.75209384477145,2,0,3373.0172557999995,14453.81327108861,0.5145802065951646,2,High
1.2710748667185745,1307.984786945684,4.432592720094,278.84168996925143,598.300989113775,-0.011552670783921998,0.39817322268537914,2,1,1293.0361117308669,9137.660497920167,0.5822565764760929,2,High
57.7618658817822,267.1468191271637,-7.182297588592026,150.24293037587728,472.87039887939756,0.592122230762353,0.15086338548656264,2,2,4851.64788139889,4376.1530201367505,0.602470807446116,2,High
60.53666530236619,205.5933785195291,7.540545425232743,350.0515745207922,260.4155381985837,0.33412260421878975,0.46134752619024655,1,1,2743.333901510768,2479.046525167641,0.6414095675311021,2,High
9.015542184043218,1984.216268525916,-6.380538720439954,264.8665619616417,356.4867033902,0.005749680036921001,0.9510125143253633,2,3,4537.569891815146,2726.5287299875827,0.6545794738634455,2,High
19.918712471895457,2690.911251532774,5.94518051296215,5.579970008515569,251.60301599162463,0.568613898062944,0.8015246291165583,2,3,1078.6494962509807,426.5143172103159,0.4806143594659339,1,Moderate
1.316427252497168,1927.0892475091073,-0.8603928074399025,316.7948489619011,157.81025491767195,0.40212633656367,0.20574925507336672,1,0,4916.891510427793,11058.045541762205,0.2292982320210745,0,Low
21.99814580854235,2958.6692445929893,-3.434554128836975,36.289722552680736,186.67628012625045,-0.16658873335127247,0.3913005016449427,2,0,4080.296144723826,2622.1195874800896,0.5138617850509264,2,High
57.98564054390036,213.65021251695356,-6.83521474651573,50.588540704830905,172.10579385087652,0.5112467455817085,0.9277920952205377,2,2,4746.134417135573,17313.966818821886,0.6841358773455234,2,High
38.84703957844342,1346.9570598481964,-6.647714877067412,264.41726421997834,351.84843158976713,0.49848579884868477,0.1236990587265665,1,4,1061.8286613749367,19657.95049336024,0.4775437093492465,1,Moderate
26.107169487621608,906.0393299922054,3.2378110940180065,311.3886813949729,548.3883489925413,-0.04150632284339112,0.253950241864936,1,3,2153.29039291274,9917.374535621506,0.5806210326379727,2,High
27.88044711797477,1620.728091734215,1.0086077589424107,193.08586604384016,551.9996443486186,0.18388649969636223,0.26222264587189636,0,0,488.1696091680382,8993.478919002655,0.5171565019221167,2,High
0.10152192866011156,346.0797368600164,-7.558291566975345,104.05790386048051,80.12007763920403,0.444488867826144,0.5709328756619835,2,0,684.8480327956053,6961.449508143458,0.3594798243377303,1,Moderate
22.485039567392693,3344.0475813416465,-7.746042791233496,126.4735962911432,93.94467052354143,-0.04733868448259712,0.41073331971132276,0,2,1419.7933179350075,12760.538910187062,0.470641656503175,1,Moderate
48.48440562284479,859.0683636358272,-8.55378850454417,123.44015865458016,184.81548144478893,0.7379957156182322,0.07987067399629988,1,1,4758.128302366283,12160.541840294341,0.42275585577308006,1,Moderate
73.06458328622678,3235.846436644188,4.875346947470883,117.60411737142441,190.2826988582112,-0.16976534908352583,0.6291814545770856,1,1,3335.9584055998866,6867.6424185450815,0.6008692518023769,2,High
63.529562023792465,1548.036727124718,4.2376417045857835,87.44748185579392,102.18904638158811,-0.08687884353370956,0.09907786452015022,0,1,1573.1615353344425,6863.333034730063,0.44958865338351145,1,Moderate
1.7696223484146845,3450.7820530677413,-8.831380182908497,219.1921540665239,263.65483764539226,-0.07228238815962751,0.6064149319790781,1,0,4772.866594189874,12896.076666331992,0.44399305045052606,1,Moderate
67.39204535061295,1983.7985037647165,1.2054015119394599,324.1459146834242,373.24896598020797,0.38091783857256073,0.5070083802260258,1,3,3698.6570330854915,11090.923644607534,0.6195071659690116,2,High
58.739880997396945,3264.8317381977454,-8.306476895146202,110.54966871000282,367.98921032970503,0.4821254133854878,0.49366866072531257,1,3,4534.895066221557,14371.108554767365,0.6081587060991317,2,High
58.52820926782353,118.18656156035767,8.074915412178832,67.20994708610834,348.88632469222597,0.24411487615163519,0.06749624529922982,1,1,4636.103969195491,18827.84699008321,0.5708312618006834,2,High
34.34968192526786,2644.0119410150605,8.142348383602648,301.88795989371295,236.26955868812345,0.11753351043498284,0.6392204468835359,3,1,3753.8487495604077,15591.831219993346,0.5588694585388819,2,High
29.850396971587713,3170.3722205485524,3.964659796262602,267.04199912029316,438.55062692411934,0.6902491131881132,0.43132025858933076,0,2,1215.66714895793,6086.914160674155,0.48983246325657287,1,Moderate
22.718679662489446,575.0499277284439,8.523778428789,335.10133136156776,504.56616753958923,-0.12488541790093785,0.41110612228568655,3,0,4982.94477559487,15182.448677013545,0.57421156649986,2,High
4.927114421577433,426.8278958893151,6.229060608273812,59.58710481776747,240.45084656257464,0.10832104724607089,0.5964513964185367,2,0,1625.4542003081824,9000.490546244251,0.423633609476739,1,Moderate
17.117652262027434,1543.5468644322489,6.570771518540987,51.93047308197295,97.0444476147041,-0.15697286331563218,0.6062480599465474,0,0,3358.5287478385926,15553.127813753861,0.3848055108067023,1,Moderate
18.49527262335185,3274.5082808519796,1.394157011398665,194.91458194979882,212.98163810052108,-0.1847208515371052,0.01503329576198853,1,3,4224.058474789004,17731.425411009506,0.3728095456691954,1,Moderate
36.30578022826512,1944.1143046474917,-3.8788160356764827,221.1961157406343,125.55276001619653,0.18871787562542136,0.12522590120320665,3,0,875.7549721232816,4998.786982598044,0.4048413947807642,1,Moderate
56.05833049475205,1893.3519766538893,-5.644017697671568,172.86243906945225,307.04729997494945,0.014306028689425182,0.23651822084472063,2,0,3045.208399724043,4772.900230599131,0.678159028264911,2,High
35.535737129846,579.8288022176944,-3.455999559221416,215.62798907659518,135.76433322384304,0.09520244032207092,0.6779773333459791,0,1,1875.8638846412896,8652.498165482906,0.5014872902988019,2,High
4.3383337085370455,102.68433771694387,2.5699086017812416,64.93671679502569,304.56461671188754,0.7030418732004651,0.5767411270296074,1,0,1221.4453481958183,1030.677472960335,0.38868135597264175,1,Moderate
71.83423507411528,2854.476308534568,-6.546869283352022,172.66095149907002,171.55159077855626,-0.020721894125856483,0.7576291323847537,1,0,58.859063781560025,13713.718785538134,0.7578905487432711,3,Critical
70.70432393205841,397.75351415320995,-4.827195267253568,236.91332193828043,456.3021080043216,0.6582567038669811,0.740607805543857,2,1,4359.870318989857,14994.021591467219,0.7150605432141368,2,High
58.88921573613063,2255.0893837001017,-0.6387827440907117,155.77432172953334,65.1625324597151,0.5425556854609999,0.8531828692061507,3,1,679.4077361342771,6908.6001060378185,0.479166066309631,1,Moderate
74.34959261731655,3209.695945351651,-5.338998029507689,244.60104089397524,355.1104671075591,0.159090077654916,0.3768148612724139,0,1,4390.585803424272,9305.705061934517,0.595925011977868,2,High
40.83617496001972,809.4165047386655,1.7728733943212323,162.42886099938227,143.21855120603118,0.4012117596939166,0.34506386618330276,1,2,3003.4529940422403,11807.131742504573,0.4555247785626875,1,Moderate
72.20762626899045,2361.9276432054967,8.463520569126597,120.0958491032198,50.54552545829489,0.2888791707519927,0.8310154030534632,1,2,3105.277772575206,1471.956920310009,0.6711975518155624,2,High
5.6703780462563085,367.57516080553216,4.96178731406253,109.29781695135324,528.0600484356439,-0.058765152952568095,0.23760153386718452,3,1,4143.258971287725,14225.950677309183,0.4807619816273424,1,Moderate
27.426056119602848,2152.7674890478843,3.3285322829782604,147.92474123589167,419.3402832977372,0.7979038539075933,0.461172373673607,2,1,2547.205733373903,10534.033414980899,0.5085470287296723,2,High
16.903595100507438,657.3678512408893,1.6544295196755758,8.312264165592298,104.41855212778788,0.42657976434433614,0.19432565202224972,3,0,1786.422840671711,12485.245644454448,0.24489519765649384,0,Low
14.687481310070252,2602.2421057516053,-0.24104181485870235,240.66904984060093,415.23980222612056,0.7682640503750005,0.9138407421392136,1,1,694.0334199626013,14476.611617017663,0.39648758015453955,1,Moderate
10.560221166950706,1124.186402299288,-6.268722807306806,304.23803075289425,386.4060330056792,0.7062091629946194,0.40780301309662537,2,0,2852.0769060405605,13511.174815463111,0.46831356542470215,1,Moderate
46.68102311744975,1675.5294299357972,7.894209108537311,127.66575399952269,310.3461778737618,-0.11224648215963444,0.21248689823082834,1,0,2765.8352712553947,1906.431773712638,0.6175961659368384,2,High
58.59913918104788,2138.0638428939137,-5.029279959743274,16.571929011018682,280.5919541340877,0.0279977326202977,0.692013390568912,3,0,1469.482428336429,15651.841522315892,0.6250943272296889,2,High
43.37237995652705,682.3295962652146,-8.173822448436784,355.23921505880077,537.8883696036542,-0.04021277418768612,0.24464467821047864,1,0,3000.2846282674063,12200.931636674726,0.6703685945524545,2,High
11.022203219115726,2621.568583299911,5.000303584573905,94.9313719623841,184.8314109435982,0.7138574860656106,0.9435036031702234,2,1,2196.8344298418147,14297.616840141007,0.44642996348863345,1,Moderate
60.83428274501032,1128.9771581651694,-6.487689313376672,45.583603808678276,269.0705313573608,0.7486912891007227,0.36761701480941145,1,1,4027.6507695673545,5230.034500241767,0.5429043900946056,2,High
47.69660303727964,2352.064323703362,-2.56208000917648,133.11090287029006,231.013477092155,0.3807686607892025,0.6646407121018371,2,0,2797.431288132557,4428.544383685151,0.6252576013672888,2,High
29.112427959524663,638.1623723778704,-9.434301434180405,265.8805346280804,474.16056597014847,-0.08540412024119239,0.3452449311574134,1,4,4668.3929317341435,16521.845557215725,0.6152863672200954,2,High
50.55977216520472,2439.600041301591,-7.258641149191039,105.80997488060365,554.0559184278967,-0.05082171960268217,0.8072455829934737,0,1,2589.9148419248913,7807.783698057205,0.7582444519103939,3,Critical
19.492873443212464,535.8394475555699,-6.5359273848017585,206.89315341101562,517.3799343071267,0.6949036936820943,0.8969227410227758,1,3,4437.476515786181,11506.934448101565,0.5827865971112058,2,High
25.889415637065788,1546.2120873179442,-8.911797444996441,149.6015979973712,488.73716166487264,0.8221091501822635,0.7879183594147862,2,1,2602.6256900705107,11031.909447324335,0.634151357687202,2,High
68.81143823489927,940.5006507121811,3.133139132456904,42.395037219582655,592.7344700635456,0.019423253621722397,0.84849901872752,0,0,2790.1740182016656,11703.336449060378,0.7664173584184933,3,Critical
21.78783792535653,2644.4758480558207,6.740155916062346,118.90332449715969,433.4295027257118,-0.18774866588060965,0.10188082793763598,0,4,1834.0399772779338,1390.128549329883,0.49739834928902876,1,Moderate
35.249120111845244,990.9190153233735,-2.533691872681181,260.953382057064,463.07958516744355,0.1640481956658557,0.9240646770330664,1,3,2000.845617302811,6049.472912331713,0.7357290826475034,2,High
66.7605853047011,3097.838841744347,7.4915295343640125,220.32140303932044,590.5413968377604,-0.16645067138733052,0.6243007288752803,1,1,4665.507436458061,1329.6107897283528,0.9124886470123209,3,Critical
53.07910127006456,3132.1887187824836,-5.733068508797469,43.12021675808196,53.84493196954575,0.7107724076858419,0.8692175321661997,1,0,1116.4120099026875,9603.219505373085,0.5298951491081931,2,High
4.665241962352706,767.9004717574719,-3.4921915287752103,58.79606749715108,398.7266070400008,0.3406634829488768,0.6844367641854154,1,0,607.2886083641249,18041.973608139782,0.44227278602919196,1,Moderate
11.047728320922776,2187.0762130262624,-6.985260139376632,230.66400935068037,456.43434257430926,0.5060468566393219,0.2018476685437104,0,3,4151.054559019704,7783.523666285581,0.3671405138088487,1,Moderate
0.5881193078937613,398.2399818478787,2.4111839083799715,292.8295491555128,554.8048795664572,0.2526333637501964,0.6095551016456765,0,0,2884.5539987243983,15648.99507861281,0.39402010395337805,1,Moderate
47.31913426718725,1431.2261386455393,-1.6026081825938636,125.81081854494093,536.1143673013885,0.1800583017137301,0.09094623972314098,2,1,1423.2365723073638,5744.927178700603,0.5764546662274913,2,High
33.575506905781374,2525.2938803043257,2.265666936837974,214.31187066364205,513.0783746785869,0.04442045438369335,0.6957230302181586,0,1,2162.001101448465,17125.315440736114,0.5748577483264605,2,High
10.070613817670665,2342.039039289715,5.233498107883673,61.4316919507579,570.185199567937,0.6475858017419602,0.4090011410805727,2,0,2624.5261338863343,8390.062177489284,0.521333153418112,2,High
71.84505907925778,2223.982275982467,0.9140603206589688,112.09548128591659,345.55855335253915,0.5651023428570823,0.15173317310020895,1,2,2960.7012841821734,7104.348313017943,0.6246164701303139,2,High
39.72447929592149,1060.6389364523081,2.5526070980357574,7.297274042298936,53.80605257165472,0.19680188294569478,0.9792298158684141,3,2,4105.255114692368,13949.592090755918,0.46715347922029493,1,Moderate
18.14199705846669,1385.2848280769667,8.705006287886658,276.5793412078281,56.07991928335524,0.15322774772910125,0.9010844242106811,0,0,1971.7616372800771,10255.14564511565,0.487511740309821,1,Moderate
37.54526783660307,450.016891980973,-4.018713807823138,144.36353511826803,349.55148058982195,-0.1986328334864531,0.8935437134032538,2,1,3382.5155661321583,6746.4008947036455,0.7252469123662835,2,High
50.971524955133084,2544.677589474243,-2.8167212273209374,293.8052065154234,289.3997313751677,-0.13009265694998032,0.7888203063522529,1,3,4173.8348688207025,1161.8445895495322,0.7785215505572728,3,Critical
5.717941348017336,1813.22190909033,4.354067234186738,255.01427856818145,298.1847793509967,0.4855810773818983,0.6919811251435176,0,1,4218.867279790145,3332.786476331997,0.4673581770767326,1,Moderate
20.602786128591898,2509.8031499752256,2.2261103411077343,298.3479356622517,270.22260546552036,0.3660680412590079,0.6550794802922452,1,1,1271.226025182121,15446.474342531728,0.48757295589375343,1,Moderate
60.522411816299524,946.4079843093674,-6.429341909205704,102.8371210498378,554.7491950001796,0.2782835249335248,0.10609383770385528,1,1,1750.8652212506154,18414.63415124014,0.6655025891720114,2,High
34.474865280199595,1203.089977359225,-2.4770537997901965,66.6391429540243,247.54369314338444,0.7102524648818245,0.9005662353184541,1,0,2974.5301713110716,3376.7656955065586,0.48670244922891626,1,Moderate
40.99328565242212,1236.3321466843897,-0.6432397375057004,349.8860457546014,520.9248179696958,0.3542880248431313,0.8811283963046104,1,4,4428.861956234731,11388.824430164115,0.6413519986527084,2,High
32.461200165710196,187.5241931405351,-1.612203240632212,258.238003334713,546.5756365854024,0.22294293954805194,0.7478526265248534,3,1,3952.2304334594783,683.4738787850703,0.7023279558487292,2,High
3.292495698225384,1259.56276762412,-6.434503833559184,300.25521645360135,324.72597349942515,-0.022618017722516537,0.9273149590751225,1,0,2919.814507081108,5816.869144995573,0.5441661979090536,2,High
12.431233486511694,2831.235549961314,8.488601835685245,4.728014535576142,295.8159205507986,0.7027568090360812,0.553083451397992,1,2,4918.66815311922,8975.759180409032,0.3946395926139632,1,Moderate
33.41562290564182,3150.814885549111,5.246375233879517,127.60618330651917,468.5613323184958,0.4338730751333066,0.4476423347175553,2,1,2194.936147117208,14717.55734597619,0.5875069749658741,2,High
15.688909905594587,1861.9422731621535,-0.3728833578429551,267.4140086078394,439.3843292019353,-0.09829403748496698,0.9679474021662787,2,0,4212.252855931234,882.1570693963698,0.5945499205199926,2,High
3.7484271494759054,1648.7057637453488,3.601220566136732,28.073819876393994,230.69431412791326,0.5137882377967835,0.46413118779765605,0,3,4092.1018998647314,15624.613020056322,0.25000851870860313,1,Moderate
63.27372480388678,204.80370357785887,7.945653442710437,204.24237464481683,106.40146925855561,0.26757782003725095,0.6413244410671577,2,0,4540.191558351409,4052.955286106381,0.6938987943152397,2,High
73.58943968730868,3089.294747790301,-7.276517152768576,154.46619628380117,195.6688201003642,0.6925248459467954,0.37306214685843897,1,1,4938.3917751260615,15190.635420898418,0.6109142864476756,2,High
59.485715549755454,144.23472564796725,-4.992538985860446,6.3419425707986266,122.06567819676444,0.8108060566955959,0.6363262260197279,0,1,2478.4834878991446,12509.416235719595,0.45724022608891457,1,Moderate
64.03386912785002,3312.15027271472,0.8540249451329007,84.9512077630025,212.10275167718027,0.46051239449387066,0.7200989956256877,1,0,978.1482435169636,6791.516738486045,0.579479635879068,2,High
18.148284773778403,1763.3352455395082,5.980207427047173,102.52511606401711,194.00186106943949,0.6047741012447032,0.6246555252885504,0,3,2304.476784140756,14475.02961582348,0.3106053969013403,1,Moderate
72.04702316348998,1262.5772781540704,-9.274902091169452,40.269580684676086,400.74128313769245,-0.1377500676376177,0.5145629412161977,1,2,4269.42438492716,4726.4516762784515,0.7952128437536561,3,Critical
14.769427834007129,3242.342678465044,9.680363003927212,227.35328750735775,574.9728156501288,0.416281000501273,0.30011079762523285,1,2,4180.533171277157,4394.559180317583,0.4683446902922678,1,Moderate
71.35723577713742,182.9293765743289,-0.901867942352057,87.26323545068004,427.159052781766,0.6308739761910216,0.6438456761362233,1,1,1679.8495379340484,1234.8951634903171,0.6822317582374053,2,High
74.61144704744633,2076.8446425548964,-2.81537718756554,99.94301986297981,559.6571744355133,0.3464383644259141,0.9084288952613628,2,3,236.53403479336865,7861.543476482018,0.8548093736729244,3,Critical
53.379210430953655,1966.3705832977478,-4.145511243204563,323.3658953520531,481.2727422346439,0.45290509845477095,0.006912591169667359,2,0,2549.210489131218,1954.132622053646,0.5557805183735436,2,High
73.58577988438664,845.689364118699,-6.512865846982567,168.1643133695302,450.33269213914525,0.7888430041391488,0.13392902742969037,2,1,2370.5046453940604,8390.018107192911,0.6381066173369422,2,High
42.71548346753278,1558.217266590716,5.831478178600557,141.16613290893804,277.73406711733776,0.017909529234319377,0.1197731584998557,2,3,428.81988888565814,196.07152154121454,0.5931768850911462,2,High
19.465633738206776,2317.6976202088185,9.108283294921932,260.5935737932982,228.63697657485275,-0.09192884169289693,0.9232053028928541,3,0,3974.449778617974,3101.6669431555542,0.5558958926573101,2,High
32.77469142492156,2572.2460693985536,-1.7271049030920356,327.46096687784836,515.4525548601056,0.559707974453451,0.6627476889626147,3,0,1417.9513696927554,18647.438813843994,0.48889392616137595,1,Moderate
44.517070153408945,102.43731960237126,9.048413895069125,9.01308104547978,547.966278110953,0.7051337960746886,0.9517881064701506,3,4,3228.7604608705697,15911.236323408237,0.6611970428891004,2,High
5.481117152026124,3285.301662309452,6.475952308700684,161.36598475994273,298.53537150801264,0.73553920744082,0.5828132732124283,0,4,507.43931327499826,4723.271814710899,0.3037131799292537,1,Moderate
46.675744846293455,659.3862661355621,-0.3789774504736343,219.881288188061,54.984704002654425,0.5058089468003424,0.4617328971592537,1,2,4303.515864548014,14365.840141426974,0.43480803574638976,1,Moderate
73.58833775717208,894.1734763560213,3.480523582522654,114.68271532535626,485.8920823985587,0.7165347599878837,0.7923429118143624,1,1,3696.372515775816,13369.635821508735,0.7018167056186592,2,High
14.258073733779572,995.809715359084,-1.300316416590741,278.066779964367,206.7878622597604,0.5707306262956193,0.16094226747522455,1,1,1942.1135448933285,3538.512280876105,0.2971997061129121,1,Moderate
59.44463372162875,228.58846427692006,1.1744681642510475,349.7317452972986,55.43832575930641,-0.10388539250253018,0.3813381163173214,0,0,3147.4447466161732,7421.1705402149855,0.43267466305976676,1,Moderate
68.09240953347145,518.3772202071048,-8.839073259629924,339.63385185010196,492.74370743686717,0.638247858673487,0.4662742405342237,1,1,937.2694634278739,18274.114851232738,0.6687839881966481,2,High
70.77761946151657,3453.589738010151,3.925269506010663,95.75371417677907,334.577803849294,-0.002704341494637358,0.2984583945121182,3,1,4927.112454794726,14774.357664113008,0.639848720275601,2,High
72.01017033040854,1171.7369070827726,-8.943507110317267,81.48178023749496,426.86591048615804,0.06027027685007008,0.37128561240847846,1,0,3980.540210468593,15206.983926129848,0.7339816308850047,2,High
39.1094729041104,492.02370715276777,6.341698938392991,344.69659116763955,553.0794016294626,0.2341156896985313,0.07810518692441826,1,1,3944.700015345135,11277.72067469258,0.5771959845448249,2,High
73.29809309936277,463.7702879937193,6.49893858921115,165.1062554753277,347.64560657595797,0.14602377295897062,0.19798358944955796,0,1,766.9010878893806,13310.795974702121,0.616011378616663,2,High
56.79826553508291,2546.1638900779044,-5.258454248875708,74.98718031048902,326.75673991843115,0.15381691213320325,0.33549672033092837,2,2,88.66762446931075,10174.76952536611,0.6450887920601147,2,High
12.125357717772141,3005.533457710979,-3.526744379283995,254.51890690695055,209.86416674154495,-0.013814523375549642,0.7958904332331344,1,1,2926.8568388481663,14817.876066724672,0.4012741061168722,1,Moderate
35.76750798509775,973.6378183287976,-0.3737924288341343,102.39131660536496,217.85660894197395,0.12325815182049882,0.1824973548428639,0,3,720.6030591990548,14654.552908433916,0.38224645233553023,1,Moderate
53.874838152900296,171.0923419397989,1.933258138649629,96.20891102557884,488.0981363163052,-0.17837115102653006,0.34664037398422465,3,0,3902.167282444225,621.6637514449386,0.6416780838160521,2,High
18.55052368643125,858.5060627142097,-4.2529267651600655,316.5296555080025,296.9660850722654,0.32020204135715863,0.06492028819693518,2,1,2080.3807008912313,12635.487852795273,0.3657158674451731,1,Moderate
48.04613876616655,292.15334870897493,1.8497280926385002,58.49249521568524,139.9394147344662,0.6454500546467874,0.557104344826606,2,1,1692.9712449371586,12596.273274483612,0.5287513107539675,2,High
49.99503592849644,451.54278454214113,-4.044258535414023,23.1814607278451,101.99082020027257,0.7484721061473236,0.6112508881409278,3,0,368.2463123085528,1346.399311992632,0.41545917327080845,1,Moderate
12.202480785642441,1567.1276074819841,-8.890185578578787,96.90711846180741,310.10606427397863,0.7024714148553823,0.8655164634621669,1,0,4980.325399723108,8207.625303472858,0.5051251592879888,2,High
42.38139843395672,881.7224609295508,-9.94944900336182,218.50034862175337,305.72526298975174,0.25810349089462453,0.819115998501964,2,2,4780.053901934399,17975.782472246596,0.6786573444937307,2,High
57.87201832339558,1854.2159869864395,-7.9769788416314285,44.311627225177396,409.4020530129678,0.6034691292802419,0.2853779546838805,1,1,657.9845390342554,19068.776494066286,0.5564007643729298,2,High
37.41717484019564,961.8787610744472,5.845014003280365,169.77408201964576,309.0871127598274,0.1166798515047337,0.13695368918985973,2,3,1664.058020907459,15644.218954264368,0.5647945094298962,2,High
0.9077337582080569,3297.826823750022,9.228626247666742,225.84135975311514,128.9116372738181,-0.13888128001062028,0.15608318221040374,0,1,1953.9376901230332,3029.423779417,0.32519450839336816,1,Moderate
0.6778851809469133,3180.2094909492994,-1.4606760143756148,305.5453173335426,329.29158663918247,0.5435686779303932,0.9689639430404445,0,0,1484.005390577977,7494.399135761094,0.36447189687920895,1,Moderate
26.777200797750915,2027.1407570355846,0.2536790689988564,82.75305283281158,548.7341721373139,0.5136757812100468,0.6732258140073574,1,1,4672.342798274223,3651.0669843417863,0.5108729764093158,2,High
69.46455513238365,1305.041572757113,-7.063036618531477,294.2446764178042,137.6927763911168,0.6817923350091633,0.04257078780323931,0,2,3606.709145110424,13042.722723212304,0.47247922280478666,1,Moderate
17.15075847027066,1395.899398918101,1.0206270536031408,84.56625400724589,429.3650525377619,0.47771682737316784,0.13677925504509458,1,1,4779.582027970325,15462.889026253499,0.3301685186799824,1,Moderate
47.57727666537654,1500.2977626912896,-7.106901959860464,243.63595484627058,376.6225957310396,-0.02741921252869195,0.48580006510095575,1,3,4372.52701262049,17675.314372492037,0.5847876685830867,2,High
16.655690301999044,2573.76969525881,2.2242866239766013,155.04248573368383,461.7221496914915,0.7384786312552181,0.20782880429311978,2,2,3772.7075973458645,17212.96950936741,0.40279053334236103,1,Moderate
24.125249224466145,1635.5725847640488,8.665173351617078,41.28524725632126,132.830150385176,0.48997806682057093,0.8036589850000189,0,0,3484.8355353993916,1984.198553218217,0.47376515135904307,1,Moderate
63.6031567201113,3012.8818181200513,-6.086029213939208,257.1348466158655,567.8829352982971,0.6883706689385045,0.5732171175693649,0,0,4330.8124548974065,2513.480139580857,0.7509808378824218,3,Critical
54.66460817024601,3309.9222721632395,5.29127436114204,78.3945426776464,391.53153527193723,0.651517832413645,0.6126322077892984,2,1,3420.749483957276,18193.436258841375,0.6618064744289327,2,High
7.154945798490797,1242.2169214883752,-9.52995154363352,63.58443336885293,515.8891257301252,0.12765093594759724,0.46282554804921183,2,0,943.5989949057549,16875.688638358653,0.5664559554861573,2,High
32.152651573982524,2006.3612366773125,-2.4900551735675798,128.99625429217795,185.6337200241296,-0.11799172766274241,0.2560627754263155,0,1,3240.6325821404903,9207.563300988797,0.42252908720430427,1,Moderate
2.1877322733948352,423.1922252307191,-7.785029843389819,235.18448811341406,456.67708916887887,-0.005845150001456634,0.5894036132025465,1,2,2575.0081997428665,8601.041835543065,0.495987636619268,1,Moderate
36.06676099522567,781.5947624056206,-2.9504911680860113,84.238732364626,479.56688738365546,-0.09785143225542418,0.7169700461607318,2,1,4909.473385476633,11055.993497662403,0.6752975744277385,2,High
49.682550877580105,1505.7836068145443,-6.529261607222329,66.11815396147887,268.5893998128916,0.06775367528815007,0.3709480776301669,0,1,2549.827735329348,11932.71699763246,0.5253451366631453,2,High
8.887696769861368,801.0892340660481,-2.533900197542252,3.58330525681116,261.17439908588216,0.3054855003285923,0.5049436306178353,1,1,192.2749157552184,5084.331208686095,0.3722407488307976,1,Moderate
21.666370418187427,3080.30566868164,-1.6495438778493927,169.7915149566205,411.7879457641621,0.7974916654794113,0.8396839704720332,1,0,1320.9475538282172,8074.8352695450485,0.4819142609657943,1,Moderate
29.83774691266177,638.1732706009335,-3.9881775443816325,154.31240495346577,101.37422496811878,0.7592206315126981,0.1486817618224603,3,2,4586.908802273828,12393.859282778356,0.2529141661959247,1,Moderate
68.96482684920373,1649.2467932805127,3.1324389894625817,84.19238770945546,454.5932826196299,0.5904597966053009,0.5452244192741004,0,2,4811.781652233181,4125.347721382244,0.6280718624272351,2,High
74.4941261567223,2159.377417563577,8.377041025178194,19.31477904348867,73.58771791167601,-0.17347640449739143,0.34841266182922814,1,1,3642.4928832038568,19976.664752664223,0.6574082487805943,2,High
3.3683474246711893,2452.337287746871,-1.9880925178945539,154.5321148545013,154.8246656164543,0.17552812145260888,0.7027947582172305,3,0,284.319493934852,5658.789045840746,0.2938598279625768,1,Moderate
57.075594262154404,1402.435857070123,-6.153136870499571,283.75383998578724,415.27906648275194,0.5505832691329717,0.018810243162394658,1,2,117.70693873132898,11048.305560439994,0.5134568634115343,2,High
27.879304980175743,3054.936833664077,-4.585544836080333,257.5015672777837,104.07801690058011,-0.05806821347702479,0.6704732998031887,1,1,2397.975013995501,11083.191874649141,0.5314118487272478,2,High
29.434363967211002,2032.2851136649467,7.080016469927379,309.8861603496613,584.5131503122345,0.6811966350174996,0.1028977340161874,0,0,4998.361532804425,9029.704567782077,0.4692407666269793,1,Moderate
56.5698730010267,1594.326453521676,1.4327944654029583,3.4497675767360247,527.6179152040454,0.806031047986353,0.064767752993658,3,3,4346.483687497026,4830.869133542886,0.5808595428212833,2,High
68.88198241090565,328.6181557769245,-0.8997793538608541,347.91095404965546,394.46628282370506,0.18951489130160803,0.7246233009586129,2,2,4665.5381044099895,11307.06144671039,0.6876876115328876,2,High
71.31964458769113,1679.944192713561,-7.007265569821466,122.9084109458814,500.4816006181424,0.5764273680502168,0.6403421529040735,2,1,3117.7075249645973,1820.2883070022135,0.8131527670015787,3,Critical
43.284193952874055,2890.501858773483,-1.0054538335243617,356.5432065931073,538.1690267242623,-0.036975454064415325,0.8949359308926588,0,1,4295.623641257506,7738.522266710675,0.702296277817246,2,High
26.78408694753771,2189.4394619524724,-4.430159932852266,90.94300581663887,192.71160726450015,0.5598980940243297,0.5196549558006451,0,4,1598.4918719859625,4485.043900320076,0.3768367485976174,1,Moderate
59.066181439408446,2929.3523426790025,8.863262557066985,169.75309952816812,517.1763733721257,-0.1763990464842524,0.5300244255271671,1,2,136.820017255157,2483.555479378927,0.8649873875997173,3,Critical
18.825103744672518,1779.6396800376392,7.681402188314625,127.41396356710932,157.136581000681,-0.03415134250778895,0.7070178355765505,1,1,4591.253141113135,18509.65861762315,0.44820050592549765,1,Moderate
42.305552162513834,502.76979732123823,-8.32194916343604,128.07385739794896,277.33824528184846,0.5808695912695372,0.32339757635325117,2,2,1092.1531232446623,13998.858298865467,0.5600341550365942,2,High
26.893384614365488,146.37547584199564,0.33306978522485764,303.2215555493577,357.0427971867296,0.5830352451639369,0.036912455421932555,2,0,3642.431774706149,3376.577646822665,0.4075454999978075,1,Moderate
49.24733052809071,1130.9464588432102,-5.498833089706558,268.71081830544193,442.6400296907178,0.5052789764296948,0.23004582571905785,2,0,3294.836574385769,18987.917211990327,0.6357124833574145,2,High
18.02991846701302,2473.1676030924946,-1.784458209514188,357.17451668281734,66.57772474739042,0.3251004268226236,0.2380134118963666,1,0,790.817742098286,4319.842162955152,0.33879482440325137,1,Moderate
14.369470930111932,2786.8836734017586,7.53695996502913,220.8652857783045,209.78017702800395,0.5423989002891396,0.33565885027819387,2,0,978.8949826557325,4712.265275944771,0.5212074941887815,2,High
68.86793150065778,1105.5596377091201,0.5502903977708957,166.77237758202097,384.6855040157147,0.6511808781176671,0.9434627330404629,2,2,1645.3624071489792,2665.4075109012297,0.7923378268309084,3,Critical
7.635276221215268,1785.2233310030401,-3.3156941325848033,32.426590660880805,246.5527735320153,0.8631298249404182,0.8048427986631479,1,0,3784.6532647429226,14557.062708629657,0.38619594936246876,1,Moderate
37.946843080119876,1531.8042750758775,-5.842232917900059,358.7621110249884,476.2637805962214,0.7775051347034656,0.935956245205192,2,2,196.22122348283366,11417.50865269792,0.6117567905125718,2,High
16.56395872222567,1495.7774667948547,6.006497188129785,198.55103505562184,408.4086886328939,0.673987622822737,0.9986095901130004,0,1,2035.343701442839,1165.0226482974135,0.5321133034618887,2,High
2.9197472494250585,886.5856248805117,2.4903603072869434,252.17188908845105,178.92079954805467,0.5642332683858102,0.4337790040870445,2,0,3325.5660314428314,505.9989882992588,0.3554475725975795,1,Moderate
2.701411371856979,563.6617571001584,-0.6386907914753763,146.4272593888721,130.2609387757832,0.431571099975604,0.22707331668030462,3,0,857.3547296931655,10653.189755514613,0.2140022984422445,0,Low
13.141632907937051,768.7410979861246,-5.650312922740439,197.1776549445249,395.9758464728777,-0.06733029431289211,0.5600041612552491,1,1,597.0863628881929,13030.62383845374,0.5107962851430258,2,High
65.00777658795002,288.13011635537674,-3.3150725168573736,339.3279834814394,297.75703023761673,-0.01788747369176777,0.8811344139481188,1,0,1951.0612053110665,16457.472330317334,0.6561338874085356,2,High
21.185905798277,773.644522200162,9.19686853477037,59.91099765537699,142.92637260572522,0.7023075167379895,0.4657318610145782,0,1,1432.79608930851,9565.458483110788,0.3658481200470749,1,Moderate
71.28443779314718,131.28305192629014,0.4017987521166866,105.25413035889166,229.50581292510753,0.6836442034279426,0.5053993025722535,2,2,3245.4783211754943,13530.609575181143,0.5910868671213072,2,High
43.62167197418952,2232.678562162326,-1.9860143751349408,54.74150200009164,216.6757115752226,0.4759048185706993,0.1344391059278267,2,1,4847.842682606399,14673.11321914178,0.4134103914992002,1,Moderate
32.74606423265746,1175.6763851181217,0.42844084696647755,285.1977253697189,109.47258478665631,0.2827241459877688,0.42045549256776105,0,2,22.34467964575049,12261.053859562118,0.39480155341192136,1,Moderate
43.5066626002091,3408.692018851489,5.579770117992172,22.33629375185864,350.7999605958754,-0.1713640851940338,0.38699480980857814,2,2,4511.899562302795,7044.325047348528,0.665028032399423,2,High
38.75237889197008,758.6379726394127,-3.197821269942624,29.38739394648179,470.0067486519048,0.1598946367813983,0.3516885028654496,2,3,2166.1151819524625,2637.9096605528616,0.6673222582811906,2,High
56.90821903179938,1275.8171390526193,-6.425877581347823,107.45788060345274,366.50678886914284,0.26270362332184966,0.8872986699241998,3,0,3320.038646338274,12950.770890590036,0.6821943080518117,2,High
21.18720494796392,1316.659939381213,1.698722366780956,185.10774513156406,504.4602507155438,0.3343979147907626,0.059301433212332944,1,4,4255.135164224036,15373.926636247994,0.34959367635204924,1,Moderate
26.47877937002268,128.73508661236582,3.3040820696213444,146.25892820145114,120.16270096848723,0.8222570584173303,0.9721471828973469,1,1,2867.2933056106212,3796.5423730792345,0.4193782747435456,1,Moderate
67.0570726899938,2953.3070403341603,4.254360059170992,16.133871841490617,289.58652180222316,-0.0804196602198429,0.008246825273136027,3,2,486.55913595668954,9897.334381629626,0.6395587839100777,2,High
70.9842384862804,208.78116449070404,7.639751815322594,344.69696083354256,385.17830701195453,0.3707536117577475,0.945594013949809,1,2,702.9758785410029,7944.907695739087,0.8118078654834273,3,Critical
66.94186706148558,3296.6114380794206,-2.576517586217739,343.0330273289101,421.80085851804904,0.20471452665410772,0.5480475028385435,2,1,3946.400211597606,4114.061510506326,0.6814507831747101,2,High
31.458599546798517,3133.05279371831,-8.492902075422164,100.56827636667356,432.68246853288485,0.8891079311376568,0.7024452444001158,2,4,1145.4911572211645,4906.262997236737,0.6260896186585956,2,High
58.52741272551613,1920.7745146922762,9.166971672618843,263.3492214966893,450.93098490383454,0.748050417911196,0.18713284969512323,1,0,2845.1880806621693,4753.482966553522,0.5911068510132755,2,High
35.72517999758241,1948.224954698393,-1.2997614512504967,208.28714809796057,408.28639670780916,0.282664439662813,0.654211539016607,0,1,2140.4025623938974,8378.6190898673,0.446074817711263,1,Moderate
37.31548891095766,2322.8449380509314,2.4651501934626268,85.49161020202466,101.82544891747722,0.8996651702902365,0.8819576685277326,0,0,1518.1949140456409,7809.23836663548,0.48420813253954875,1,Moderate
15.351008179296297,1415.9700405786157,3.3261064625658463,94.38175862698156,432.41812268126307,0.36546957111864603,0.1394801398336516,1,0,3934.8378206119373,11083.574644535447,0.4107478439699852,1,Moderate
44.33477274438874,2300.5557635527084,0.9302741740240705,176.81514275176218,448.63046122591317,-0.016170423749459234,0.12708161227328996,1,2,3656.0832611240944,1864.2137972527162,0.587158442609822,2,High
13.960192331501094,252.21252154085536,-5.8948494052745986,150.92529893904964,596.413963883495,0.4114621610093861,0.30397790914947276,2,0,3230.544422358298,11625.006718085238,0.48529632125400257,1,Moderate
24.86735243003953,283.7619329890703,5.102861002322829,104.84255816325512,431.34934018561927,0.04882634238401126,0.16172589247539815,1,3,1863.3568421161262,436.92176579624766,0.4857969347333213,1,Moderate
64.12726512149514,1654.5834267064508,6.075039486081632,290.7041746698536,427.7567176633519,0.4999441240838773,0.1106458480933471,1,1,1132.3516201064233,5147.502566806419,0.5626156669348765,2,High
15.530685690814142,1968.7158237605188,1.0595117203487963,173.32665034945856,333.1473096000846,0.8311841923723182,0.6783190359852918,1,1,2579.474754990699,10042.76027958914,0.45180675817581895,1,Moderate
5.336871388007461,3118.5799771417846,-0.2287767883031684,235.74530246008604,527.3575997218127,0.6648184345185311,0.2138266139124908,1,0,4085.5205016438513,13738.726067693146,0.28073702805699746,1,Moderate
5.175569445961223,455.8461552868473,-7.721236337440294,68.13846006043516,598.259119078637,0.10048005946096072,0.6670148994019862,0,0,2878.32485192097,15425.312472291944,0.5825789088869233,2,High
70.5588390377331,2897.0029524592237,-8.320966770004324,192.06275850593522,478.4746786085876,0.12654448746260782,0.8619292271158163,0,3,4850.698215974977,711.2263253276119,0.7829697428362927,3,Critical
38.019032847137595,814.1609467930366,-3.2087030887294254,114.47137780078374,386.8752078217946,-0.12378297660065678,0.6520247914130005,1,2,77.18744031198655,10749.73775933988,0.5601469227823838,2,High
30.705905386276374,1439.8844049341083,-3.7830768896521345,189.50889974215616,93.4251548123625,0.1144546192109051,0.11936706991540091,0,0,4991.733906943115,7088.731850452486,0.3636640985438213,1,Moderate
60.81589357559388,1176.448278413204,9.073129019265423,281.0973000279341,449.70652245129514,-0.09811272035440105,0.573577574047445,1,0,3457.045231793446,13898.17840576523,0.7155866894620027,2,High
62.6869445932887,1460.5279277423565,5.672454848868595,276.80875563285423,439.7088627200727,0.3493935912582072,0.39362868421155084,2,0,4163.370085954992,5675.595242232683,0.7208292197651349,2,High
24.914327483670345,611.6846934467909,3.198485905181199,127.51944409233933,476.56248129518747,0.5791817874480834,0.34337093672249475,1,0,1674.7618388372764,14874.47259254901,0.4205399042017653,1,Moderate
52.02135431053464,1812.1382529720868,0.3529617803521017,249.9397621486701,118.50546361971912,0.6262992776490743,0.31853146862983217,0,2,2541.7066404327775,12044.738156733183,0.38086483168403235,1,Moderate
57.834211188891494,2825.584805426649,-6.652649385466973,338.8643821419397,409.5528750693789,-0.13451784452700302,0.9294322238196455,3,2,3984.946239421657,15793.44767435201,0.6883294890762698,2,High
49.09880151494659,1601.2156352882496,9.56913344368568,225.2409587729663,212.64814772342106,0.17395148806202226,0.7425074566777278,2,1,3803.2473618349327,19687.87916142658,0.6733534110861953,2,High
11.369630610007453,1768.086158053877,-2.4991860351958,53.42764441774938,468.14918387155853,0.11698894320217706,0.133848789580295,0,3,1670.1721443963795,18171.71954328334,0.3868040640497363,1,Moderate
65.69123126377927,2985.809789956468,-7.8614879510551035,244.69510654047426,182.2056747173064,-0.08526964471393193,0.47600547973246377,0,0,1622.0511751190147,11865.803896924348,0.6346982952189157,2,High
40.432091455200656,2500.5975897693047,-0.12402208568507866,37.76557908575207,426.1882722512259,0.19871844202520628,0.3182230752539196,2,1,3314.0560145606555,17875.24354815949,0.5822234615064146,2,High
21.185431977750277,1767.544988967268,7.479960232261664,313.9597471654898,212.24612084118883,0.12925212005315972,0.9779383125459582,1,2,4668.295907359973,3061.7962570960854,0.5789065456657517,2,High
31.892113907827042,976.1652038432109,7.74582003554659,185.99777848869851,54.94686104958713,0.4979491522732044,0.9780289729531695,0,0,2193.9299533706503,860.7031384389718,0.5088995828738438,2,High
2.8178317799180537,3108.7509392728866,-9.780681678871055,138.65066507216864,398.3468515852025,0.7716329301070843,0.31953447433303495,1,0,1764.70899654608,10662.664998072287,0.3809484660509829,1,Moderate
9.590010091681316,2061.8693657478984,7.725914895027994,20.522374073889257,112.2979957374073,0.3003258929605374,0.3521131161454547,3,1,4473.435181180909,19487.39552277721,0.26352859264083955,1,Moderate
57.416006288689566,851.9018743763576,-4.570315650002829,137.0821444531595,412.61031003351775,0.6213316900435004,0.5994142071365456,2,0,3415.2803072829033,14194.728948838147,0.6232990368937066,2,High
0.0008726066524605836,1015.0071589692352,-9.220552720631538,325.1544004496842,559.0851965963157,-0.039388596178258295,0.4793070143275001,1,1,1941.379898530412,6102.848071672624,0.5504894215403539,2,High
31.24243713617191,2830.652502383236,6.955805407257486,7.553878663069145,583.0852638160997,0.7844630165082511,0.21310087215844142,1,1,286.3811542389727,13375.4270561422,0.5523990525765997,2,High
39.188263581419136,250.09491109734856,7.277335119764167,170.87333680144977,179.75769803018693,-0.03214578796339848,0.6604121669886114,0,0,3607.4463602389246,798.1542620940329,0.5971883816466191,2,High
4.097581500072922,3473.1134358979884,1.9246215968470004,335.21691279982406,495.08927520786017,0.011311298659328228,0.33412864387523844,1,0,1764.4324534519,9412.392413209698,0.4654465769176289,1,Moderate
72.98086222292497,543.195711030292,1.4886751459271679,142.1427599154076,244.45430227984218,-0.08288981605355587,0.6537164983321676,3,0,352.83098886179863,4745.113668266581,0.6308099308325159,2,High
16.959399843725397,2806.632986349587,6.262405452428389,154.14324748637415,545.2513900113903,0.14064745167259013,0.38368152232779973,0,1,3061.445436231884,983.9630312446235,0.5606441934066804,2,High
22.814903972721066,1442.2360770237217,5.7261910542055965,208.28161987168318,483.1192627461556,0.40765149138707873,0.7002098938562716,3,0,1615.034352469219,4998.2076141237085,0.5289132085015175,2,High
22.79568841912705,1773.5350231773873,7.802109468854081,166.65744008778606,90.65694415517001,0.8867935225469596,0.6677994708896505,1,3,1692.2825415526472,14449.208626555366,0.38176641406170553,1,Moderate
17.281249658801244,3094.2119633795646,1.054948951934069,60.696608845518874,273.9253466325025,0.6727048381232983,0.5088127559210007,1,3,2395.8506537394637,11023.775645335214,0.3914218487384744,1,Moderate
0.1105366564733562,1503.898044603325,9.352941854656173,6.679994065149746,235.52480430532074,0.2184793831811802,0.7047399907108308,0,0,3587.373836642275,468.69796574910083,0.38974827897915065,1,Moderate
54.700859556599724,1927.4787624889973,9.922936618666768,219.53219687233258,481.84956139780235,0.4334306636939275,0.46096567623201523,2,3,1381.6523881814708,8194.755063079921,0.7322197426058885,2,High
72.5134124849464,267.6188521911778,-7.669107800027348,331.4903713228124,275.65714085923753,0.4856388340331285,0.1161382996501229,1,1,404.72957889450487,15043.422090671836,0.5989476035332748,2,High
16.82201124637838,107.98141114934072,6.990875191082441,38.291087889779625,426.52361870919606,0.7049999433720819,0.18210625333735464,2,0,2122.128607197531,19092.093871267025,0.4653285917389323,1,Moderate
49.72853938525668,932.3195682058681,-0.0035548450282192334,75.94297893099122,381.33939057474225,0.6100969639617806,0.24599313416561286,1,1,274.62711558197185,17487.15141718069,0.45006495186254836,1,Moderate
55.642224521903636,2413.982515923809,-2.2486732340033573,133.28261489699045,586.6012955036986,0.42622023966825445,0.06322892822569659,1,2,3486.3425494610824,30.395024599449982,0.6303994086949977,2,High
63.631903431789354,512.3006374210647,2.2614461976542994,291.1472024476031,565.7817262408881,0.5361013297436223,0.7113812206306701,2,0,4796.217339612871,4374.039940536407,0.77579957366516,3,Critical
31.697189776020686,486.79065993546806,-8.88068885475986,96.93371392955193,285.23473310629527,0.6205093720591897,0.36739022683161837,0,0,3293.794038240658,4154.737684837713,0.4507570920073778,1,Moderate
22.719817923032192,1497.2660673220712,0.1292223753415982,317.53958554035665,447.96801640263214,-0.053541534953255254,0.0935232963269973,1,0,1376.9522487542679,8261.89260055485,0.4402998364915581,1,Moderate
24.397135051727332,2302.64593126797,7.417811400533335,19.784834874023908,506.20305168967195,0.020501007435917956,0.8199581207255803,0,0,908.5119376880174,12915.091290846816,0.5784604774234191,2,High
53.44659998238846,2521.0447736429637,-5.730769677220624,338.7443836532166,544.3871646241798,0.5574427177982686,0.6836542844635749,1,0,1163.9178565004493,3061.381217625254,0.7020750608637182,2,High
61.258459987922706,706.7322919344742,-1.4722021046114975,201.86894803455536,87.47384507706602,0.7354681181863953,0.4522242371277009,2,1,1108.0500158406076,18313.573880109125,0.5560422090611229,2,High
13.621047581745199,370.5997010649443,8.78961775429751,237.15996425557364,216.14333960042325,0.25018851096974465,0.24742533509273423,0,0,1569.1525302225784,15542.33829642877,0.3508626603131037,1,Moderate
27.82057561183239,3297.3499154148503,-1.4287232438860542,132.36822811308713,226.126522532687,0.8778793547183268,0.15174589379284675,3,0,486.7333906407245,8386.638746552864,0.32320990862390464,1,Moderate
67.64551475618626,986.2657007111459,-2.8326473533520335,281.5179427839817,288.9452731709332,0.03767890594071016,0.458374191755062,3,0,4478.595288232176,11679.869525483839,0.6149307391775837,2,High
60.50201397710544,3001.378091869661,-1.189267037532435,59.96385003038618,143.09561289348045,0.25836921024778275,0.8852457430105624,1,3,4425.602476647538,10836.040105648794,0.5859434724914103,2,High
73.86438020718569,3035.8709315735823,0.3890553303511268,17.60825710025533,322.91323397250443,0.2163753478095785,0.18839532327196995,0,0,3076.181267840975,11644.60111354154,0.5711054598601992,2,High
56.56861947615606,2726.576811992651,2.639826882629377,142.38609951872058,414.7678800141508,0.823325534799072,0.5686592289914879,2,1,309.6018343651258,17202.305074991367,0.6291811404891267,2,High
29.48964007709417,674.0342626187382,6.0138560183346215,307.33045703317424,323.55015611919475,0.11391636932979349,0.961685995222256,3,1,4020.0037036088306,4002.392789013467,0.5906336506540455,2,High
44.29783754959783,2894.124961464281,-0.9579558847137157,271.7736611895701,416.18620235868866,0.3178698558464372,0.6371165747646129,0,2,308.9429186912268,13674.279373517058,0.5330668730452522,2,High
49.576069068549025,2715.4519014213947,6.349618701802807,186.17614937602488,86.54289749984517,0.00595722357686243,0.43996473015586834,3,1,532.106118815659,2140.6560027497235,0.5264646148868426,2,High
5.884186223784297,2128.858166361138,0.6744132270416117,205.96958897952726,531.7930324390757,0.37339286241868824,0.7163729729389084,3,0,1626.4819632213507,9183.279495780876,0.4044323707095121,1,Moderate
40.83727193278988,1246.4869195744393,-3.2303897926404463,46.76141746755195,566.4880556555877,0.7431445864099502,0.8245779190187065,1,0,2157.351588327801,12716.777378970099,0.6544886726304588,2,High
53.199062135445715,992.5292545062499,3.1590165623882847,302.6453431023296,389.84908326525675,0.13444340807962063,0.5905162978868421,2,0,1769.444783576596,250.03322293568607,0.6943986202227762,2,High
12.549097800079528,514.4233210732204,4.354445094869828,283.3054858671109,534.7650492502933,0.6918712793791111,0.8718323589929926,1,1,826.1489048918197,2161.325280146862,0.6060864369938955,2,High
58.54737880691679,1833.1740274629628,1.1609795125897513,236.32934179929939,122.29530915651684,0.8024427403931889,0.5145917593757376,2,0,560.6485884088708,1825.335388495446,0.554586510283446,2,High
43.782958538558375,2089.886976733478,-8.86770053730553,167.82877307841784,488.5969060419706,-0.11974632131398001,0.8300290022062566,1,0,4297.076133522082,7493.852152022895,0.8054249892974235,3,Critical
71.4166339273196,1321.7525677536764,-6.602342496783502,347.2053365806245,115.53150640992669,0.6320669899511762,0.9520192404056952,0,1,1815.9061297596402,12440.179137568954,0.605053630295469,2,High
3.181672365516877,1716.220830114953,-4.2940455821954355,316.4515098755296,274.40562732364515,0.08087777976553989,0.5012434670235171,2,0,1092.9968905575427,19919.30060931272,0.37660168346819844,1,Moderate
19.899460316660022,1335.9491550555067,-4.347487880970138,231.9949776652627,228.10019400705127,-0.007139571209707957,0.6050017155853252,0,2,2434.9567831168774,5081.577706834335,0.5058189423573308,2,High
45.116540947486804,2279.420594890384,3.4684160049374118,133.84835917822366,372.07550387124985,0.46123463122753966,0.609467542949835,2,0,184.11700268975872,2719.190629831789,0.6155775922583284,2,High
22.241993415444803,3164.281306508315,-9.633026766527347,222.48802032534445,215.83299438174345,0.5761628778515697,0.7814348635982906,3,4,3001.4059116612516,8295.252967752376,0.5199635483692454,2,High
53.58181230534316,657.3288909596125,5.113635540990398,207.15873355103952,400.52249631692297,0.2342370843087352,0.8229658401774228,1,4,1242.4479342479906,2919.5086533691274,0.7316952696240129,2,High
56.92539618914483,1396.7899536706198,-4.693150503861336,141.9271156205699,252.0630090335768,-0.15690892220959035,0.027229316206060727,1,2,2990.982070656622,490.8908519685751,0.6559034639581509,2,High
7.688697304985584,578.9532534329285,-3.799563075677952,110.40262980770738,523.4347095667554,0.7995749766164726,0.7333595640903878,2,4,3070.625822229345,11279.18117976632,0.4571399612323026,1,Moderate
38.53908481550758,2224.808819386629,0.5581965588784854,146.52388520543607,398.6361121207863,0.6038216085322445,0.7838152446302377,1,0,4046.1209567932306,17591.450264518153,0.555381100940307,2,High
38.16679166932919,2578.1597322612256,-5.681487981220849,206.6081061720232,168.41406352679536,0.09883348735131614,0.7004294394582369,2,2,1149.5237780473694,17217.002102413815,0.5294687648058295,2,High
27.69605776616558,3268.50329083135,7.689426271510552,154.128544095994,234.87118211544788,0.3465502413192139,0.7136956593230961,1,0,2317.323193096401,2015.7714563714978,0.4500771619333698,1,Moderate
69.9693646927254,1048.1645492872808,-8.292624413468694,94.88681575249818,516.0814881946607,-0.1694279310362142,0.04140285918426945,2,2,4809.436690958938,2949.53830595774,0.8369121226499188,3,Critical
62.06297399049159,3330.7180999424627,-1.112352753978703,273.94679439389114,262.5638624931022,0.17321105998653608,0.44203866194890606,1,0,3635.6242204231003,9822.419863167474,0.5890221518042488,2,High
52.290703643222756,315.09308419029435,6.988445389097798,191.32829854466866,344.68948606110484,0.37478875914363013,0.8181796497217406,0,0,4876.719040087792,7354.330402768823,0.6779713503403899,2,High
53.574497680124814,2150.2471354396,2.316877888424715,24.36305876121599,406.918064773783,0.36894597662787515,0.9340071412951036,0,4,4636.828565385519,14061.490855363794,0.626144143944236,2,High
34.628710785983934,294.2512457673219,-4.153409683147331,132.59394202540517,241.2953072722542,0.02900336580939525,0.22946792057193477,0,0,3053.74298403216,9898.820004238361,0.44990687982038163,1,Moderate
69.0745890822432,3138.8322383906125,-1.5847958444707864,318.56884459631766,211.68824691693757,0.6544221028022799,0.5791949403527951,1,2,1319.6517794107172,402.3635737463427,0.669476369068481,2,High
52.094657043996406,1901.350794038184,4.133887606850292,271.8851512319827,311.3901964344157,0.1287483743793078,0.8043302395505837,2,2,3784.6207833120834,5691.283565588654,0.707833409365428,2,High
54.67357962418623,2375.7843925935067,9.465214867277986,116.36884221984255,168.18453465103403,0.4384510254957699,0.7524076428591857,0,0,3490.596229061464,18029.837413835907,0.5373691525450784,2,High
64.6268177840509,2927.3513480955385,7.8627743675886705,337.7459347360233,206.31582280548488,0.09867444809177228,0.6188901169800791,0,1,2944.4506017869885,10230.17653748641,0.633806857241015,2,High
20.555369200664327,611.0561164454938,-3.151343832352465,27.577047008955656,84.14316621761985,0.2676846602854472,0.018691188262000225,1,0,3489.146142456505,15958.975034063178,0.29196429126257106,1,Moderate
60.53031779000273,231.21131058965508,9.96395758575715,346.044493401188,217.183651784053,0.028266087775253274,0.7238858401115659,2,3,3067.932072726255,8045.9219855385445,0.6280368979132788,2,High
14.643045221736903,3088.195896103697,-9.929906729378835,88.45383329448323,226.38725134996312,0.4963085717852422,0.7732425032788149,2,4,2596.8951153642324,13539.272956924779,0.5220861213282026,2,High
25.900646418366588,1170.7729733603705,-9.447404883831698,3.273904908870935,579.0082414602258,0.2681427961554858,0.722849506625635,0,2,2079.777408416716,3380.0643447391867,0.6963236744477206,2,High
25.170784070238202,538.5282869523619,6.476810303423875,156.17089314659765,374.35085400623404,-0.1822709650634593,0.7658091614899567,3,3,223.5418728872024,14730.665344433668,0.5568628272064027,2,High
73.38941012918555,1692.7682060960942,-6.01074626333896,129.2293546873231,483.0603339786931,-0.16901850658155732,0.4309148926788603,3,0,4328.439595515905,15731.620928336311,0.7123118269106488,2,High
64.24029178109451,2134.240657366464,-8.784614632075183,194.07204187444577,74.95748902917735,0.3182477503185644,0.993752145925391,1,0,4327.702912998729,1802.8051823189096,0.7086628433229837,2,High
52.58773961926948,205.30005163653442,-5.257038535269956,286.83822980514435,108.59518148460455,0.001548453595889815,0.7707869158726589,2,0,2970.2365998446107,3666.2148610658705,0.7309789962326061,2,High
54.52925712115426,1034.6452380740984,-1.4779969203827967,303.27508877416096,497.9953284744258,0.4435462529592166,0.5786800052799855,1,1,1339.4215257907704,9257.785471790057,0.6547523675027542,2,High
42.15545958019283,211.51957254144645,4.6113254086680975,144.44279986020905,392.95225217969966,0.24901095994922345,0.9341912697466239,3,0,140.6552201944622,12748.73472815263,0.6156784944745495,2,High
71.03180003313894,1529.1403232646965,2.4867105310241104,154.74446773428608,155.04011679711158,0.519861819093695,0.9081983394580183,1,1,7.14402083487109,12749.82669149686,0.6096969289553611,2,High
37.21940646617711,3143.3400988252306,-5.247575648791591,53.34398291861052,272.637473223956,0.8476346914703468,0.8145670653342649,3,2,364.53694861269423,13364.059611514189,0.42960491462037037,1,Moderate
28.53882824024209,3441.0181990781352,0.06540896201168778,17.117139197218858,346.26987498989257,0.38160974827477906,0.5636949189837663,0,0,1799.431631755825,14288.304939993994,0.42742237536809535,1,Moderate
12.227650269869326,2265.9616819123335,8.524282107971374,230.8373964846089,513.985406025593,0.6661164639491095,0.5271010191467135,1,0,941.9797299853888,10115.332754417477,0.49714623887988657,1,Moderate
58.96542391957935,649.5681588676122,6.300155539675153,23.19754519896922,83.2265954319718,0.628345095947531,0.32870793197452075,2,0,1325.2904281876176,11497.109785027324,0.45295304377142165,1,Moderate
55.083294905669355,3179.8879259976397,-3.5362043033641317,264.17884299172414,378.1972591520493,0.813970214756252,0.2508779791039484,2,2,3498.30188652466,168.12267616594934,0.5712634672793587,2,High
28.826627889310117,1855.2425988802056,9.645291227113926,194.0724522080091,444.3697568726762,0.035419653961806824,0.5123595169750865,2,0,4795.748871795788,3332.014106844725,0.7185964569116023,2,High
1.889506046942202,622.7476611499216,4.17240800870262,71.48987216139002,587.8405218507527,0.710059667863435,0.5777817617119738,3,0,1033.8792151001624,9971.280841898351,0.40732316034025073,1,Moderate
62.9247995788508,3233.870676135649,-8.751012886664364,194.22825966455386,493.93804306070143,0.7960724163551556,0.24452643145884556,2,2,2328.2196706824475,14911.861161407121,0.563000495510114,2,High
0.8563487590555224,2675.39477245855,-9.296785734227226,65.87917797675559,201.92502246090038,0.23203927904233546,0.9226012436534787,2,0,4957.397007497051,16178.498000467978,0.537716551268672,2,High
52.77748347217882,2587.7979272587154,-6.631841019799401,157.94539470374832,440.26855663304576,0.145197814058865,0.5572739967343185,1,1,4658.371991170894,14578.873841611037,0.6233057441435249,2,High
72.76928322945427,2511.214392900976,4.557117361002936,287.8417138472024,469.80283670983744,0.8472395006461166,0.5265053253821466,1,2,1761.581515146156,9728.054465704192,0.6555279836722444,2,High
32.82459961111526,781.1553917279039,-6.3252214831514415,166.29094562782947,451.3545249551173,0.49039610435275477,0.4356383883661402,1,1,1598.445233990416,5625.550956937346,0.6014585629691522,2,High
17.623005374696458,817.4227518055886,0.22973538417667072,53.53175458711736,501.0792373735285,0.2187441337656152,0.05807129571686054,2,1,1210.85320168624,8894.323204830214,0.4353795288088133,1,Moderate
52.86532575325363,2440.196194652667,-8.134797596383365,260.57832545626025,547.0514869175006,0.6710104930247933,0.8824013344598493,1,0,777.0142491454446,185.89796180109363,0.6747002646959878,2,High
61.28461065116888,847.0573503753494,8.417723156603902,67.23662985720318,104.13642794413714,0.13492129177728662,0.31699422644302977,0,0,2300.2603956438916,11959.189122236507,0.5480948345650263,2,High
40.98227370583855,1591.483769130366,-3.120787728328649,265.8779547732394,107.62012172461536,-0.005951655323151728,0.6424603344682944,0,1,1705.6025670337376,1491.3380821992296,0.5483869891629177,2,High
72.52764564421096,2758.8062070194005,8.162641131212617,172.56682411769998,488.0199938238553,0.39836659937747615,0.6074335589700354,3,0,3724.1879693519745,2907.8018974742427,0.7404216862415556,2,High
3.8751541243470826,2765.438561532659,8.897512838210886,163.34703327394857,188.80486208680898,0.4228332494016637,0.5844868253845268,0,3,1184.3325191525555,12519.532409045258,0.34627325613619625,1,Moderate
37.85966987283961,1641.0900265879227,-9.877427053726384,306.5166136286909,82.19778207254288,0.708321130494072,0.5257122020115841,0,0,3681.6611951002455,266.9734469149865,0.41775581713848875,1,Moderate
53.884046049191255,2793.4457901358332,-0.7172962560253602,255.09726876264074,270.6760495393332,0.30273009052247307,0.18143983343132808,1,1,1440.732929909872,11471.106665888612,0.4584754534622227,1,Moderate
64.69803533618843,2951.314107073393,-9.506878885862143,11.847886903778132,500.932301504343,0.6960451934558758,0.28060574104796554,1,0,2963.643923237796,12767.601746405597,0.646757249969744,2,High
13.444170893084253,2326.237554366485,8.173855326058117,106.62275325657686,119.61076309768922,0.14245494728317232,0.5241880712703001,1,3,3192.1504819736556,15765.500270337578,0.4241857347252672,1,Moderate
60.00026113227611,876.6478978486285,0.3681508946915173,313.5314379059635,419.5130844924571,0.4329050223955712,0.789342451596926,0,1,3358.907127501664,1360.6105592704475,0.6570436647798493,2,High
41.4530306788909,1031.6400533108617,-8.501119746030064,6.59742067627151,51.98872397436223,0.02932005679078739,0.43198897065041864,0,1,876.6949301863086,58.633267930370266,0.553613750786595,2,High
29.741526149247242,1170.4599283897003,-7.794465434468663,196.29124065430932,110.35559596684746,0.22399054600825608,0.20392255304613083,2,1,1413.5568486084715,15337.157878597143,0.5087607415132755,2,High
9.878627143432016,497.1339662954368,-2.329819510145219,262.0172409026198,242.96769017266777,0.7432936676161364,0.08794442480542597,2,0,1230.578427026166,5801.077583983177,0.36316370693362415,1,Moderate
64.89718191816843,1028.7427092578134,8.804683857457789,223.8681907744473,95.98125456342771,0.03758701277933055,0.6630110034940242,0,1,2880.8020550774017,17744.10443047161,0.5320099961164378,2,High
11.795490613478652,812.3653626626092,3.8581830313616177,273.79159275759713,515.2459170904121,0.6912634091891945,0.4233399706211646,2,0,378.73201135683433,3699.371882495284,0.48987179738975467,1,Moderate
23.234089440682443,1648.1177493492473,7.3523773237826475,261.2490656093085,525.2387767300079,0.11115882363214685,0.1253708926226419,2,1,2591.2822498042506,11710.115106974881,0.5986191433029595,2,High
21.753414897182765,3188.6876627657007,-2.670867073200407,249.1310502551208,465.5638867047383,-0.16206130835260096,0.6744668799869837,2,0,437.33527821520903,2188.19328708296,0.6385042469101394,2,High
65.35605256431407,455.23307696345745,-9.135726009000035,295.7543499332348,183.3637972675896,-0.07907197293746912,0.20757873085437317,1,0,1685.2799496655691,8053.802968088164,0.5717133458511304,2,High
50.45272456566735,2548.910941421145,9.486352744088283,232.4486406418338,337.7858913819889,0.620467499852867,0.5090160483036771,1,0,3433.530464755577,17641.287899378607,0.5507790101099117,2,High
59.75110478935292,2436.762215004634,-9.65654018675261,144.87065793251355,151.30368903785427,0.08827801915236311,0.30618797507686046,2,0,2062.820275058844,12166.95016820878,0.5403093037377089,2,High
18.785092409437425,425.56427545541607,8.953033061621781,169.88727956925152,204.70314754021095,0.5195601514653996,0.9316900644340004,1,0,1401.7091969111389,13792.340715329738,0.47342349368392767,1,Moderate
46.86555747052492,3236.74617667972,-2.6264515230171064,258.0209217653222,333.8029106955851,0.5691187930329564,0.2282880662711656,1,3,3079.285879495172,4519.406608082994,0.4838580354940151,1,Moderate
42.88094873578115,2032.8054873331866,-9.798191899562369,315.47017068004584,454.2575946534388,0.17963031087815334,0.41991852154202847,1,1,3701.3455624105577,18455.018407360618,0.5973348742340425,2,High
62.46227825912033,1336.6667718613264,3.7831446344901654,97.99876830231925,102.05990921650154,0.32241088593225425,0.9594935968280058,2,4,1272.9246738629813,12469.648806956457,0.6994324268142965,2,High
67.95652953609454,2672.231183884043,9.610806080627082,123.14764654958547,213.18318369544738,0.2441437995013917,0.3187251799383154,1,0,1496.999505479386,2117.7096843964628,0.6124999869128447,2,High
0.9117578608040106,975.0425585655557,9.312514456751849,335.06618269046857,559.6417417145572,0.8420838959899875,0.6445931630110001,1,1,3201.4695847554303,311.04495673175194,0.4773576885907753,1,Moderate
50.551493929409446,2457.9334459574893,-6.781259775951631,208.26424526740033,286.0178247800385,0.15194374858674614,0.3167270437063252,2,2,4826.116300902926,318.4503302772623,0.6073249372925964,2,High
3.8876849339796764,235.01810574564055,-6.3750438786769,64.42625416860037,566.3783206501229,0.0016553464474568513,0.110674979117249,3,1,1069.3576833488783,1024.2358443170717,0.511048194264758,2,High
41.164399880801696,2953.9873278715245,1.310778292393202,238.9302500084578,595.2702978536746,0.20215212716313607,0.6275472326842928,1,1,3271.238178556048,18232.317245432278,0.6589205091077618,2,High
21.572454678275864,1623.780879872483,2.746096528566488,356.67437599417667,339.6629043612788,0.5364672783622135,0.9160315352853404,1,1,4532.949205341941,7167.574593395922,0.5245540610768584,2,High
23.00824496416059,2264.755908817002,4.7883582733173125,296.44328320934403,208.4242053816678,0.5670989593976119,0.45256466723409183,2,1,2309.8338252218064,5964.650550906534,0.472444692493111,1,Moderate
26.471887758926744,852.2085873427245,-6.378992790557049,268.466809158505,484.92724471491846,0.8164630468960077,0.6261765426924671,0,2,1584.221132476623,8330.914466903354,0.45367035532549516,1,Moderate
46.59693367872076,2402.050623038723,9.18014173528869,74.89679553585692,137.62090453875823,0.7699299333633902,0.6088984132566231,2,2,3334.355326032707,8191.431603947081,0.569341820954252,2,High
25.05374742515769,2725.6169380371402,2.774785125784758,315.4103224862426,188.6257728196388,0.11715257245900307,0.4150897026278759,2,4,157.15903240393126,4769.865513791536,0.44426578062272437,1,Moderate
54.95242879427103,1708.9248354069557,6.940938377411097,189.28398367279672,481.6839502246052,0.3006795738643561,0.6148966387647306,1,3,1800.8027526668702,1836.560191699017,0.7232848748626864,2,High
30.339553918040227,2200.2715418101006,0.8013143056834355,320.14440794590405,288.50525860261644,0.6219958870017774,0.2593180844189722,0,1,1289.8701340855678,2172.531852508026,0.37929747208675674,1,Moderate
5.126490023246896,1651.5081409961551,-1.7144630482023473,118.73801859295655,160.8458653432167,0.8081910086622277,0.3780379046030521,0,0,1123.1085138921399,11983.773964543252,0.19801365355547612,0,Low
58.78198818630804,3139.9106554766745,9.543658131899917,22.338378948755793,408.11915972377847,0.17088151414258101,0.4423188563623751,2,0,898.7963176348163,7936.701032795308,0.7401302554960714,2,High
21.43187434445295,1792.7552137486853,1.6424274163967212,171.3513487175086,453.0190237599256,0.2888855775946955,0.8640086835624805,1,0,3685.3165079297696,18049.107758324364,0.544504601615807,2,High
32.457515969944694,2962.1496106979844,7.3374716559835775,97.14153773443596,118.78918169781299,0.7894260974989697,0.3483328948332549,1,0,4775.498976629821,9274.734209753487,0.4699902624918742,1,Moderate
51.408291241642615,2824.596998118845,9.065847927325798,257.48254431946737,202.33914298621377,0.19433226047426494,0.6351370481158264,1,0,1923.853226609714,10069.831514186968,0.6382386477566702,2,High
24.9342117861534,1495.7163925844122,3.5070925401731845,344.55835902817165,171.70221545472828,0.3285642848109093,0.21340383741889868,0,0,245.51653454020496,18564.899625925107,0.4103242499294299,1,Moderate
4.243924211003672,882.2872723154152,0.9787735703734981,248.75069441456301,258.9200458193487,0.7949545553398869,0.2525697290539267,1,1,3594.5590683628893,10032.814789803908,0.2724247208875143,1,Moderate
28.04407852596102,1480.6792507032214,-9.929782981786987,319.29621469531327,469.89469256683543,0.6824675397888331,0.6484288754599776,1,0,2691.0216723179474,10039.639551086215,0.6434804742551496,2,High
70.83364370207276,2909.1390776357484,-9.19960718521988,163.0886448964343,442.53945625087835,0.0677740175107831,0.7623099273666036,2,1,3618.22306922904,7263.259605866019,0.8740156266134954,3,Critical
48.130079797391865,873.950621785934,-5.982975678977674,277.7906653903086,414.38815071103716,0.15727457195312672,0.4621171765262815,1,0,3239.520820994532,14208.237207668264,0.6219663805189893,2,High
50.36093615004052,1883.0835759163479,-6.2798313628800955,303.4956372018132,53.45705022772516,0.18825460020527301,0.3350996967777665,1,3,4527.179904817383,7844.5533630331865,0.496755850156297,1,Moderate
47.42116152282299,2840.7289430665414,-4.904824096003093,255.91522593007525,128.1788223592142,0.8040123207741658,0.9102715559322725,2,2,702.2009636345872,11766.443407997813,0.5685705006715711,2,High
14.92441042195776,1301.823415436488,-3.901307246046784,182.79982298504328,172.81365200613675,0.8988271108149932,0.1358078150490427,2,0,845.8092262987077,8947.906874561568,0.3349465773967358,1,Moderate
31.37503980767101,2283.512765809171,-2.7986901289854345,225.3117994615325,199.57571532136728,0.651404732370984,0.7207142376493471,2,3,1707.8461201156852,10574.897219317723,0.43367132909161016,1,Moderate
56.320484877248866,935.1473517659693,-1.5892461986224689,252.18251844439692,130.534597906895,0.33275893274285734,0.6901707497471029,0,0,2456.9440799872636,16540.545983234122,0.5218674121331667,2,High
7.602967316486936,471.5501142517437,-8.022673230879708,91.11038515971369,275.6735533106393,-0.18880880012577314,0.6902451627277941,1,3,4628.5689050386045,8274.66042685398,0.4505810299710827,1,Moderate
20.83895820672842,2800.9063653157114,-9.152761360944359,291.4485339293945,91.34932175771425,0.5672368622577533,0.9354204444235243,2,1,4534.821146749803,4601.556120393168,0.5525584857970105,2,High
20.72393313493902,436.4933195896032,3.478888981460468,342.1168340282184,462.5122047132794,0.22829728094756319,0.7281903009807922,3,0,4359.360596346885,11406.408508960047,0.5353321038115469,2,High
32.40141956958795,1022.6967432705876,0.7466964968615546,167.48615346477695,483.2464330128577,0.496285117251466,0.3015651894095841,3,0,1112.6346697179595,18750.17637083261,0.4834919450095665,1,Moderate
73.52765557066388,3007.3720347912963,-1.1171159555976082,252.38418591955585,365.84667928049396,0.46736335980867166,0.35340922423230925,2,0,3648.3818860684282,13864.240416580362,0.6182625497000505,2,High
5.0626910012866455,1277.9955760674684,2.6887988233670477,265.32932608452745,99.33768237308232,0.32891526223182604,0.3911109731998943,0,3,1917.458720452297,6167.264877668898,0.23957930414571044,0,Low
38.90257457854463,3408.3541883481475,6.553588144070808,238.4091171077329,539.5457432507169,0.8388261374989554,0.03080867409810606,2,1,4655.914637705402,19259.87663653393,0.5555070456845185,2,High
13.452351150915783,3431.0967382311233,-1.4461418176759082,196.96143899830878,581.099705789463,-0.1745390201091242,0.913510315408257,3,0,1072.6791818927854,6854.3380233283015,0.5465751370239329,2,High
72.8007409057308,1012.1384695420928,2.8223893010395873,317.3932636469318,161.29995817698415,0.583345732919847,0.07355260386480389,0,1,706.289766019797,19665.08047637894,0.4044899340592527,1,Moderate
8.497762854559815,239.32595564962753,9.071444476703174,161.613615336802,437.55190069239586,0.2508238551295006,0.6997942820974716,1,0,4211.925873167564,3839.7945731292693,0.557205432967819,2,High
30.27007517711934,2497.215166298289,6.792489917231215,21.99706433517729,513.0662468533671,0.5851694955407725,0.7301610048433117,1,0,3584.537975595041,19992.990686810652,0.5556063743810454,2,High
55.34137386259546,1633.3541090043686,-1.4799837899518113,304.0402952563777,346.91393739848627,0.5427416122935951,0.8437150506305396,1,3,4107.10839111915,1518.112998172001,0.6520272591957872,2,High
52.841582102058396,442.5596694625594,2.8943367562948588,242.63325803395824,227.8277047397119,-0.18873819716640508,0.5533622555955225,1,1,789.7169383906382,14264.797634513037,0.6139240250822762,2,High
31.704647767044918,2505.5775845253456,-6.458581561681205,305.7331055398728,313.20729329419396,0.11387234469213836,0.7252644238565369,3,0,4423.963438747315,14808.831720916241,0.5501936050647654,2,High
25.989312596453868,205.99469098053214,1.2104436979017983,49.87707928008995,331.7478129314486,0.008000672554158456,0.30272292446595106,3,3,3388.1017832356824,13591.493739295867,0.418146633194318,1,Moderate
29.820928391465294,3058.6687476736233,9.626565822768857,11.07105858349788,270.3503743034154,-0.016315011763258447,0.74558401091279,3,0,3257.804014492883,15552.135352925408,0.547375792121434,2,High
19.820719736897946,571.4185989852326,0.3663023040504463,336.3748345377005,561.4133714985385,0.6013243525332461,0.3434157372618859,1,0,2912.9193154902746,9436.65883295151,0.45502329654175333,1,Moderate
15.399970403009986,532.860387738865,8.552765983802946,53.18219010620674,459.1357110183761,0.06350648400243708,0.9028384784266961,1,0,3824.382427955882,1082.2789315181503,0.6397653679179428,2,High
36.22797731691675,697.2858130931874,-1.8533015899347856,291.47483954536267,182.71590324023018,0.322211376486031,0.16338180776638278,2,1,2078.041569403118,7155.065854689762,0.40238906993195617,1,Moderate
20.140031705070548,3364.905618873026,9.976896543692625,296.3555791850289,372.0564530259277,0.07168789481424748,0.3157573106739535,1,1,664.1062296658362,12846.28994400297,0.5398825075640001,2,High
21.55962486729376,2456.7758248630767,1.5844007045511574,255.13387219764107,428.7790330121421,0.4382572057788629,0.49876945155513064,0,0,2696.324332470983,12924.94094601766,0.46955378844683204,1,Moderate
49.25670476059178,2824.663220576365,-9.15462011528131,47.25439599343354,127.08603193617165,0.5926311448659649,0.7758505571480978,2,2,3740.5097888678115,3903.876646266402,0.6515738603004654,2,High
72.64029987749191,1451.9589514913603,1.7350959338277612,240.26350484189072,247.13415830908184,0.16418221256799415,0.7487991051030319,1,2,768.2372644383006,5060.1041261976,0.7174314292505922,2,High
45.27279004195313,1243.4632735168489,-4.508546086408067,320.07116999767163,548.0515548821538,0.4633229331158342,0.21071687432450348,0,1,1120.1033380560104,9733.962757648955,0.5114257026538078,2,High
5.773460029872471,897.2456230627778,-9.350373559282106,153.19139212831797,361.94520510186084,0.7073402518551131,0.14423569661179636,0,3,3482.7281103308933,14572.21045424439,0.2618335060108023,1,Moderate
5.668771039055024,1734.2032962621904,6.417066093893268,148.8660675762956,169.34876033317425,-0.09635328631905918,0.30396960429409825,3,0,1348.2546704864108,17055.96206004912,0.3592318128571189,1,Moderate
71.35674156341744,1976.2176940161728,-4.485407260384882,159.42899144859086,117.53163896553292,0.5817376589453984,0.4837541516759025,1,0,849.7043029330048,1729.6969608184543,0.5999655923979985,2,High
22.296809273050023,2248.0344684193683,5.93097108092997,29.61788064343432,335.0247914111827,0.15545943887891828,0.5390050448257506,1,2,4446.960386526493,18512.398313444246,0.48560265027407,1,Moderate
6.905023956185658,974.2029135955613,-4.23564834088266,321.1292048507904,351.2271476660292,-0.0650850478225613,0.42913759095527915,3,0,804.476780270778,18554.633250919498,0.39309859026970695,1,Moderate
44.92834403627862,3325.4238750701684,-6.113472922524514,312.9058310329837,233.9279482450368,0.4002196283757837,0.663090116648007,1,0,1720.7428952367131,158.67484195945192,0.6057654456223103,2,High
46.773658371769955,677.1788939042618,9.47871148208855,359.24735584450303,396.72881563051516,0.04888855119450497,0.4275589435972377,0,0,2142.1514619927216,10128.191513506043,0.6448252093910269,2,High
48.63786150890161,3383.220794205802,-2.7670934448996087,210.66593093942885,87.7765774206638,0.7034979719360734,0.9463290099387947,2,2,2380.699927951982,11742.885280826575,0.5426293776861565,2,High
20.055152089315598,150.5108165255129,2.027524228863209,270.4289891224989,129.82683129637735,-0.15281449951581627,0.26096884798153597,0,0,1806.5496291024308,11074.268582468816,0.2791795107235743,1,Moderate
1.1333013160856276,1735.827352177275,2.1996298562894303,72.96188627062969,350.45060155619257,-0.0914818141020128,0.6273721206700947,0,0,4562.6924969956535,12315.433150563873,0.4266333153537526,1,Moderate
72.37615270908539,1233.4506495963135,1.2094696434700367,240.31037456070104,83.99863161444968,0.37309573858439865,0.6113779386601318,3,0,3293.1261058812734,10067.025637258794,0.5694443041222934,2,High
18.816978426832687,1627.0196073628526,8.293914870424292,233.90382555266063,534.4998207451054,0.44783596248465246,0.28157472188228405,1,2,1797.473246113513,5876.138275333517,0.4748861851707396,1,Moderate
50.70197160394106,2040.2595685346828,3.4888214273373706,324.4351449029805,128.18050375108425,0.6028753309750217,0.4116876245140273,2,1,1788.5985976880997,1914.0877232142993,0.49156972623509715,1,Moderate
52.99724024090322,1581.0031372432106,-1.9253399179013968,299.0853802220667,420.6559307464951,0.08518680107741322,0.3654736194399708,1,0,2514.7624959237382,4167.588211773074,0.664645778886812,2,High
45.750556280961426,1510.4792910254228,7.247607690485481,337.8479265423947,265.16189294293383,0.725936449034621,0.17249906002048931,1,2,168.31602084816654,14805.10227575955,0.5055966853069356,2,High
23.468054566023618,2591.2596124052425,-6.378742017680712,312.7800501725787,269.88326114823667,0.8484565737511616,0.47729521263154395,1,2,4633.214194164798,4821.270372639519,0.32819179442392,1,Moderate
20.332219032304934,2431.9793352939796,0.88473515220835,312.7298021635867,470.6892407361291,0.34894323395434995,0.38666225302184143,0,1,1116.5468885702112,16594.206712554595,0.4279621843846756,1,Moderate
44.82512120270273,2933.122358921883,9.011007438875126,22.94039760793858,324.7041737951027,0.6365845014667815,0.17831736006715937,1,0,3487.962828444433,8069.767340090508,0.5156423830757945,2,High
64.95717252087687,949.8605362142849,2.507952597608254,304.5463029705441,449.1105050041265,0.37733318999817206,0.4498800454177615,1,1,3888.6137350286504,8289.517097962496,0.6632977597855718,2,High
71.00502966925467,2172.3969331638164,6.339369009497524,218.69222202112252,327.8551758140231,-0.12358626764656833,0.42184396825873915,1,3,4136.915075936547,17369.97482363863,0.6941115514286886,2,High
7.942935330281823,2089.6622703357034,3.0712145109038573,136.96000263574604,376.09793777289485,0.15872266412688318,0.13136567765945972,2,0,828.211549337548,4285.776565527896,0.4100540948453678,1,Moderate
11.612145944828988,1357.1085569671418,6.787417270757807,20.345264779702433,468.3930453283153,-0.1037646414102835,0.13118754191801085,0,0,2683.465348778693,3792.384733996632,0.4997669966546533,1,Moderate
70.85521940873097,1752.595642469115,8.889757596904872,243.96255891649682,384.0198086067014,0.887767031180515,0.6475073798456974,1,0,418.3718106993506,19708.128110556634,0.6243905192026655,2,High
55.24014212510944,1166.8592872394777,-4.5415654493452635,118.1526301935423,388.58831016383374,0.05192850328071491,0.7065808047171039,2,1,4023.9617265677766,10812.08880516138,0.7496550006765764,2,High
66.22453686223298,582.2709518977497,-6.606778374865623,168.3994553949725,484.070775285177,0.49949046135729064,0.9411804199089048,1,2,2432.257669791952,3810.414081153122,0.8257620332636915,3,Critical
15.197447560150737,826.9241162532917,-0.32018499334920136,245.42223733984835,571.9977487006553,0.1127796121394311,0.08700469046109982,3,0,792.4452946173888,3316.09660089675,0.409297231324516,1,Moderate
44.06894033320514,458.7463977640837,4.0372485364843165,328.2388369286914,257.19388466443525,0.5185708368915185,0.1178614923782535,2,0,3593.3947280403186,17233.299386520117,0.43590186234323924,1,Moderate
52.58546958131053,2422.436555646422,-5.456174936355678,297.15728961779945,367.4144364742732,0.03144185995753068,0.05181812846791101,3,3,1655.8492437598893,11996.919342749428,0.5436482936591122,2,High
51.00839140852295,2346.473136571115,-9.917970991396658,162.21496647729595,97.45023675345008,0.663797072501082,0.53222843075693,1,2,572.5330188005379,2300.765085635319,0.6114088896351696,2,High
30.61137681500236,3332.0616633715676,-3.1412976832658934,139.6019366806964,247.3421343128768,-0.07810723687970096,0.6227466142952265,3,3,2305.369124968238,17738.161771125204,0.4454540554976774,1,Moderate
1.1546168768481357,2580.90660640062,9.377186709355769,86.32070598385708,276.6270742391623,0.7846654400993083,0.40352345193215766,2,3,1176.2329935485739,8878.100113612418,0.37670575072059975,1,Moderate
43.719454260319736,276.95585177084695,3.8993492121169346,134.07363042334856,509.38052425322803,0.724463861794874,0.7979022209611327,2,1,4751.109178687212,19787.14544260783,0.6366929424263597,2,High
18.982615438470656,3106.433591358444,-1.9734911211755204,39.97669942508339,332.3658211691222,0.5466880780022241,0.6866994360038001,3,0,1806.8082890338865,5635.206553717753,0.4573910993445113,1,Moderate
33.769068460716774,3033.0955540154678,-6.148478053063194,349.5979830113116,452.0865053141518,-0.1258439101428674,0.98584042094686,2,1,2862.2645257325003,10576.34462896412,0.7494815412348581,2,High
71.81857613128629,1607.2890906271755,-2.8782065249050603,206.6102798254484,60.45407001411925,0.029425931161821156,0.13789498329967864,3,0,4741.804992285309,3462.0056146526144,0.5373676928703637,2,High
29.927648823182604,2091.934371794933,-6.603211333975041,46.01010340627664,305.4709682955736,0.7452977552601836,0.05831566434250135,1,1,1968.605932839803,8794.119573799775,0.3955773386916909,1,Moderate
62.98512049983201,3418.666330406564,-7.873883573740972,127.01016333572608,545.7247158399714,-0.06582812226714535,0.2748037055693878,2,1,1790.6343688797772,3530.75098018671,0.8155584411001505,3,Critical
14.140545431193836,1909.8348370837653,8.134847451451076,196.93409170343614,173.3726501181818,-0.02847469406117792,0.019050195316844043,1,3,812.0282019663799,6144.6217303786325,0.26560787029387267,1,Moderate
50.43453735187716,3178.094216478705,9.953006767509471,191.83882919071306,67.33720191891211,0.3984036561310728,0.9326114278665126,0,0,4691.517822828826,5397.314756399374,0.6597388376827502,2,High
73.27552158292076,382.3317765546339,-6.717711208084194,12.781212738707648,288.37480354241205,0.10159518364177811,0.3039516586881754,2,0,4003.723891731193,5661.878645143841,0.7211531289958997,2,High
7.64198256547026,749.5763536095217,-8.909548822434406,342.3027723224801,437.43750135617745,0.04428326993832246,0.5524301669714589,3,1,1105.0549451094605,19396.526227826624,0.46549708746238905,1,Moderate
0.6239956670394009,1598.5668077004807,-3.405377857075753,99.13524533098007,299.9549287628082,0.43339477503299867,0.3180696328787419,2,3,1663.3721387416595,768.9297157636621,0.485378887649687,1,Moderate
32.51870944744608,2088.1731483468357,-0.766816384771694,5.826480815480828,302.9880724311962,0.209834344103832,0.24580862198882347,2,3,4574.558890409757,9937.230507468194,0.4586605093511042,1,Moderate
6.94691122885254,2875.174696333521,-5.903575058482911,27.51984322210169,418.3927726810757,-0.045384113553364386,0.15236472397488,2,1,2686.397979039125,12584.916085286564,0.561111124661105,2,High
56.128826225717354,3460.091191486835,-3.9715017640288313,208.8701651692717,189.91384455567695,0.3883391443000109,0.3203659203291356,1,0,2781.6714330293994,13215.227488880102,0.5421460549134424,2,High
68.59114978864191,1422.0950880119958,-5.982585286166846,49.60278744303487,463.5393854030876,0.22571364360648505,0.6154189304079746,0,0,3240.722409756897,15090.9137626597,0.7115232857221376,2,High
32.551572953156914,261.2131628762887,5.485211368649026,15.02092542726118,134.2124419981534,0.6079684517011463,0.9716211996875278,1,3,3810.8190895389903,15219.308164527587,0.5062601674286848,2,High
19.40337316165807,2823.9831112041043,4.251558864945215,136.66552790857608,267.66283290729325,-0.08696901344735189,0.5580920403671494,0,1,4696.42772832165,19110.059648719205,0.3927130068037713,1,Moderate
32.58024892549573,2154.8944448815478,2.699030315219634,224.19402924246788,410.80445965900486,0.48267456834057126,0.5327090660990051,2,2,4011.125367350125,15113.359092074192,0.4716319369421741,1,Moderate
54.25858633875008,775.0457201518857,-2.2556428584159054,40.262329742980455,505.6029539766087,0.2801426596375725,0.03526301810514687,2,0,4672.745992320107,16473.784983463232,0.5460121982510404,2,High
0.6790621185278234,1782.4167525128285,8.180818826284721,112.7980195744736,485.3420891407804,0.2466680625576445,0.8400990156676927,1,0,4103.04879076118,10646.30830505241,0.567526121449708,2,High
44.20904921135229,2623.854834814663,9.390650830700402,150.3938417848352,446.9270796192338,0.05551645680917533,0.044841374997573236,0,1,232.17030307333187,13153.466876466477,0.5186516619927312,2,High
45.99687636655343,2719.400076033389,-6.527213747491761,57.40563520323618,247.5030109450151,-0.16653136897701779,0.9062322741034792,1,3,587.6731026847099,9562.486336543885,0.6016615602395528,2,High
47.826618517195165,1798.7026007957909,-5.539747171762439,182.18660344801566,117.26737396154812,0.7324581138011101,0.5386717253567179,1,4,4424.46462823167,5528.340936088672,0.4897466645736206,1,Moderate
18.15165599856579,1137.729402438121,0.5126205600073934,30.677071284637524,169.25881973114485,0.15905109463786848,0.16846660523403545,1,3,138.48224522628516,6267.661605921333,0.3735433539847823,1,Moderate
53.55395425335951,3410.724778930878,-8.174988614355094,16.74665868422472,525.6585980170668,0.5492001437028318,0.4517073920064587,1,1,3970.873244099653,7210.654866903741,0.6739801123919341,2,High
6.85436147488323,2355.4328772520757,-1.2710320235377441,187.1407321758485,521.5322535729626,0.8423461397543783,0.9949844806831983,1,1,4249.218659517562,6812.866957710866,0.5068532915985136,2,High
14.945275235010062,1488.0075657774155,1.635825295554202,89.24291019031523,573.3584688964587,0.4214893278903448,0.305082852044093,3,3,2077.3228104122622,10663.22125173818,0.4764799486755401,1,Moderate
65.81025349908614,1053.5749622958183,0.4414714227466625,34.33457084328991,91.79375854254789,0.23686159277185292,0.26945976854857867,1,0,1774.2737641160988,4952.6345061320435,0.5496204334250241,2,High
55.40423630449248,2585.7501422121113,-3.3818283384394787,152.60853149554762,345.24499690260086,0.09510092298357409,0.11800589504250591,2,4,972.021095590248,10332.842270635083,0.5996169692597731,2,High
1.0309165508508937,923.4237150188102,0.8489161215441356,329.4506662262621,406.77567469732844,0.8274481719122428,0.5971423487908388,2,1,244.59435831181486,18324.82622321645,0.33742382322181474,1,Moderate
18.628219527735016,683.8139625105398,9.176019085176957,260.7092807954958,440.86155738677115,0.5502844998562573,0.08922699901396292,1,4,3726.914781554968,8119.276577240777,0.48564519971132997,1,Moderate
16.08048622448734,1901.435222471039,-5.879651914172479,293.62172952492995,404.1247792557366,0.5318095325822156,0.7660080638040772,2,2,368.63542223693315,4452.921289230587,0.573215025083527,2,High
20.310474602772942,1085.9571349900823,3.0966271678800723,313.8890359531091,473.5062644462551,0.26877415765980467,0.919223514330558,2,0,4723.348140044604,6937.117912731399,0.5861458752454692,2,High
18.56698277099148,2238.277492740291,-9.132066116878963,350.14598690271083,247.70936695913787,0.7295535841541738,0.9318711112154994,0,0,1483.7173138753096,17537.745890087794,0.4874247349164828,1,Moderate
4.68947218071343,500.99149457239383,-8.671671910371302,274.76876646510226,148.6880246745152,0.5850394057104358,0.10791625287743778,0,0,3971.221587971159,18833.958468410096,0.23994510763781218,0,Low
34.42053874476152,2326.7997555288935,1.0365644844717004,219.0268518982127,162.52085468274117,0.11150159895911771,0.5582625973529688,2,0,298.41325518405347,17733.737863367893,0.5067859753212504,2,High
54.95501060896238,1063.2081951921875,-7.901216393441011,131.553316908809,56.588279208590386,0.45953652602755285,0.09710985490216661,1,1,2681.39342325936,5746.952227092468,0.464710284770713,1,Moderate
45.50487935380773,100.82597707734328,-9.553064231462853,65.39156516077779,242.6770296584223,0.27321335006139225,0.5720161414842972,1,1,1745.497685452745,7756.910273424808,0.6458968793280474,2,High
50.46537514485598,531.5825960921997,-6.569740047039556,247.19755463398596,100.4592279839875,-0.19275082088731568,0.814980585209581,0,1,150.00552589068405,19498.6764906755,0.49776830168967645,1,Moderate
6.086188390217936,3274.29228463932,1.2969834199914878,358.1819950038991,226.818781034605,0.6883857746519773,0.5377901623032847,0,0,3278.996772045858,6477.046213353535,0.3665070662396614,1,Moderate
71.36180326325903,3049.0057729922164,4.066819090378647,168.24912646281086,395.51554244143625,-0.06488661618832914,0.8720538261066811,2,4,4715.813604542474,2757.197691894804,0.7699132451288757,3,Critical
62.886887538226866,894.2707089232052,-5.9504287171724,260.52457251341076,541.962930572751,0.3609499566028756,0.8016743548493777,2,1,53.763836015328636,5641.884086221367,0.7591499787240459,3,Critical
60.3817738871747,2746.4644754546703,3.36518874416349,178.2332819975362,511.78299804478405,0.1698488123932972,0.2765483499399284,2,3,1352.184630901202,19279.55050879873,0.6761350921683196,2,High
61.72378537813256,2169.143416791512,-6.350473378015414,155.49603241085157,188.9708165766673,0.17629794532074528,0.6301022828824416,1,0,3518.0287134878245,8317.509009679614,0.617233221783074,2,High
69.9532881099571,3401.076018929556,2.2691485326251417,147.71002088156945,123.74572820892583,0.3251013717551889,0.007412126476131431,3,3,4356.2686202081495,18677.6387986001,0.42931158688052423,1,Moderate
40.81904745852733,1370.259242415801,-1.7608064020840235,181.66488585541114,156.18975058820223,0.8967254144217196,0.3960419159248644,2,0,953.8958675003905,2081.644288630979,0.44063026694975926,1,Moderate
15.021151340071942,2416.9660825583824,3.0759901866723354,132.082438271535,584.0426585469838,0.24921764869462337,0.23796016778429518,2,2,353.5839226938442,15321.111444275353,0.47519876771967573,1,Moderate
46.258770588940585,316.0214562413232,9.901055049584947,269.5583958558508,352.21096382701995,0.0005621527982296592,0.9371163459434861,0,2,43.207001685354186,1866.8679456230252,0.7283034743387832,2,High
55.71611202509543,1447.2409791757802,8.756339304651238,314.737929572946,150.37622265031615,0.47496697185430586,0.40538901172316,1,3,1076.032108280921,3949.914493925708,0.5705850535813847,2,High
55.34380450155191,3376.9800480398135,-9.914364843277927,317.8387103922663,512.4103850777483,0.0599164788434734,0.6540644284224806,3,0,356.5864602712376,12322.04482690232,0.755877818164224,3,Critical
39.10867681251601,1932.53497313041,7.708775287246116,81.97153683329734,267.35518437190524,-0.08389594961575456,0.7319816092736072,1,0,1796.9104455129898,8689.563237986767,0.6282035426499328,2,High
5.1344039500183545,1078.7903113384716,-8.67018409650467,322.5272899433367,544.5721835861,-0.144808410727478,0.7732125386815075,2,3,2200.6288747692342,13333.485056876661,0.6085460483309243,2,High
27.833470382259588,508.9212746372633,9.060931723196898,122.95844346783782,193.3724197589676,-0.17483059857834776,0.7357751920175288,2,0,2399.619029411031,19468.12584093339,0.6089684343366615,2,High
69.0574956347518,2491.9963566172037,-4.363486418006306,111.35075957470715,266.27196734232984,0.27428111314217013,0.28916506098773476,0,0,711.646551223038,1054.2745344698524,0.5388623804695708,2,High
43.83366823180695,2292.510547661071,-2.3593033917745814,261.6321806633649,327.72126953454654,0.2693983578607331,0.6860676967292221,2,1,2319.9402441329476,3832.533439089625,0.5327364078207285,2,High
40.37489574417851,1371.3916262528337,-8.167235896485444,109.69068243106419,540.9384337489673,0.004099940085748238,0.5490094822622833,0,0,45.25820877931519,12804.478450779447,0.580763149485171,2,High
20.164013578664512,3333.2005963438364,-7.754544833421808,19.067906019495638,527.8165873827807,0.6624209591483303,0.5973726647975188,2,0,1197.1054406102282,17930.52900380796,0.535497356930224,2,High
27.633668993743417,175.48956415869108,4.534811304586393,134.5023980317109,365.89528866713283,-0.057802309288133374,0.0008146173087548725,3,0,1845.4302465465994,15952.958200876976,0.4345040571833214,1,Moderate
67.15095668648769,1132.6610955482076,8.886644714965833,259.72761612900564,171.97653037948987,0.8068489119032327,0.25825760095285655,3,0,591.757879717833,9311.649711001339,0.4156383222386325,1,Moderate
49.98472856451268,3231.636253418577,2.2149698990861904,117.70503129726355,271.8463344558313,0.4463335754075997,0.9306836967156555,2,1,4070.022986586587,14909.49350168875,0.6205956795063798,2,High
59.05402700642497,1191.1804902860972,4.317000310536221,226.64126015825275,586.598185951028,-0.16962198628457742,0.29007608330572576,1,0,1006.0619615407707,4161.951220662862,0.7280085089293142,2,High
34.07590673007414,957.6596351075793,5.2393948919430695,237.64299993472696,384.27527313257116,0.8592698883169885,0.4380155222496426,2,2,3774.448558231339,274.6118314858359,0.5606032262838191,2,High
47.268541459211846,1916.3493937662408,-4.743714508941165,264.14496422148824,479.60376531830815,0.13873538550043896,0.18667398219574105,2,3,2369.4651972791376,11400.333006508296,0.5548149170275254,2,High
18.628770655740563,2900.925949729829,-9.095407381595702,322.96696787193713,297.4255824487808,0.2949724555356388,0.13860255190368975,0,0,2398.715465725822,16264.893419854456,0.4853968790461717,1,Moderate
52.90956227126147,450.6989869864276,-9.962545121616628,155.72321973663531,342.6040015067435,0.1126955622940074,0.2086689686387051,0,3,3225.9716805281337,8668.870787606518,0.5965299662743949,2,High
32.0701000277503,3306.270412795503,-2.987014340919627,59.915547598484544,285.92476172789924,0.6012634278371554,0.553647328866973,2,3,221.3885581649938,11384.975408975075,0.4518709611426728,1,Moderate
33.19091361110592,2803.2477960159576,-5.170715436015678,114.81325755548019,436.60654893408235,0.3342482427914925,0.9190286513901081,0,2,393.7967000007142,8443.623892809193,0.5997193356789778,2,High
48.69917434326612,716.2508688752766,-8.753645499016287,155.58021186263494,518.3090576377826,-0.054389744657247135,0.3261991798961903,3,4,1634.2174488625706,10280.757997440685,0.715775350759331,2,High
70.2210466101695,2520.8270680737533,-6.409434150126665,257.0009289581207,329.04994877351,-0.08537565240460084,0.32340795220797103,1,0,2084.112502508611,17686.925275698337,0.615521519753362,2,High
4.800475995646569,1408.8596569676943,-7.510022034641044,4.723965202188061,314.47710224992414,0.5979129546570323,0.5641405868868683,1,3,2149.7039859740985,9562.802186054467,0.34567566086342244,1,Moderate
61.85574280102557,1467.8019054594836,8.297567612347407,113.68273803835642,237.1575569041183,0.06078954542439868,0.35674271769313526,1,2,3384.43565412734,149.51172937139435,0.6650435982085476,2,High
21.928733280914482,2763.1863142921457,-7.1946557308166215,280.743329166954,147.40318186174608,-0.04842728789768022,0.910416047983988,3,0,3.525059180761181,15996.972846743016,0.4785141915667994,1,Moderate
33.29395908797834,3373.4683471344892,0.7529692797535841,241.50877319905035,566.5862475813099,0.3493703566976271,0.3778480426422619,3,2,4795.525460398443,12354.34682805012,0.5349378226311108,2,High
1.6434996581256716,530.6299676804593,1.862119102243291,263.4263904908179,223.84384527372777,0.6830418162899345,0.49044225251946705,0,1,872.4370548847244,14607.866738711911,0.3092319031778604,1,Moderate
22.57845583757348,1530.1428053879858,0.8697891541726754,292.2518769981101,490.380304965857,0.10666102046044351,0.5333892839704109,2,0,1243.1583815261838,18021.74412681287,0.5681984576271941,2,High
37.697343197259784,1735.201467486632,-8.01887131568024,281.96485879606644,443.4408617081108,0.10407477287088857,0.7820677951304712,2,0,4528.135922625817,5724.284724609414,0.6641141853470707,2,High
4.213205801057926,1379.460177646992,-3.624032764988976,245.5859398150001,485.004680152971,0.7172693862864146,0.5639059394148837,2,2,27.457004347761217,10061.398425339312,0.4123156964212824,1,Moderate
36.83217970373739,1334.843020635165,-8.974593350736935,158.2781516534126,565.2224733546564,-0.03738282597433909,0.2391551001473241,2,2,4956.530407794769,12049.670986917574,0.6430386299191558,2,High
69.53329716438205,277.71346970942824,-2.0866017180736796,354.0953983961354,392.85391812149345,0.478400350965202,0.12398720662636731,1,1,179.78667813551675,6907.823289913644,0.6334649916836445,2,High
7.904491358085392,2430.831309912919,-6.22802137456816,204.86635041242656,543.8726888601245,0.8505148312808442,0.937774546688964,1,1,602.7275974677981,16921.343047076418,0.5133912749283017,2,High
57.333054605662824,1583.1290182081543,1.2326506656875953,72.99691537278208,142.23352760176152,0.7254334645350384,0.8015629946391074,1,0,1200.5335627444408,13951.323597997165,0.5659275491334665,2,High
30.725329003199448,762.298928989351,3.85616787698201,105.41262783772238,394.6919167762332,-0.1320032428422979,0.02296521028891574,0,1,2193.6082005645367,14668.151676261024,0.4729457478528138,1,Moderate
49.13802858932535,2874.5139078270327,0.642397204094129,249.68248414936917,474.75158710303697,0.151901964217788,0.8215289843235476,0,3,2592.2576685779613,16160.145367531855,0.5863216174468417,2,High
19.517744848892203,2828.7065437155347,-1.315266067772086,332.9062434718069,199.40262190929573,-0.04338808784812201,0.5905977939047687,0,3,523.5923558433236,5161.683626231666,0.42205120665948254,1,Moderate
11.96191969060187,1753.731535502239,-2.253331582866151,64.3392465141231,457.41459071058074,0.8441647014558538,0.5188942350349434,2,2,368.36949310514456,14912.83579329955,0.3711117316315176,1,Moderate
12.034696070341983,1114.7322479023858,6.833835361940075,29.644738468483084,478.16225601393023,0.8845357228442894,0.012229179023558912,0,4,159.2951820288402,15476.13719100601,0.3465369790640727,1,Moderate
5.286895923235849,2269.515267707938,-5.612638698694599,317.35117729512217,507.15337580904463,0.05849232259404169,0.7808640563844151,2,3,1283.7535033710158,16847.850933020673,0.5323703226480471,2,High
13.923502867593227,1079.7172616431703,4.684366790577377,329.5000724086204,222.08560192776304,0.5366689493116279,0.19806501424125011,2,0,4607.664867976212,9770.75661003382,0.4280146202350692,1,Moderate
49.81645387417262,902.4269631006209,5.149646494802379,99.49656431372381,424.88362459257,0.7257949052518302,0.727981213194079,3,0,1949.2125944395157,10083.79230987497,0.6074271598948274,2,High
66.1267958882631,2583.749823689511,-1.6159998545853114,135.82286077364634,217.33930587536915,0.05704831285592421,0.015868247365817267,2,0,3820.036960472746,1963.56440202341,0.6872045291436873,2,High
61.059426419337136,237.10581505123238,-4.053988015487214,237.66767909922902,456.47221312415047,0.006448697753075244,0.7963536496661862,3,1,950.9409726947538,17042.419176364598,0.7047785611365762,2,High
51.38507324058631,422.2128015176195,-0.5891702790804949,118.77480750329093,304.63551583014174,-0.18766787442799168,0.02303946835504056,0,2,323.39612863302114,10669.763774253302,0.5127202916346714,2,High
8.2823897558327,123.07979168020523,-8.13572148214603,315.7771349772191,378.649405989971,0.2531587026356785,0.23589290407251906,2,0,2771.3989424183137,11888.694432884367,0.45558870263784085,1,Moderate
21.689058472196237,620.0068340164489,-9.0813993554182,38.72833297699058,278.71198978681286,0.7893812086341883,0.26827821251271344,0,3,4110.462001852509,2428.8131297224513,0.389731158290323,1,Moderate
23.235515649185174,334.5660296155622,-7.767936010962164,13.673599545670276,139.09060981140337,0.7932776139619839,0.1575086381069264,2,1,4492.299583317725,12036.450638126697,0.36327397072718565,1,Moderate
18.74677097982159,3485.7280504517234,-6.257099370755476,75.05503442740422,147.91624128295,-0.0594825597400821,0.48105819619536905,1,2,2731.0230176755044,839.7670019021186,0.5194830145326602,2,High
38.625424478229235,1081.9538978439045,0.08353640676086016,102.99160015378884,92.66289899417399,0.02478772858123443,0.2836879596167089,2,0,1470.161420155155,18464.17533281301,0.37756301093731265,1,Moderate
40.16653611597544,607.5112430754407,6.9827327232224405,40.653572863995024,389.939973846914,0.24885206402798699,0.9932879757272567,1,0,547.558726186304,17270.749440051943,0.6427014525548899,2,High
26.766448137833265,919.3872771861211,-5.28715336000626,23.64855456263282,516.7511188741826,0.6586869996800722,0.5799687933654389,0,1,3339.114271193149,3886.3484726244924,0.4624845368556123,1,Moderate
26.5341869052327,3282.8269432364577,8.703240214935562,272.01877686064734,61.46025444414452,0.47303663188490147,0.5664778250542405,2,3,1402.184085590426,11876.013321132637,0.47727039072325056,1,Moderate
62.1416698429561,1868.5447582829454,9.098158178700068,59.13956372481265,86.43172614859442,0.3652347178722381,0.22086963010645522,3,3,4219.812122240988,12053.982410057266,0.4862393698489325,1,Moderate
59.19696362397642,1340.3815274467133,9.178092096904106,329.0119916638694,301.6068457666007,0.4511250726448635,0.40868943871491137,0,2,3025.60559226644,16068.648294039456,0.5908437246603259,2,High
23.084687376055925,3069.530956891346,6.751254693526477,132.47987812131458,455.74640489250413,-0.09418033681747369,0.12397799436000001,3,0,4294.392816773629,15138.407255046091,0.4435946368064293,1,Moderate
68.53413329049445,1442.9669198667104,-2.723499184045588,241.41809149968435,136.73920459157324,0.3254300064803977,0.7625292522503863,0,0,2833.265050025757,19864.864311536385,0.5435344866639782,2,High
71.46112627518795,1239.0291378561658,-8.546321779947538,81.14476131676808,199.4082257520566,0.8912696184930413,0.3311592461534769,2,3,3858.7118135222163,7016.813542691342,0.651966810193972,2,High
24.50569065225306,804.7605766691009,1.3763746353298973,86.51619665707206,177.60341070499393,-0.10270923836700341,0.7519658333932103,3,0,1471.5257545554932,2492.649036354537,0.48761167493398594,1,Moderate
26.581871159479114,1384.509201291999,1.1736288787446743,206.89531303232712,269.47817026913475,0.3711713453983751,0.37169599992947544,0,2,2515.2939519129077,11469.434399034604,0.4457485509152636,1,Moderate
37.922561506646915,1176.7268104575485,6.999515342191913,201.831453052555,173.74927235966413,0.12521418782311206,0.9887572401148456,1,1,97.0318645145496,15279.833481334303,0.5586536976922312,2,High
70.58406094002551,2402.8334616136794,9.919821018922104,276.7425220843493,243.92927319961416,0.3939046265481549,0.1711216222546218,1,1,3039.158716617778,5715.867046112808,0.6165573081038582,2,High
65.72395748567337,1084.581195880472,0.16314613120295185,272.81279004993576,450.69842926406926,0.4312006360371214,0.0015238938833312954,1,1,2668.696737802266,4724.127337159778,0.6344795559498804,2,High
7.692597193769235,2062.479137836709,-3.0959193792043145,241.447595278918,386.055086649804,0.43522018793142353,0.5948255413783857,2,3,3776.411612151016,16049.09190559368,0.42906530211773014,1,Moderate
29.454805745356218,324.0333611087072,-6.2819657688746595,161.68700372165677,94.64993796543109,0.7374296638419753,0.9529532000878381,2,3,3644.779827430328,15074.445834504455,0.4695356508510568,1,Moderate
41.50283923123289,750.3831327681488,-9.904003503652586,320.63053906102215,400.76011643514477,0.22872215614102703,0.6470540549059793,3,3,3138.085009174539,4067.8393547437317,0.6541026055663048,2,High
37.7349354413655,1485.1779234785859,0.18227384977758376,224.12825647966756,312.3924443575674,0.3679895789331456,0.08572352274818096,0,1,283.4270681043366,17385.41207990664,0.3651852211822481,1,Moderate
14.53973009526695,3285.6274632895643,1.1103733340519142,356.4714565664486,564.0110660889263,-0.1879787611354766,0.5404803824662254,1,0,4515.048536305386,2694.588345183182,0.5630226569803678,2,High
64.4112578376116,1382.6567514333644,6.498769596347948,294.9731344563691,209.11737440722928,0.6685056617377434,0.9094869361377274,1,4,90.09595453648433,2184.7965054358556,0.643546836760259,2,High
50.7705587247628,2357.852012079436,0.09153935785601242,15.95153204579744,449.391530834538,0.08543647811343824,0.006506067880012734,3,0,4016.3383021128056,7022.144729169972,0.5759594804858958,2,High
62.84312811388527,967.2965562327537,8.329366973321129,115.4138065489144,451.97345267451345,0.6982105264445682,0.16691221283779878,0,1,2396.731756337349,17730.65185917267,0.5557980277300514,2,High
64.40732095121041,531.9141583089879,2.5616695314287092,205.8752579295426,171.82542955505306,0.09220253301834891,0.8145615561026164,3,0,4089.967814448149,13908.803373184204,0.5771950159734549,2,High
56.126689024930485,299.0244402721704,6.806724764421663,259.72903363373536,546.7729937340148,-0.18813265411125857,0.8939071065774828,1,1,2325.34936856346,7894.371651024697,0.8046119059828248,3,Critical
32.9407950937288,1138.4058950453546,-7.033965303845058,198.12113919429893,320.1507602362817,-0.02968554998720857,0.7071606208682709,2,0,3234.68902535907,3145.018469037444,0.6769837663218923,2,High
45.79100662615684,636.047491109487,7.106722606046294,283.00695208638547,423.3858517891163,0.8842511928293848,0.9915601636398208,1,3,1816.327528909981,14269.53025445289,0.679963334777984,2,High
12.027405458980736,691.6355232548223,3.502877088876968,101.75603499264406,130.2205573859275,0.1517813705427874,0.09021592958656932,3,4,3718.393680681644,11982.944389766253,0.26918867220498527,1,Moderate
50.52340631061808,2686.58164851563,-6.595339351233389,66.20833844381703,191.7921543455831,-0.08029370778597812,0.5456765158365603,2,1,1270.8808755724888,19753.65822138262,0.5750183308121333,2,High
13.443994180446056,153.84944121257234,-6.204728837079783,19.410006164317238,372.35891486547257,-0.06936531601167442,0.6849947226475862,2,0,3596.779559375762,15311.189236290898,0.6303847935488877,2,High
52.04621928826176,1996.554427500477,8.530012380884425,206.39294804574794,225.46499760534223,0.1413769854629462,0.7026447203690879,2,2,966.9132553860749,2042.4791281694277,0.7111123465387492,2,High
17.21986205654765,1390.1686940177804,-9.355692790992542,247.8958274431783,324.8311052140354,-0.15859045477156067,0.7934846153441827,1,0,3610.838418363627,14564.301188212623,0.5616716137846737,2,High
8.816347511266498,1822.2699996890606,-0.7493011340858775,117.41389816297017,255.70285965530908,0.3626374469341492,0.9176260450993832,0,4,1468.3565262108373,5148.940910329005,0.41272633847118234,1,Moderate
12.396336760721807,2013.6228065296498,-3.7304942013179687,220.89030654811557,402.3045881542264,0.03511500703825218,0.36164144561711464,2,0,1393.1588602436807,19237.913979508354,0.41711444787460294,1,Moderate
0.1494101414302701,1165.450161154746,3.301548799968561,18.776603107198525,317.9299495294449,0.3712417055365595,0.042963392807635836,1,0,4057.4696873930334,385.47234948421493,0.3291416393061495,1,Moderate
53.90547133901477,1103.37012462657,6.792587751379841,35.74560466684931,52.53546478524249,-0.045159359430857804,0.3624419144809583,2,2,4068.463183450332,4767.011806359289,0.6300564094601676,2,High
54.93007867937843,2593.5662877386794,-2.7924375688686087,252.6317180130594,407.32446086996123,0.2728429519192416,0.6716147633872349,2,2,3457.0118476267826,9979.967530236498,0.735167478627008,2,High
38.62000124349446,3062.3417596119343,-1.4619582535432567,132.50509387822754,282.16685637759997,0.45770854424136903,0.21345608733364352,1,1,4619.543153787184,1581.3680090771886,0.45661564055109,1,Moderate
12.102210079153778,754.7775503589949,9.638355690028284,241.68025119708201,237.93408726962258,-0.13180006782808118,0.8099729515587104,2,0,780.9684667253364,6881.256686883969,0.5929367361532188,2,High
6.266575313301731,431.9037858195064,5.678330193584056,299.4196033007705,101.78071375577295,0.23862424017616446,0.21976445772283082,2,0,1346.6066010655204,9944.699464238469,0.3982345937209282,1,Moderate
1.4346724827965258,3152.505741732888,7.944082618635829,306.9440774914021,171.2033298115703,0.13277620308865656,0.010063402380173336,2,0,1470.0704331005088,8938.665054134019,0.3548068437847322,1,Moderate
12.431113272391553,1289.6445764011555,-1.2247555869674045,61.98035236720234,173.0747603694694,0.06439579813749746,0.5080807742235793,2,0,1526.4316870050604,9211.704501348015,0.4535246443849834,1,Moderate
66.814165123736,1974.4791282535682,-5.318475920317695,175.06280604648475,564.453224672601,0.4649880886929462,0.72646157140362,0,3,1640.1599194215182,17580.461038787078,0.7158668068593601,2,High
18.115263127626132,1322.4466913680117,-1.7627306922709671,264.2136205076951,287.88213611060075,0.447396184341948,0.349655340536834,3,0,3485.045885596683,10105.81747130636,0.3282908964307904,1,Moderate
26.570349541291176,527.7279435765745,4.32183835663027,278.63301465608777,73.13621596834352,0.4937697873454629,0.7488957995367868,1,1,1353.790716626695,18820.93701651794,0.35567357195681715,1,Moderate
7.9009113360999885,2103.7275928222753,-7.8113919032804136,282.4833530623959,126.34917523382649,-0.025229062524226492,0.4384043341210082,3,2,1429.6107742524073,2954.6336152815743,0.4365263604436871,1,Moderate
16.67709785611277,1885.478896016741,-4.590617887669824,82.1402403770104,93.46797165310164,0.1142801693485605,0.17171461730673543,1,0,2852.072917579757,5605.1217501206875,0.2523152727662385,1,Moderate
38.94184280851538,790.1781012500705,-9.067281990768192,69.3125343805584,373.8781646139662,0.030646655794586614,0.09055839379895492,0,3,966.794275321411,13130.315503878675,0.49074975675578214,1,Moderate
45.58145123217394,1636.3547518177447,-1.3530452332373688,212.40448857853053,152.6418203617547,0.39455396549762617,0.7105871649073474,2,2,1824.4375327356126,5662.451638045629,0.5055328522715096,2,High
18.40142356246583,2809.621513653196,6.548914719592265,266.7908871857591,324.20670215497677,0.30717225813057797,0.3857147876028778,1,0,289.7019430805292,6945.52138828103,0.5093283356731098,2,High
4.329911941883791,2107.4487505668303,-9.506726234039784,114.89022559230958,253.53413457848657,0.1633231113520251,0.9127737679237703,3,3,4762.735540315035,18020.56396015182,0.48998787492655704,1,Moderate
29.3274651845549,429.5189120277825,3.50647053614332,37.69385647047176,492.1320074293096,0.6646162897552765,0.5402550585739497,0,1,1586.5383854911813,10771.183496100663,0.4573098105748869,1,Moderate
17.56525281947506,1963.2730905790593,8.649917490274792,258.0286978476279,226.26930049594927,-0.09662888115077893,0.3484324182207026,0,2,4250.21066790543,6693.215119186342,0.5639810750226247,2,High
16.466544242235145,2489.310217584595,-5.261442769776354,107.89121929680162,302.0460153182446,0.8723863576312065,0.3489909269897231,0,3,2649.7279703499917,15534.235557818254,0.3744685647609874,1,Moderate
71.98971020350915,2795.1915796545545,3.872696814552963,59.89058075221986,446.7070517288042,-0.07180151440314941,0.13143786445264916,1,3,1141.0607864385108,1413.2950810040645,0.7276782764728875,2,High
46.2225364444293,2238.999767356507,9.502038022004008,53.180470222967394,288.34316381185164,0.6503778938252065,0.5937891535891566,2,1,967.137870014494,11273.252204124252,0.6715946194020977,2,High
41.76588323790719,619.0377594386647,9.245561203049263,113.36743710961787,486.268544807254,0.20505320807691502,0.5821671354103222,1,0,3474.803724415071,1993.3944429314465,0.6672912747390667,2,High
31.183132764249144,2514.5891064065463,-5.301416139417134,213.36410372894838,413.9263959301657,0.7517884520449862,0.7999936919364935,1,0,4824.344038168209,3537.0160409873197,0.5564963485779953,2,High
32.17082500726082,2402.962276677156,-7.993378935758626,129.02480592977398,275.7910126706938,-0.11841305633742175,0.20119696246707608,0,2,915.3486026458635,1248.9090857900665,0.5407387536527137,2,High
40.56787528785606,183.05140199815295,-7.0343492420816816,7.438266573635373,327.19005912749947,0.21219388121157162,0.2907896424758274,1,3,577.1060834837266,18033.66057565601,0.48920882740535576,1,Moderate
52.23223552770804,1499.9420698068268,4.040713369642843,34.887036484011986,581.9619007132064,0.16898774715025994,0.09723796909558169,0,0,1935.496727049652,964.0891753567305,0.5781821437973442,2,High
52.66095721363721,1232.0308396720693,4.515177509065511,104.58116899150286,413.8863230796158,0.8924727420480891,0.29534220226890673,2,0,1969.0527347263792,10328.32895880374,0.5361125836868078,2,High
12.877043077908718,2376.0010184623875,3.4847312325639805,237.49361357295308,547.7473742847787,0.8841038943785882,0.4281021157544007,2,3,4031.264868459763,4499.548039681978,0.4841576448141841,1,Moderate
37.508456405747026,834.8617618571304,-3.278432245155239,35.465426448672176,148.3171769090854,0.008784354533026811,0.9640284059539838,2,0,2344.446472414778,7671.7726739445525,0.6313475774251032,2,High
30.89685712755765,2108.964538112479,-6.604461204837557,201.83646726024546,315.77988593483354,0.49294165676817286,0.6530660028749133,3,0,312.3059417615431,9873.12369359661,0.4822772633161961,1,Moderate
65.28952247020382,3204.900270168186,1.6152218390450628,43.15891349664153,549.7639184147779,0.38907136190203423,0.7828739297791955,3,0,4603.338458538498,9001.202825675506,0.6387605504885007,2,High
47.35641909137823,2812.528065509266,-0.326391084842669,76.18151784577734,227.4366337927797,-0.030189159635187396,0.3255098852204902,1,0,1865.939467752894,14961.743797435436,0.5161411321874512,2,High
39.93780498119864,3232.956303136203,4.5766829424460695,61.98786992007459,582.2153089805314,-0.015442323285134646,0.14451281280809647,1,4,3342.6586524710146,18237.666525122517,0.6307607401475002,2,High
8.654598163418804,3426.9202875711458,-1.1727984262875708,24.202308805491775,103.3926197605116,0.8881769013275103,0.2567199419133298,3,4,3337.4413577758255,6005.444281693977,0.18073844121309324,0,Low
45.42284169925586,136.27843182095341,-3.227206106270632,241.6787342591725,546.4691436512703,0.298002992983026,0.2564676909993211,2,0,281.7103928631087,490.80994312117764,0.7331290401820171,2,High
8.790292926017507,2217.3203396834238,-4.130428452819713,166.82527705897243,294.8666671362223,-0.06161857879991914,0.5831153282934272,1,4,18.023295786451232,17878.90871479665,0.4623013906810432,1,Moderate
25.290493167431404,1503.653952380282,-5.770593599005069,299.17923872304175,90.55929082763836,0.03626904261317973,0.3414711324550287,2,0,440.1851417208852,19575.681313987883,0.38442571036700557,1,Moderate
10.71314736107489,3023.5052671394137,-4.685072476266772,35.60070239363411,533.7368759223481,0.09518287397340464,0.8573988643332788,3,3,4782.655664825636,8667.02348745729,0.521086043824731,2,High
51.905523526827665,956.1699868310478,-8.103391223117972,52.103856001706006,188.5671168250124,0.3620089896504813,0.988544519236498,2,0,3969.9647452180625,9115.777546984558,0.6729612888696606,2,High
15.468908537711446,3435.5002629912588,-3.062859781422209,110.32478328616223,62.23756902237386,0.16910294245694024,0.34329840526344846,1,3,660.0613836270502,2883.1222097254995,0.35420683851797585,1,Moderate
29.38945298910195,2186.607096448741,-9.268603752740836,275.7117552979709,124.69390806305576,0.3005129644789131,0.7050602736870107,3,0,3074.349324494098,9510.4690019197,0.3781571963877506,1,Moderate
67.1756083214084,2798.0271675780255,-6.271723056673464,110.07317633605157,412.5131080448689,-0.01685049378850101,0.6574865819203688,3,0,3059.8687525464597,6066.984719619477,0.7053278023733738,2,High
15.323728754922772,391.0384795974123,4.9354088923885815,147.03073469952932,587.7963190260072,0.15940155964625685,0.19446248773228147,1,3,2.7954695146231723,19887.60135072272,0.4481875318226646,1,Moderate
38.085379796908434,723.7568081801411,-3.4906202264675468,108.57728386697924,111.30417677093425,-0.12265174801047057,0.918008594820634,3,0,2145.3213424559867,3696.9592841328767,0.6300173760004718,2,High
31.44537458745165,2678.5724883162907,3.364740339546877,28.880745048370787,304.07142646861905,0.7786813008234337,0.19944258718840124,3,4,3558.87735300889,7571.734640249159,0.3886807750324358,1,Moderate
1.35930307842973,174.75417493370026,4.3376835119455475,338.1961042426274,149.35010302114287,0.01862772488543607,0.7369571316696988,0,0,933.9642355868588,12330.039639972074,0.32352709139457725,1,Moderate
59.45685851796096,2877.3851520388616,1.6237068546422702,197.474037145628,459.7700937558757,0.6325901489716128,0.34760964227431246,2,0,4254.519159973515,6902.471036447971,0.6212563409239182,2,High
5.178442973594979,147.42666355249895,9.17395482730797,283.61994774677885,114.93239486899779,0.18450696702368058,0.3670815670089713,1,3,3301.5244704966567,9488.470781040545,0.3828216015024549,1,Moderate
35.56912657327152,2334.2040528083294,-9.571202667537735,237.00855318670656,181.91296166448927,0.3218370508337726,0.4554490528889603,2,1,34.62148532276221,19469.672664817528,0.5023554266354959,2,High
42.050872120421246,1341.31932878814,4.773053011762842,185.13154046231102,158.02328220698925,0.12038714340734952,0.8645079780551396,3,1,4274.570900556792,10161.427521015965,0.5177209784578845,2,High
47.13198424609403,2179.082499245277,9.175732878808162,32.28417239737684,353.88587920183784,0.5660853982181069,0.14025194151121212,1,0,97.00014760801234,18206.40876947635,0.48847424025909014,1,Moderate
51.64737219809067,2466.5067837629867,7.245434587058785,231.38407629730958,530.2512506003477,0.7290010612021782,0.05456957783475391,1,1,4439.644020799278,861.6573749055889,0.6227621270734411,2,High
18.99542876420363,1264.4157452334343,-6.642146163899733,55.933328137259565,331.0996106360302,0.1148972032135469,0.4020408189137814,3,0,1668.5942878493358,2396.366878036715,0.42464593896859965,1,Moderate
0.748408249383703,467.07232357684086,-3.4635938749653583,149.17794096825958,82.03389902430919,0.06643940802995169,0.05558509914208809,3,1,3493.2512761098924,18890.231895062345,0.1501490530698041,0,Low
54.2582746766184,336.7959503441032,-6.550963202470692,226.48073165295492,359.8639118282572,0.5495842920102867,0.6876008830574405,0,1,3937.154843558701,2574.622233761896,0.5914601722226489,2,High
40.174244951068395,2102.3824767126625,2.026167276294082,281.60244016996444,488.6365496249051,0.014668366624492946,0.7603250750272132,3,1,1406.344099786369,14731.023907820754,0.5566447574359755,2,High
62.708827740543654,1870.2282026959792,4.243759639589847,246.61626325510304,122.68590851737748,0.5038237421707497,0.8547123947532589,0,4,1782.1841670348815,8920.07208304299,0.5393395685090938,2,High
61.60412721755207,2623.4834310118504,-3.6585246127388356,241.75207045966638,89.99116788952544,-0.09612911233700092,0.7438422454835969,1,2,2547.708716611663,8134.966583999106,0.6642731154751997,2,High
63.24946258409124,1833.1007340133863,0.7901314796859094,53.6551953030747,153.29427765666298,0.48215087595675593,0.9163513936926792,2,0,2913.4576589895423,13184.405285521574,0.6649634329145829,2,High
36.382099498465514,1536.315686104989,3.8184114014238997,124.60627442577164,460.3474775518951,0.36474740741147643,0.7483011227232221,2,0,1460.2095303858614,14552.016505176558,0.635231500397359,2,High
25.022129687764924,1453.4964060031848,-1.5732036677790333,15.448418157669895,375.42423074260086,-0.07470371286606081,0.9360756398784016,2,1,4961.976844226329,18639.385605714124,0.5990519370389178,2,High
59.36686519435275,189.91946883206938,7.080310609109187,259.01168154352723,347.32705967896186,0.5140139983510599,0.19311079420936317,0,0,3685.02336611136,5137.709777503889,0.5426695897329721,2,High
33.84705847719412,1240.8944857686342,5.430998705756343,342.9309532742709,187.21394204747259,0.2912128727374835,0.4998631328677302,0,0,1370.7600491001442,13961.60755322833,0.35498970187901957,1,Moderate
13.758164730257588,3418.4685355832803,-8.706689122988587,95.07974046446728,232.7301273857727,0.038826555898794274,0.9939305997049087,3,3,3202.160956338403,6845.7163534531555,0.5292638734921548,2,High
64.12305146711057,3070.088959172102,2.422505981816581,31.570815298431356,581.2367571188382,0.18872257127239506,0.6815781825427156,0,3,2176.8560057130744,14352.194897659549,0.7146590857322583,2,High
66.19199075792605,1219.8854279163402,-5.293488980805008,171.2052276313153,182.34387470116212,0.3413123162028226,0.8786411179892574,0,1,4301.644457725323,2842.3225184075427,0.628666970204211,2,High
34.973231710512756,2098.5043772256654,1.150365293345505,308.41136032592476,545.9049827902986,-0.0992903500091798,0.03039379383285523,2,1,1644.7503538841002,9150.850994610588,0.5404814276624916,2,High
5.67747954823406,2980.8089348206795,9.137768852659324,198.7107102978407,369.2923274517551,0.8533704314411898,0.8717578985684373,2,1,939.2699407662186,3672.594553526469,0.47054544892792294,1,Moderate
29.086956743769843,1600.3327449502335,7.581240091045004,16.83977406844079,117.81305650418629,0.5321183718333333,0.6977132345720977,1,1,230.68129392518455,6728.9245954535445,0.4808681066951855,1,Moderate
60.26532445969525,161.05673675051327,-1.9096719376973663,350.7380065900606,307.0218079852874,-0.0872115205835344,0.17075543398771065,0,3,4921.546159338904,14312.58814924944,0.5461958512362849,2,High
67.63305214096715,353.33557018337626,-4.169722833112932,298.31396758653625,571.7017945484818,0.7051484027613055,0.02568095642359658,3,2,1796.1083680689987,4666.99698951931,0.6592423225825645,2,High
15.260455687319688,1835.3352525856026,-5.31188511183482,47.37386773854366,280.21107897554725,0.15481042404075995,0.2599265781256529,3,0,1102.5923420112654,13697.678076339756,0.34028894527976283,1,Moderate
5.023020901895364,3396.093877297986,0.6502973951304014,331.8471923412632,524.8626106341492,0.45647949038450225,0.9157733589927702,0,2,2458.8423671374676,9918.803880949738,0.44573350789119837,1,Moderate
65.8012839849629,2456.9124435441504,-7.7150309348388735,162.2477838978679,191.03578205843922,0.10485712573753059,0.6681329387002864,2,2,1458.196610224411,1840.7311411322614,0.7425836703694109,2,High
29.205370423415648,341.11505089113643,0.9855001625649713,133.88327660697882,364.00718349020514,0.606746539406068,0.9194691042833243,1,0,1164.5001716171687,7733.893704322681,0.5042239314258349,2,High
40.632072320067245,743.8269776923335,-9.97332721018416,165.97919898978776,514.1186320110855,0.5953098725001127,0.44615078249425943,2,0,3081.922500996133,17384.124059205034,0.6637956166539887,2,High
72.60493590380692,2722.49868693729,-3.523007385083103,300.445904473541,556.3786426433326,0.4072478025596598,0.936627095235241,1,2,374.2420370680938,19785.817959126944,0.8141081151771875,3,Critical
4.992354593566714,2960.895183851232,-5.601313723388374,237.41268418324287,317.2028519332154,0.06501815171873587,0.46295981544500564,2,1,2544.9647481657166,7378.421946355167,0.4334092090565487,1,Moderate
48.623850558907165,2200.161593041209,9.424375799215639,21.329442863901914,401.82845617998595,0.07907418826336005,0.20425472441833448,1,3,1937.156506723433,1097.4946243739557,0.6343994587906987,2,High
5.55790669311503,2291.0387767413763,4.544846391399579,344.7375736018215,51.63907193028202,0.22114907636443726,0.15139346418444732,1,0,2662.646493738244,2603.755486122159,0.35026658815523565,1,Moderate
28.16016963498753,196.3473313035078,-3.006932390755246,53.20228805219439,189.27281913236428,-0.04048661586408617,0.9938118130350443,3,0,1602.2031156944772,15762.968278888784,0.5106636806927197,2,High
60.28609088950851,2917.0028825771287,-8.14309826938759,268.40446262472636,203.29165706082017,0.17142128451001598,0.3338626614745709,1,0,2851.604604624056,13115.741463793569,0.5957736830396301,2,High
32.51041745667258,2780.1357077808207,0.3360118938124792,229.00915095412716,101.42115640993694,0.5527900613731438,0.1600530253175877,2,1,409.0927218729218,5700.239984436826,0.3989645394700189,1,Moderate
74.78867654272128,980.7194899513803,-5.731042373479154,67.51009726076191,203.83225734633717,0.7139298080653635,0.008408430890752161,1,1,1880.7947805468089,7825.971254148274,0.5716600930966117,2,High
41.929446370995166,2509.5008478827235,0.7285909179671552,61.46354740069787,226.61711818197654,0.16584051954269757,0.2855695665296224,0,3,1187.4930412306778,16223.004624911437,0.4341229709301836,1,Moderate
24.087161447696513,830.5056618449935,6.707247083577851,313.31793373368913,582.8213217625063,0.05694928407980038,0.889116143602539,1,2,2190.4485662757356,8262.198939157364,0.6815789937284129,2,High
16.508349442856485,237.12254757514418,2.315851042027708,151.09017245985498,417.7313093084607,0.7159068361686478,0.5340093206773017,1,4,1991.680534698958,15115.464236721882,0.40979356762198355,1,Moderate
26.289040071462136,783.8642448072827,2.6757683909000445,235.64754510268986,284.30279367898936,0.7797744301245135,0.6324350515249549,1,0,3155.918308583457,5904.114027671317,0.5014822932023187,2,High
27.93999553196631,707.3381809646183,0.82060578125623,181.46556138840236,593.4299533825301,0.25102367564327077,0.9223911038905329,2,0,3143.7886407977007,14496.235971899541,0.6380029226278549,2,High
5.153525829297073,1248.3431888984805,8.545312652628184,261.8472661473454,134.27777612903617,-0.17040543076540277,0.5128399181070292,2,0,2066.823737143337,9327.948862108686,0.4651040537271878,1,Moderate
27.718064957007986,1522.7282903965574,8.638053688412064,172.52725501415898,311.8281566617665,0.5644577829835671,0.8382798458526146,3,1,908.1157849827282,10907.085633208098,0.5771205483728676,2,High
34.81788898044187,1829.032231092207,0.2544640214710441,103.45676949200463,405.8842138769772,0.6624365598014426,0.32383327807635365,1,0,2909.568243035122,11974.662247007396,0.46005108450322346,1,Moderate
54.20533141791035,1720.9631767283156,-3.884810257129912,130.8180135587387,80.56934896624236,-0.18017332151911575,0.9771018628412199,1,2,4832.576849944027,9011.493889994113,0.6351352107336584,2,High
49.254711354120595,1020.2936602819839,-0.8082598824111216,309.2679700021234,444.34937194571535,0.45453393867566455,0.07881387351245239,0,0,927.2136219411808,9322.712393943893,0.5105704430377285,2,High
53.15742414218657,199.18027315185319,-6.268841756087687,168.49248945218173,104.92704410709445,0.44720563406859254,0.7248295255132646,3,0,345.2958948230761,5314.1724138524805,0.5522519555943882,2,High
0.6272761407642824,2157.3455156063123,2.726886306361786,76.84175960805933,127.15526972982232,0.21657869962270548,0.6605662867602944,0,1,1322.8059274601328,19715.287562211342,0.24556824259073443,0,Low
16.325054968540204,1445.5324214810048,0.0018467156446639876,336.4579397078112,137.82923185414626,0.6247440584359216,0.19167150585081694,0,0,2064.601673671301,18116.30112097577,0.22393140198324138,0,Low
49.626321629989235,1115.485335117669,-7.933990443734402,286.7761643394157,560.8894046605348,0.2709969419257967,0.388843998846536,0,3,1530.9421091005881,10547.656552375709,0.610899760564731,2,High
36.299202613481036,3047.599545623742,-6.047044377607693,20.039812580231686,425.77954982599226,0.5444535469705005,0.3128291167770064,1,3,4173.548547413371,692.5882511297909,0.6286255297280482,2,High
0.39851067512594596,2638.9272465137433,-0.4073608760094629,359.6194663129864,410.48512560670724,0.3688290350986672,0.09449286833249537,1,0,2465.1383624353907,3368.559417099768,0.3467334516890543,1,Moderate
60.337098182386676,3016.4028644663035,7.751779814377166,250.17361071843683,355.5214230557457,0.07331106517312835,0.5847880229508412,0,3,1230.6394082964912,17078.704228722203,0.604953107971764,2,High
57.9607179967753,1782.9415020223673,1.3278144126219473,57.695975654611296,211.04329928230655,0.4671509493111449,0.9936698455651655,1,1,4750.995284479999,18616.241461595277,0.5642864560357054,2,High
41.1314372245172,545.1662572310433,3.630700004169416,85.38036526749472,391.4893375296433,0.6105993443304258,0.5595881410533893,1,1,625.3140986062494,3225.8420914888666,0.5960387642054618,2,High
4.984749433220409,2467.152882812326,-3.219429005121805,249.28037324695688,275.5823459387519,0.8712962407807041,0.545259906879362,2,0,614.557209390218,14690.373127135923,0.3071531063920186,1,Moderate
57.48862871494385,800.6508517863958,1.428227860884686,280.71397990048393,129.97888255093818,0.21811984148265484,0.04031370735454831,2,2,1226.4242960478712,12460.466191520596,0.6041486460611909,2,High
43.778519079852295,1600.180874911837,-1.0524035472386508,86.05293953393021,429.2785096802532,-0.12908020086701377,0.13922022336369044,2,0,383.86060826625214,6067.69939902245,0.5509701332051854,2,High
58.64699828684694,321.0026824262209,3.1825982524632135,92.5087874037375,121.27019236145749,0.8867683433434872,0.513219089102261,1,0,3758.263423149065,8721.828072534523,0.5252780026320875,2,High
56.38102442968803,2906.0485682381404,-8.988488678419792,110.5634501539419,154.8677195616453,0.4861873253680899,0.9851785641840713,1,0,1564.0541708831913,13545.388547510458,0.6113394043277824,2,High
60.225155396837785,528.198179561502,-0.13399567522081668,215.28661134118923,499.73462151618327,0.8410955039768462,0.8766077354618589,2,1,3649.189959531687,2025.9182760558247,0.6864870380557142,2,High
38.85060498034686,3170.531523967653,-4.080147497120661,61.8538241884597,413.0644028688347,-0.08579020538776873,0.3402091213731675,1,1,3813.687338485238,3780.8530385199556,0.623618416934628,2,High
10.524338864513624,3038.384047689294,-3.4762987744418155,37.527551598519906,397.0451348175033,0.17623722385750346,0.5430042542281275,1,3,1187.5927537431435,666.299445381835,0.47559270780390644,1,Moderate
50.33681050347665,1679.5813990934366,9.218348631161227,244.39107207078487,280.01153138849827,-0.05266963124000326,0.5527022222541367,3,2,2591.8181936874207,18044.0345082662,0.6571114979076793,2,High
46.535533878897795,2630.851894633568,-6.346103745772345,280.47525832554123,267.95428503165414,0.7190611700402654,0.6853606127621832,3,4,2597.9608811057246,11477.923790708426,0.4609026271353308,1,Moderate
55.66898903993154,2206.113250981721,-3.7750949484280616,180.33458558994198,429.6444350519706,0.7683770155722478,0.6877820412391386,3,2,4356.822061685342,10468.548716174459,0.6082723505548591,2,High
12.741075453805148,2830.4571839483324,0.1978515146174349,130.97977569661873,457.00304623497516,0.35144286986252254,0.7897924883859737,3,0,128.15425001568016,14124.81281233013,0.4277603034290295,1,Moderate
14.623139992521692,1568.1373426721009,7.260538962992474,155.5353768695315,330.6172613003708,0.0052668394282335,0.024971024839682388,3,1,1584.0017182440586,19767.004473709345,0.3726682350915549,1,Moderate
66.78071379144964,2771.74884643079,-1.6665983358725907,139.82682019390268,583.0980843916894,-0.0601691340563206,0.9436801906374458,2,1,4412.446901735107,3444.7457687438755,0.9008977950526066,3,Critical
56.24833488390531,1672.353178021503,4.877305617763421,345.5945669655631,575.6347574053796,0.44698052108822744,0.07006204598924659,1,1,1184.0161135832373,2662.1203506134907,0.5731191296346483,2,High
68.11713665252422,3299.283678665499,7.127481964296049,276.5123658788905,276.8362195070173,0.3570139570438307,0.47616011147693993,3,1,684.3999487322716,5895.817298199295,0.6462146852903312,2,High
56.903649087294056,1753.6651428055018,-3.799672883563021,74.9113973460397,501.3422398557345,0.5642680126044344,0.9195792763590427,3,2,2880.6954747528507,18078.88319540079,0.6869221941543835,2,High
44.78664794927264,1672.9055245746804,-2.144996329225801,138.30809473943282,348.7973128791284,0.13572798888199034,0.4876688292310798,1,0,1529.3838096550398,8229.212228817227,0.5920031012710125,2,High
49.05995527709052,2769.244329315943,-2.868875526232875,195.84442489071952,331.465738156446,0.2426047945267985,0.06363683423311683,1,2,2336.4724663489915,15869.93516274419,0.47466885736100517,1,Moderate
66.68459429550074,2893.364151986849,6.657116172358421,220.67491034292783,80.23023375825852,-0.1765028187637269,0.2292400198119392,0,0,4100.063828223683,4058.563197350478,0.5280178376625145,2,High
43.41050658839554,1985.2629886919806,-9.113062760927978,168.54620257035614,365.6860907575706,0.4711573495830819,0.5786667553684227,3,0,2603.484875415314,9872.108847202458,0.593891804567937,2,High
47.42934932462906,711.3125658832563,-3.8315782234263995,291.6455886043053,545.3178618097405,0.2654578734811256,0.08786161789896907,2,1,2579.44891330186,2549.4107829292047,0.7248974483014672,2,High
11.735753700270044,1690.3779852557705,3.5881711519025963,276.3381670049634,479.0736170573007,0.8117410971947927,0.42367793101729645,1,1,1390.9133784769556,8257.96800061458,0.4452890423891357,1,Moderate
35.5440915087077,3391.4465098929063,1.308869991306853,181.85685070614002,482.47442958459413,0.5059649274752853,0.3290932661914049,1,0,3964.327822387232,5245.639337234882,0.5701886520128514,2,High
53.72978339685742,2660.1530563332294,-1.2742128141261144,307.59457924142293,137.9609712169866,0.23856394059466324,0.8152076278242395,3,1,3699.073120239672,10988.631916924078,0.5683850344886172,2,High
20.320702373727407,2857.9528531890496,0.7989645444276867,270.39223095925894,247.14719592346,0.0899480989606854,0.11013193833544921,2,1,1170.6025732928988,15608.124261503859,0.3772303158461721,1,Moderate
15.169063539340119,211.60669598541642,-6.048308283433634,280.2894655394316,178.26270415762968,0.7958134368684027,0.6827984501587863,1,0,1600.0225985606914,18767.407426960563,0.35925563951455486,1,Moderate
23.537010616831168,1690.7221729561436,-1.3856675678397927,344.30428059602997,223.75340535059976,-0.1821084184708124,0.4065890708759091,1,2,3943.1409649577054,5676.8556252977805,0.5038889869900491,2,High
18.11254709946251,2298.5118544356883,0.03405968352698174,95.92809883531297,368.74663892154894,0.15960371397763146,0.5877506804723286,0,0,1788.5890091254498,14862.633914186817,0.352632418130715,1,Moderate
16.11844777772969,2922.111124335454,8.023782439092034,96.35333845206571,250.63109735363633,0.8378561421668387,0.20553177192054473,0,2,2017.7980794654943,17711.846745640647,0.32333015967020295,1,Moderate
31.86381321510652,267.530422181423,-4.783296743920474,320.02281204863044,358.3837996053463,0.5194363076797315,0.6097036847616255,2,0,1822.0613562782623,2497.0375410065994,0.6363118967666777,2,High
68.08788854126506,2998.2922111823686,7.356570043298653,278.00149441884463,291.1756865510174,0.38599097841162905,0.6739777274161127,1,1,808.1626325892183,11718.644562104313,0.6776906114283381,2,High
38.02947350540387,1964.5631849224999,2.884828016519638,333.55639491682587,207.6385571473502,0.02388818971247017,0.07023156466107783,1,3,1704.4826754145397,12236.926171969402,0.4722868360849855,1,Moderate
14.094028561149226,770.8674999586037,-9.59318337864798,22.726857716803103,102.47188881283725,0.7167122516798259,0.824344267582937,2,3,4014.676515519041,5447.702046052763,0.4480174676084602,1,Moderate
5.7728752035655555,1178.66773592898,4.492626737987873,225.99254781417477,540.5111515396304,0.024618968852053696,0.8612541128882414,0,2,2455.3767718854465,450.2911921838404,0.5658824723539557,2,High
52.211710885344395,1058.5604759553066,-9.288962449018898,52.06620172444108,56.25535130255677,0.07307888467337498,0.06355405568279471,3,0,2291.0874163798476,5134.058929674184,0.47524184684075466,1,Moderate
28.709907332729088,1904.9207165808177,9.947622536276263,181.40299138532976,50.90886847808414,0.011036257159040747,0.6031874880972857,1,0,781.7558813791486,11694.692144825172,0.5082258150856269,2,High
61.637320993901945,275.7313116978482,7.452733753823956,56.068895467239926,504.7387568699503,-0.026035593373525845,0.594011496972227,0,1,887.8491926526422,3928.854248269358,0.7481906759610235,2,High
49.463307648057764,639.02293889974,-4.053125049199087,46.10826323455654,598.2460171791845,0.8486437455766833,0.01245841186844332,0,1,214.75082175059558,5746.903592162669,0.45953661905768406,1,Moderate
59.71810879060264,2863.1563474776603,-4.851775396065891,4.380604337531935,449.90655524251093,0.4622347557554393,0.34234641395595133,0,3,69.77765761611853,14158.449201825622,0.5545043067875448,2,High
20.395952956383656,550.8535685391575,-2.371178357887822,226.88597245784558,58.40061093458661,0.5016208452111035,0.9689257827137476,0,0,2440.070190364411,7966.311831415133,0.4650151441704645,1,Moderate
51.92691918457936,893.5473161576317,-2.8766606937111394,129.248142008431,174.67962466768233,0.8497580122466619,0.555450752268743,1,1,2046.1617760648248,1308.5077383454368,0.5354109456856756,2,High
19.804648852028908,1641.460059054135,-2.5532436322923786,37.86778255642981,584.5024851440787,0.05363256063811894,0.9332118027415051,2,1,1376.8878590578643,7983.317684403432,0.5872387492787974,2,High
70.43013595877187,1858.2110195853236,-3.634469077610392,116.22159998327155,494.73233869560914,-0.19349070754253875,0.675644635877384,1,2,4950.232701757075,19995.379297447213,0.8047317646913394,3,Critical
47.728071115003075,2696.2756306881392,2.422668136966628,60.81987292257058,361.73991409259105,0.45877201452732036,0.02839051822327643,1,0,1989.9809782725285,5221.030776668167,0.454868515246831,1,Moderate
24.338385013150656,1620.9302506650383,-6.714726725587521,339.0101393405974,180.27339019219744,0.35862933854657447,0.07771319804839205,3,3,3944.23449565808,5305.1305690036625,0.4041235651715573,1,Moderate
20.21338967192045,2785.539711520832,6.919625848920262,115.20175887408531,57.90361325971194,0.3254154151381235,0.7221789553674229,1,1,1052.7279666577838,3397.728293188045,0.5010943896461815,2,High
14.319493880373264,2202.3774439545555,6.2480496806263055,120.22326838418036,61.47380995057495,-0.13193176762918096,0.5545677903690194,2,3,1235.2060430437484,5432.747654024029,0.47918497242939334,1,Moderate
52.098071917029586,484.53911404099637,-0.47033584289459185,302.3488812238508,386.58947494162464,0.299878353232263,0.1271516645998757,0,1,2841.956835923717,11495.066068290264,0.44999460029055577,1,Moderate
16.403670974844548,631.5268905356512,7.054599305570953,233.19207406296152,62.007531993832714,0.11631552159976882,0.6140626783536163,0,2,20.141348510967493,19292.04264035852,0.32706980376493877,1,Moderate
44.64774494456168,1585.9146665292208,-5.057098599394134,255.66177866508048,596.4965780589549,0.10202114494674441,0.8102873605681962,1,0,87.1273095445002,12153.905445450962,0.7418526073630479,2,High
19.847627019401802,1449.4239365027347,-9.648690885920661,228.9606494360258,150.86110842155597,0.0446197381970021,0.752982430132612,1,2,711.0936057476408,8196.95184555537,0.47124375714787853,1,Moderate
49.64767085954014,2628.0505167668016,2.3841585005964596,340.63066222148353,440.88904902810253,0.1657811957300278,0.246162460032067,3,1,1115.6052051548154,7792.672581475544,0.5344231372232482,2,High
61.12047964054044,2074.5062753109964,-0.8418118607056932,74.52029936089626,135.2828467768274,0.18844638265775365,0.2581949666560439,0,1,2639.247578998859,484.5176922277528,0.5350152497921558,2,High
58.35189323584898,1419.6524754076477,1.3432909259174135,356.05412703208646,347.051381603743,0.13965335399819723,0.9678378051021137,2,0,3431.147154080632,50.846043998005186,0.7348230792262551,2,High
57.06384981980863,680.5849637313112,7.986788180368059,299.14422392034476,94.33620865641967,0.87662798729146,0.8874048021527162,2,2,1559.3933199401283,15943.870939590617,0.6400707362103392,2,High
14.079180426918905,871.2461479066835,9.39851147131887,212.03013199548317,471.72813349328374,0.8260041940604359,0.318337314430872,0,0,1195.3546800189208,9803.213250295054,0.37806327847328497,1,Moderate
6.6288710238389035,2056.7034627948005,2.6890627951120614,238.45378478264962,371.70660209865633,0.4319611094773485,0.8240544896690084,2,0,4114.055892466606,664.1882606632632,0.38849132149579446,1,Moderate
52.42116213655392,1539.6919366592945,5.2811117970487675,233.57731554022106,97.39168137077826,0.8791603222513409,0.16173852973254543,1,0,813.884923403379,5720.540895807276,0.3995914600997274,1,Moderate
27.62604103457635,1850.753530126285,-8.323831330256715,21.022640661295405,516.7224040600031,0.8903178113511092,0.1968411013265644,2,0,3391.6327752894003,7133.63767752397,0.5472672048498145,2,High
32.42596698025105,680.3032800275945,-6.785688302169888,78.4859394714979,350.8602381271861,0.1915336810190328,0.18119605384534532,2,2,4656.652582079354,15665.77779967762,0.5586718012115124,2,High
2.33618195950433,2353.8812579715236,4.664096099059531,346.1295184289097,556.8757705073249,0.28970630031371897,0.08772077501351516,1,0,1161.0545512137028,8687.734063988011,0.3997276264415524,1,Moderate
19.46823369562869,2998.631718910288,-1.3726908722399607,192.37119438937654,554.142855522962,0.8549679546831321,0.8546781161613554,1,0,434.8268275807482,15786.003496523897,0.47993344987973846,1,Moderate
2.525730290584802,976.994323075462,-1.080694591911886,136.20729717428833,556.2792842176203,0.4694888192285553,0.5788068982045753,1,0,4898.794470080053,12674.681017375899,0.42845021966478797,1,Moderate
65.93893294509357,1771.1483678282104,-3.8278463672912677,274.333846820067,92.78186011025738,0.03422199112099977,0.2589560924939386,1,1,1353.8689806062582,662.724128321992,0.6580839594788667,2,High
18.254751241389787,3416.792918671066,2.1471276695548767,188.82681935609145,116.5267689649879,0.5583187351701504,0.8486550327275941,0,1,1378.3160453000244,19373.77408139303,0.3478468128606949,1,Moderate
41.80028771797561,1233.021917872474,-6.296699091675948,4.738597715483133,593.2381953439088,0.026320800250696275,0.8026467593928203,3,0,2418.861456689985,3628.6607335065523,0.7006745035345852,2,High
2.923449049584781,2123.157572740788,2.538325586277912,265.04553481744244,318.1804517692883,0.17329351803903037,0.1009515181277556,1,1,1155.288295230731,5512.391234161835,0.42865116200210707,1,Moderate
50.013554347924355,406.6653806808308,-6.524022857295206,263.59832161903006,181.01772905603121,0.050316179404886696,0.6441393737349719,0,1,4964.3617771678455,16185.880570426501,0.5479726789273741,2,High
24.22705093155704,2160.451008430107,-8.723479305805729,59.453536359590785,473.31546867426187,0.06947823752722648,0.7218336015257706,0,3,214.82942934771987,3796.7972817491977,0.5294936162818581,2,High
67.34393902182494,404.7480292357009,-3.3928462260187793,344.3976318327168,195.3568716668651,-0.19487886027653953,0.7158273369859639,1,0,2257.3653946615414,8021.755674145614,0.6349502544071723,2,High
66.60886417005268,3361.400480100995,-5.3771931598030465,80.60692735480116,449.9686284102533,0.7687797154193972,0.7231427078539375,0,3,2741.733675315001,17299.824363065964,0.6528160637930227,2,High
24.396796377131082,2533.2530170458585,7.779832771126646,164.78977225759175,510.5071778173686,0.1255895448033732,0.16945778564903735,1,0,2334.754289736245,12745.44552403347,0.45715647199739473,1,Moderate
67.5720671767851,2779.7432796614016,-8.900930922627468,41.304946053929285,481.34485751240436,-0.10498818252492607,0.31508645426876936,0,2,2602.6148643143506,6041.611989726892,0.7584821897388992,3,Critical
74.71182551240841,2493.954826623565,-6.467726148517543,217.18163500221183,200.72629450886447,-0.10431385375080261,0.8441785085044624,0,1,4937.895721085322,12880.994430515566,0.6782738387757622,2,High
61.906174809296104,2105.0787226599837,0.9743921116609897,135.1624032205965,270.89021574358037,0.41162010410704736,0.8983917502275496,2,0,4384.507919350621,16252.48951075001,0.6995382588276977,2,High
63.365351081642174,1629.7034556907183,-0.37865618305052706,127.14244639549396,277.288051778302,0.892212605587331,0.2791888865648703,3,1,1542.218396480558,8077.785651957083,0.48000534168966513,1,Moderate
18.675655208181745,3018.469491187612,-9.082959632505968,297.711675799541,320.20010495745953,-0.04047528600278921,0.02301951617775244,1,2,2757.3852459538602,11433.493689522933,0.3861019979577222,1,Moderate
43.25267991433172,3353.2412696464144,-9.85495143969711,3.4422166261721676,142.05506834707484,-0.0904160409553746,0.8597669471661081,2,1,1.5550626440041793,19758.553697041214,0.6746226506945183,2,High
5.044193547552589,1796.7229878738765,9.761358839222996,287.2608375212721,298.8585277278883,0.2821342684422998,0.3770918378250826,0,1,2047.8450068685934,19291.25686107994,0.41326200603574836,1,Moderate
7.1188452616252285,3267.2191671278906,3.1766940071767635,205.72148366930833,330.93064478351386,0.41966437922487504,0.32946355595993637,2,0,819.371114309842,10180.746238745554,0.35494629928060356,1,Moderate
74.91694590249679,2083.3318939609594,-2.6918773819688635,354.99546485287163,342.43994811957884,0.12381839476573453,0.34699967968862566,0,3,3556.8029538782985,1922.825130215995,0.6361761293151708,2,High
24.49794370694332,1930.5062354478728,-0.591355046735174,212.19955941752966,500.945236491452,0.13277430176525307,0.4156964239676415,2,3,1105.4478881680575,14013.641776270073,0.5598290152055326,2,High
56.11379340366348,1645.2412920482127,-4.668997590914261,19.93648829326485,334.53397416372235,0.26692415203384445,0.3782666216549211,3,0,3744.478227558042,5372.415741603969,0.6118311978071787,2,High
60.499878977011235,811.5783892024075,-3.1025243261358053,18.23231751974148,176.93115738252135,0.14556017666566662,0.5664308991335604,2,2,1565.7991699003642,13389.498562843854,0.7134719607581083,2,High
64.35174532554218,112.64684678140125,2.980889345364279,317.9350750938595,414.72080603430294,0.8068647419253685,0.07894027849819019,2,0,4629.1431065568795,7035.111964363934,0.6316623825785639,2,High
74.82212230516174,921.1211713106084,7.656235977347414,302.8370923839791,488.5227792476438,-0.15384997158030816,0.9715401943085151,2,2,2227.083008506731,14375.168769639293,1.0,3,Critical
18.11223639426509,1833.0587834521216,-6.317399538376303,124.52042720952836,225.65441654104396,0.058027175857302105,0.9364510344721613,1,1,4197.588598369246,7346.451165677277,0.5379350781936032,2,High
3.0263120144774778,1391.8638376831586,6.807230107706374,222.4916943052094,404.91826095968287,0.6894080758501635,0.9344066466154992,2,1,3140.8300151950657,18823.90554759106,0.49221742926992906,1,Moderate
30.839363849593948,1624.849775208955,-7.568867409634619,176.2528885400161,130.81589777030695,0.7173539371314526,0.8792776240819135,1,0,4886.991074517351,2733.4574491556295,0.4853776907121758,1,Moderate
9.75605023717102,3434.2039465177686,-5.700155528232176,348.1790598489788,238.05946751793522,-0.07728941313937875,0.6603263021817297,0,4,3713.613753560423,1368.0967424444557,0.4450640320734923,1,Moderate
1.6819416871541342,1290.9260602757138,-9.25649423900708,341.98592431568096,550.0731612522989,0.8711397950139885,0.22110856274843238,1,3,3638.516611556928,15623.981944999023,0.3913898224047721,1,Moderate
27.03201203561146,1637.4219938243668,-7.183762758140011,354.18204307467886,551.2194897394139,0.5626903348890198,0.049483487146372296,2,2,1324.3299122465928,8026.519202508322,0.5190984858385531,2,High
58.78036883064273,553.9528745995865,8.34606290928101,311.92156102833513,366.428518308685,0.0998523615819552,0.09932106478176661,0,0,2524.2987548627016,9311.511799792574,0.4937920050225673,1,Moderate
42.46355184188032,263.056290285758,-0.811225067632428,327.43857267903644,436.29330347580867,0.3016416512959,0.32399250046560557,2,0,1450.5684434281923,18676.345204381825,0.5181705835368119,2,High
23.458349190776552,2736.3923496144816,-8.446682764432929,78.22036035616911,519.7084783632678,0.12685248152476392,0.5038830254957855,2,1,96.46718509201845,11798.414358897695,0.6693135387647496,2,High
49.07565041195398,2040.3227952447273,9.194536760779226,299.16244403631885,577.2042519219447,-0.03497552516013869,0.993253071184794,0,3,3552.9266632561676,13203.412965460966,0.7714462416649162,3,Critical
17.401363523160803,2686.396340549243,7.579846155173001,255.1885607535389,319.4375421593732,0.1202958712238067,0.4354434917945992,1,3,1179.1824985213434,389.3185281474243,0.5217841050875831,2,High
1.0786084554063768,609.5335162142756,5.093650417362825,346.60314317810526,358.8666551443189,0.43810113123858024,0.5246460904913768,3,0,1986.6201517139375,13410.288142389398,0.3220988503372252,1,Moderate
57.32650398273205,2044.2178220211492,8.669455838951158,205.654258239343,278.60286165630663,0.7085666643190156,0.6951572471880806,3,1,1423.1939358693312,7767.05871864589,0.6110795121147182,2,High
46.78073136480068,962.3844127606768,-5.5974115832847176,30.660180015800286,89.59006538103581,0.19988198237853494,0.18073397044779627,1,2,998.1792823182523,9204.289250475496,0.5330187891027918,2,High
57.172696837572,875.4101774600678,6.7273858602017285,215.06360082737507,282.5419098468501,0.1826916946026259,0.9328270015622557,1,0,335.59662191876726,16161.002380015907,0.727810138293039,2,High
2.920351251574921,139.1884477801499,3.7998239270861234,247.1691340876636,484.8450366606924,0.3148007711894549,0.5290346058427342,0,1,1689.4495438564315,10475.871853636576,0.42953932731709266,1,Moderate
62.78397208729891,543.1584601348445,7.395184991353766,79.3155703364742,492.68702389534076,0.509011159960781,0.2762563456017686,0,0,408.72461760601277,19737.416191029144,0.5618337936623651,2,High
46.46446500272275,1151.5115790989641,5.938231314852596,141.88081806458223,540.8074130263149,0.6267778886755402,0.9351089863388404,1,2,2701.5957020161145,15936.22257612174,0.7361325507935189,2,High
42.25465130344801,497.3877860091928,-3.0700987364634997,215.46122905860477,78.30668784678299,0.15947945527942126,0.6254506185589501,3,3,98.12051880735639,14571.830965011846,0.48891957091658456,1,Moderate
46.84605360858987,3451.9186973971873,5.487970740345112,134.67806543394198,339.9350242693486,0.4449877146076529,0.48368973124921044,3,3,4700.099398214298,11773.733143280744,0.4722125162593348,1,Moderate
64.83249351512731,1149.3510049814322,-4.750873940302194,134.981178205919,109.08346836539195,0.22829692540897073,0.5801559099607742,2,2,4832.3750972633825,8247.934437290967,0.5687522770310215,2,High
44.02023799191803,543.1014187879157,-3.4281567394389034,47.91119010220706,160.40820074115885,0.5880398353997245,0.7483022189052266,1,0,1523.269241481845,1057.4466729154585,0.4796986340812537,1,Moderate
43.57127849161345,776.8798636150564,-7.841885655540477,338.6688203079598,545.1190763093335,-0.018857587431277106,0.15453800369295334,0,2,1300.9732040323497,369.9181486107905,0.6227515708953882,2,High
74.30093677993244,2098.19097636102,8.701532319609374,270.1779784182348,323.2351921363327,0.08261735155642569,0.8648304307032253,2,3,522.0259985090058,935.1753304429722,0.8988220983202186,3,Critical
56.7547625301426,317.7479811402809,-4.179932731994369,0.44763799179672326,467.1997064931375,0.2686664618270248,0.9595068102982129,2,1,4524.594632903344,19176.727678223186,0.7712506346576303,3,Critical
33.17203540883514,3032.2760424799335,0.4124493034290371,275.6207822479795,85.41125826077445,0.7783562689135046,0.5669996517500745,1,1,2934.3196264995213,6464.242297241824,0.39267642212109727,1,Moderate
53.054775002469576,3369.0989094063007,-2.1733432706761473,266.32619735682914,279.25457715866855,0.43065836828575926,0.6822708467975981,2,3,3050.6246149905323,14012.189646671228,0.5973046684883235,2,High
29.192285376884136,938.941230269095,9.198562411670032,3.503145655988278,420.83215436538575,0.861935730879553,0.8598334808462408,2,3,4479.2823130099905,11886.292086227415,0.696666774087127,2,High
17.165659686262423,1630.3239132089218,-3.299016581230352,133.05754714095525,123.37356470301732,-0.08639454619080779,0.3748106314165005,2,3,4553.933969282993,11433.354188754729,0.43238312414576774,1,Moderate
44.76389076658196,175.25713350029002,5.570916428453781,218.42916851719104,229.19983350812575,0.30619295501602833,0.9928317948823984,1,3,4141.7083485525545,11584.83127782184,0.6043019899011334,2,High
69.61365735854636,2278.414764072553,7.1083230926236,162.99023466889292,85.50129276313578,0.26098638304992267,0.6805013693068976,2,0,3867.207805498306,6045.916467411403,0.6683343616357807,2,High
69.6854640011597,1507.3485973788022,-1.2878700503806826,280.0750027393826,408.2369674782307,0.46022679404656525,0.4239986983579821,0,3,4386.206111499919,17730.650909964847,0.6691233850410868,2,High
25.642895857911775,1018.1987847452893,-2.4365637109413747,153.16499974839624,583.9901924819652,0.6931610695783361,0.6773379750016272,2,1,4379.853033422613,18384.124535007344,0.5835036404415086,2,High
39.575809966627126,803.2461760964688,4.954916418652559,55.39066900338133,504.8750201285563,0.7255928281413664,0.5216800325134364,1,0,1843.2242813594974,12890.515705135242,0.5154306415461044,2,High
15.87269239273959,2323.6784640397855,8.25791960612468,351.5096247385783,586.0427142441611,0.5372140695760592,0.11164157153836518,1,1,4866.956099894921,17278.984419726505,0.41133155559071954,1,Moderate
74.67233321241626,1515.1379055098691,5.098634661444766,87.13439739937678,515.0826373041181,0.505690000670109,0.7958653047693185,0,1,3545.6610658019463,1199.620338391907,0.7085832522386873,2,High
73.58384309009519,710.8415827017009,-5.457472688162688,258.3692317948796,520.3576934083383,0.8439324962492885,0.5643755802529321,0,0,1851.0471700633102,2007.8250151332422,0.7008126331711828,2,High
48.71316972805855,2442.9708770552015,7.766154948754107,51.5362721990659,367.4474574542384,0.22205614180226713,0.7958455578738887,3,4,2210.2475863775444,11181.32449187435,0.5775619027683279,2,High
60.331054475810504,2021.2457623247585,-2.2483666512633382,118.44454096221575,335.0387712772655,0.7160616456073372,0.1549119403674658,1,0,3435.6552914073563,16930.140815967232,0.44666176334950775,1,Moderate
53.6325120962775,3019.484986760287,1.524588235558685,159.12993903495254,273.43984653530515,0.8136540998015236,0.5383571568007757,3,3,1805.4945481733957,6308.588023616368,0.5379151291744152,2,High
44.486866427960116,499.41805618007584,6.628712385854222,69.20352162974301,499.952192275234,0.3406931686917167,0.7666242722129128,0,0,4132.788560100082,10961.11832317063,0.6758281579100084,2,High
4.0010997741673275,2771.266446611151,-6.232104651990156,161.98544749269942,150.13718675291352,0.6020128364636304,0.9883045675907983,1,0,740.3181059573816,199.21062968161652,0.492910208671332,1,Moderate
34.10732569144958,2389.9570751786805,5.690202713551063,56.57861627703,80.92370370330626,0.21472184233799674,0.8843972763852587,2,1,4537.971493554814,19732.600242553322,0.4622359878522679,1,Moderate
50.60897266255579,491.0371852155326,1.9232559582135504,201.24235403492045,571.3416024765713,-0.025233084385055532,0.8643496270606393,1,2,1505.9875591830453,15339.61736624473,0.6766634255173397,2,High
50.81487104127635,2462.3904815638502,7.866832836552163,238.93677090726982,52.078001861912384,0.4451542696196678,0.247460138146398,2,0,763.5639267156547,7228.382930350319,0.4957151497953459,1,Moderate
27.984196381678768,1601.2607821914235,-6.560591963129141,22.476342250083874,587.2561270317185,0.01611881593448508,0.8379846017090474,1,4,4290.121407230116,19660.256613122314,0.7110518724003688,2,High
70.62689899935229,3312.9482708898663,-1.5863552591814312,313.60756358958054,450.8693534305712,0.303359043884256,0.16928127754296307,2,2,1197.316194678939,1848.559785957442,0.7065898352778065,2,High
12.551777417758576,581.4785921008577,6.65686185733675,66.65071861513279,230.6744058338052,0.7601672446611667,0.19810766454843354,1,2,4216.978690248006,9283.51530741252,0.40444161311973503,1,Moderate
37.526958466167045,2285.633528773509,-9.615365930864797,81.13047311531656,433.80091369747066,-0.10537999367995143,0.11011674374347202,2,0,1481.3220172433805,1177.0257000347374,0.6896647553591085,2,High
51.816298241311706,1398.7321545740162,-7.7559726646871425,238.08594242990267,499.83133645182005,-0.1665286107688854,0.8575965307137872,1,1,4669.321438270784,6699.3004298382375,0.7832713544041985,3,Critical
52.285185441885695,3353.1698800089844,9.811304255134694,168.75038175638906,184.94913079253973,0.46712563212007635,0.10825449645131868,2,3,1095.388199006556,4387.283596616049,0.5964045223946167,2,High
48.647921757661166,1221.91464398694,-4.392116428192989,179.78241570158366,473.99262580377007,0.16416745925438458,0.13811147974501004,2,0,348.2499553600066,6331.017063622535,0.5706923364620674,2,High
20.646616008889513,3371.4320922721204,9.510863874479067,46.135794442727764,492.4032937545321,0.2597314776185068,0.24588715008238582,1,0,4682.655816711945,18948.186320913992,0.4152295793538789,1,Moderate
11.715492651496648,3165.051893742547,-6.349368979826522,290.064895875507,187.14504656894,0.2462816475241647,0.572662409120641,1,1,828.1287112182645,8543.739934537743,0.4317770199052701,1,Moderate
47.69552451200332,1019.3030000562316,-2.778111139853287,222.1395285975156,73.05949490789095,-0.10471774808948008,0.8801801853004031,2,3,4720.662708611376,6497.216225207314,0.62769477970026,2,High
44.94765871045783,2832.0420412098542,5.057388890071412,48.73753559140417,162.26725650695371,-0.196076924052446,0.4182281552555681,3,1,4119.886750591682,12815.447601031156,0.5891713819391933,2,High
13.451700771693073,3485.0542861319204,3.1555681447635706,134.63977212921455,160.35552488916693,0.7882655671506908,0.5462859491917852,0,1,409.62694858317496,13667.38382133244,0.23262569306183328,0,Low
52.88543591779225,959.05420738236,1.6224479985811122,291.74757578461083,85.88224979651575,0.03957841699412104,0.16648939995725298,2,2,2225.6759947146775,19675.377326276095,0.4901985899927667,1,Moderate
34.13789938002423,1585.0423756992868,0.5979835161001503,204.60781655518343,449.30406156035775,0.2686868910507172,0.2659458558977916,1,3,366.9982906755781,10921.155445860742,0.5237137740448438,2,High
50.08204437023647,1868.6145043269828,6.868808873294803,39.11356048785497,258.9862084521245,0.8691183763381867,0.13392576248577492,1,0,1648.9328230590565,15051.272876324376,0.46581746738166036,1,Moderate
62.802530982761304,1102.7658617331385,-5.301028743332146,134.19973648414322,536.4123920996221,0.7094388401820175,0.40991884486708974,3,0,1757.5153911999337,7643.300385184997,0.6801727161377348,2,High
12.729632143269237,151.90045479650118,-1.1505814601296311,87.36998344406446,188.6941081158523,-0.0812760592110276,0.5903356586781924,2,0,2998.166651637868,3420.652924873988,0.45243199601986167,1,Moderate
1.435865099762751,848.4394302715907,-6.890954156870855,186.28759931534148,299.27769080496006,0.35937093477384435,0.28401953003345415,2,0,4879.477839215562,8596.708588874191,0.44049694544564966,1,Moderate
58.43269397968401,1058.585406761979,1.9188319146140884,303.61000639391625,401.4595859097196,0.6030869291445176,0.8459958555747926,1,0,848.8172005377953,8375.516773830193,0.6726386743517371,2,High
45.72730688644619,1608.2389844818363,-4.9891115145735965,157.05616852959113,532.605722319478,0.5682320634991338,0.9812383510066344,1,0,1645.7548237440606,8412.269833861932,0.7379111326294663,2,High
52.47296772165913,681.7484266055664,-3.3231587131322833,156.00313093259632,338.5416058906562,0.6369260376449173,0.120154852314581,2,1,2935.5124710726527,13908.41519816592,0.5045289706277047,2,High
62.86162312414819,3069.064812751687,-0.5749856675294378,325.9263248377333,255.43854529681056,0.3032001203768388,0.017860056015324144,3,0,857.1042765979859,8118.846225471119,0.4376874602758255,1,Moderate
60.210820111837535,2496.6978512865426,-9.464588285937444,207.42674850261807,526.858293159605,-0.006484777736689706,0.7897769073947838,2,1,3553.548311293596,19083.25458770553,0.7893607914115589,3,Critical
72.06901101966184,389.68162370285074,-8.161241281583248,203.82879146306647,220.6355335781858,0.31135968831130995,0.19064267780334487,0,3,2018.298579431853,19654.993647685398,0.5132567754059807,2,High
40.19513091390887,2310.314333875767,3.7185844141643916,94.28756107514018,93.68303479791705,0.5126759740906213,0.353146592660859,1,0,4747.8614781765855,10467.228588315533,0.39422684932092666,1,Moderate
36.6371724494929,2322.4320197791094,-1.4206003856498555,218.78018922136548,294.773159130632,0.4694512952656848,0.3942312182758103,1,0,3149.354726078631,11168.880184266356,0.4458983528307103,1,Moderate
30.141539991804756,3351.151990388334,7.295804439997909,207.3277682702627,481.80131857389557,-0.12242574083253183,0.9165993889009445,2,0,1815.403556050475,8152.527434867478,0.6942760128936789,2,High
11.52682821331534,110.27096261094825,3.8934400728839886,142.86652932307103,66.92945746443769,-0.1285523225095891,0.658838215766162,0,1,3597.365605343768,7111.871633534845,0.38666500964160117,1,Moderate
42.94554246615168,942.9703293397445,-9.83798116705355,356.650403723705,372.23523474427566,0.8617836142707331,0.04060949030289074,1,2,4193.772889949756,19706.530719105296,0.4083439517472765,1,Moderate
20.77593932444841,3254.4910298760724,2.334246615342696,317.48074738131123,376.95522668997984,-0.03301399945625183,0.014810240714154599,2,3,4002.398820147509,813.1373737142211,0.49717841076395264,1,Moderate
69.09806341597316,3269.2553123541625,-8.125502678805672,269.85106442765357,560.6979698850598,0.12390871041289414,0.19956809753028015,2,1,1313.821970643419,8201.724654789336,0.7673250159374544,3,Critical
43.739310320782316,2549.993825860167,5.618663595809885,193.4444118286802,207.55564942976198,0.6443979303717822,0.3181719408727114,2,3,2084.9167607442955,3026.80774365244,0.526934696472053,2,High
44.463013538108264,2703.595291561636,9.830153765570039,166.3415286820669,203.3601372658829,0.25064478340549246,0.48452383408659894,3,2,2260.8883051525245,14525.60536658511,0.536788793625675,2,High
26.619349565775753,411.0420569608002,0.6239758848302301,66.56306228035177,292.266008236823,-0.0003886614139640143,0.8378394123088555,1,0,1941.9169608618774,3888.913532976446,0.5342655459855071,2,High
3.899201398328062,1847.1778382459943,3.655590003882608,110.06549064526453,246.30319580933335,0.3139556205407597,0.3148177560347595,3,0,1554.3179142790875,17692.914567948766,0.24972598841793878,0,Low
2.3807824029741464,887.3821703825979,-5.253716782104969,278.6258879363557,454.9902244791297,0.42584496783970244,0.3765372192716553,2,2,3763.738996406739,7489.55952642705,0.4347177569661205,1,Moderate
31.750135811489812,716.1413482862987,-1.2480451249241291,163.34962341751853,402.9636424223523,0.2980432702058833,0.3293379300096576,3,4,61.121217157555364,18342.974657932766,0.4676270006070349,1,Moderate
6.342403357292839,2855.0312170193306,7.121906644727673,317.6170259650205,467.40657084844645,0.81084068301932,0.008965336032905613,1,0,1467.7211442938542,19731.250601704978,0.3704010129938876,1,Moderate
45.51352166551043,559.1296647138613,-6.651541045074976,53.24800908439036,501.022985159279,0.11316922460945478,0.9552015391181198,1,0,708.0862848645181,15423.428277323545,0.689659426463343,2,High
66.07297542297431,1693.4155657877097,-4.689287887724758,183.00495456490913,557.6396230037813,0.527465376769638,0.1389958841364738,2,3,643.8465794997361,12463.16098310662,0.6759865355763425,2,High
66.21861123890416,3291.1660145925125,-1.0913264942793965,232.90764624767115,287.01520248155623,-0.07647580644911252,0.287667478203247,3,0,1384.7933344873932,2998.033294043294,0.5414054301972321,2,High
49.42840575991743,731.8289889221646,4.244977836880279,186.06544427085336,591.5835642093522,0.23151400343042922,0.1293033020964418,2,2,3810.7654555752424,18661.206722263192,0.6225202141506149,2,High
15.842387360469825,3425.177640709998,-2.4823209040865235,320.1216809705954,168.613447372009,0.615092576743471,0.4905431561567226,2,0,4847.1093453921685,15537.333138036227,0.30906192892669715,1,Moderate
64.7247623519154,3480.579151587601,8.554645595660077,356.2427814584903,442.9008390710307,0.047298634648412,0.9321661149424991,1,0,2573.092332705494,5760.915574652299,0.8003681785946691,3,Critical
66.45700764849062,1989.0983259201698,-8.110858974625616,41.70047700289311,343.7051245189541,0.448748150219854,0.10070071762548627,2,1,1694.8590878845894,9370.038687249174,0.695813331004253,2,High
14.749018871471902,678.4853166023369,-2.58391604910305,46.783765467691566,499.29532707668585,-0.03121926787003365,0.4408969235884961,2,2,4145.852331555435,1353.3001181581294,0.5205431093282328,2,High
55.306956432800796,1174.7566189990453,4.1790824685684385,46.916680881643586,312.2237863335343,-0.08702813950249182,0.022374845771578444,2,0,335.5171263412471,13180.006448177963,0.5585836687507519,2,High
21.488966169534223,1543.2756311002195,-5.480264686770151,245.2237545853899,481.16624944933716,0.375556023817547,0.7708982213861482,2,2,465.8397093951411,2505.293374045787,0.5936134389280161,2,High
60.198023426469724,1151.702362817958,3.1282626845934587,134.16339437850164,561.592793056223,0.5425120956946317,0.641226143554425,0,0,1726.8315737463336,13030.625697883886,0.5825871774814977,2,High
74.7928424927702,1054.1609715801537,-6.715660835453081,263.9932780557262,452.761846377048,-0.07529622714206821,0.6996986637071502,2,1,2242.0424973567547,13431.07322701666,0.8738011571796405,3,Critical
2.251950399704461,3405.5810113356156,-8.880394302766273,145.96973023931233,476.8518574200784,0.8095538776102067,0.4723363608957327,1,0,3989.1893464068708,6492.5810372543765,0.4472621292559661,1,Moderate
67.30243993431989,621.4404132135352,-7.579685665027023,225.9384196795429,86.94648719622086,0.048349488967213555,0.9076330295564058,3,2,4626.319696678948,18973.253581719626,0.6960871940586151,2,High
46.697290019899356,2593.314889637332,8.599695662682695,277.14888204440166,162.72671422775434,-0.06802716102476997,0.40955745087260953,2,3,2656.3826749589193,15579.250117485748,0.5537251858056399,2,High
73.00369643736158,101.39498409319457,1.035017658791027,197.3577278357714,585.8670572769765,0.022968799185231592,0.514085074787077,2,0,2478.2233478563744,9934.673100643913,0.734742416671934,2,High
34.87571381448207,2127.0210759680813,5.92691550959298,194.2212925620022,431.2528520830669,-0.013470297814973858,0.6952892222706294,3,0,1065.055095395171,18371.383745732648,0.6096624527931357,2,High
63.55409479285303,3214.206213443778,-3.3469099818989756,31.764357102828406,358.79695952105254,-0.10025788432575611,0.52056064109546,0,3,2255.9077184999164,17116.865279138645,0.6143579886682632,2,High
4.679555144870792,1078.9759199169448,1.8531729577089333,147.88142744739653,251.83700536804753,0.6776231582565782,0.18933564791632795,1,1,4618.221156370226,13844.364515145193,0.24100706515397133,0,Low
25.14592875587218,730.7883158762453,-0.10095732590016837,196.47977516097754,74.41395066380485,0.3450915522185221,0.317070618044912,2,1,1964.4976813668575,3059.306287234245,0.45766094571347915,1,Moderate
5.026240331340748,2315.7113025866515,8.914759188045881,166.3130972399076,253.02474938027424,0.22737138441655108,0.09229446813880526,1,0,1053.412439004812,9941.478510403946,0.36886696944712016,1,Moderate
73.15073501093029,2522.844784814537,4.951492721082207,324.2815200678332,324.40208030926675,0.8456907196825465,0.4326134972172978,1,4,1686.4751460257155,17288.457451235863,0.6263300926801988,2,High
61.27304304538775,2439.3037644367364,4.610852629931582,326.35102756301615,166.30273016278773,0.2081092257712699,0.609392093086328,3,3,2572.9730631758675,12177.830936970073,0.5404828256479168,2,High
63.94105659344779,1185.6773920726716,-9.072934611314409,295.89025701195425,145.22523520060787,-0.016330001348091677,0.11852994426914065,2,0,2992.9251529978546,10910.228895720813,0.5989770196671803,2,High
70.34739235754206,957.488167341725,0.9933933800738224,135.1073071343232,329.62910324663426,0.10144718111925588,0.630587121470129,0,1,2162.149398200846,19104.484005966104,0.6021758129558693,2,High
6.382761458983902,3350.1239198709504,-0.6601709219637026,258.2276946075124,372.24732959514915,0.06286318694745607,0.8928721397521093,1,3,3792.6808977015125,330.96130777681145,0.5381956584221949,2,High
28.919819438500003,3239.21832811776,8.556845332123892,142.30384598505952,181.95485536998868,0.3486154075196353,0.3377237329855196,0,1,2922.2669105335335,240.92769867193775,0.46177543466976456,1,Moderate
5.327616678300159,1654.876473635589,-4.853160236209355,83.73369563127325,373.0642109509172,0.12065563635003135,0.22203309621881984,2,1,3325.2406700584365,17856.410402773578,0.4319508889706233,1,Moderate
15.809482616252147,2977.0591449248695,-4.603330934178114,123.44495167831738,545.1869801308621,0.3676672894049981,0.8930060638419031,0,0,4314.594623056152,770.7443005045178,0.47215084599958057,1,Moderate
17.202433277825428,1637.8998239566065,-1.7730750223699925,25.547267982792775,310.2452919117446,0.5362227674414679,0.6919452358975486,3,0,4328.442851363264,6650.8742741041815,0.33802214621159604,1,Moderate
35.1830408285684,1542.9226614465354,-5.132605731872479,119.439903241673,521.5645932729498,0.6550286642845837,0.10539486805655385,2,2,1017.5415615104905,18480.50963585836,0.4251252843533475,1,Moderate
20.142162559023195,632.9940218376018,-7.41632164382501,165.86719821402178,559.9992944933251,0.581173559393954,0.40811195206173245,0,1,3116.723724163249,13823.051876305386,0.46611265601582363,1,Moderate
7.573358011332082,1549.7805920727076,7.148296933016017,343.9731221210988,100.81671591539714,0.026149788101997057,0.6740895997545487,1,1,3583.2043052083,12963.178117278872,0.3483063222427133,1,Moderate
12.561831682058077,1927.2175912393438,1.1655304880783177,112.82781103906497,102.69636881123834,-0.07251030883297085,0.5743838749754547,2,0,729.2647663042557,13139.96630311293,0.4788086141793376,1,Moderate
11.04566726640682,176.51471325753397,7.227254379131335,324.88327411398745,311.8243005881808,0.396695175011376,0.618547119349873,1,2,4213.849185294592,6352.859576981938,0.46596428085714514,1,Moderate
72.98075984342238,1609.9842175963818,6.622695308073919,82.38897929645894,373.45634437473643,0.018802970328959695,0.5671351739739261,1,2,902.3493100566566,10610.671820251622,0.754110215771599,3,Critical
56.94693801888552,2756.611142543681,-4.359152904206578,68.74880319332979,284.2359054557661,-0.10657290605133542,0.7980613653048902,3,1,3996.397116374286,12599.461280937296,0.6000829733896139,2,High
72.58210989521714,2412.1565916725176,0.9547488864854792,186.83836431557938,229.54792372962666,0.37980377727735887,0.32042695679697863,1,3,807.3287831172471,6114.306513832253,0.548326474612286,2,High
32.98053648809314,2259.533762137379,-8.335645945198591,242.10409294706614,402.5467638693857,0.15947360361857504,0.708462347899363,1,0,3708.8926840550057,15907.278316082522,0.659485631328895,2,High
20.877636124699244,3192.4884566864885,8.305037680615168,15.959610288821313,51.144831792456145,0.6317639131323542,0.9910794424942843,2,2,740.7398944333188,6434.967175310331,0.5712587561389801,2,High
59.871989790689,161.30883340578202,-1.9147456986969384,79.58371141699801,582.4403044750584,0.14561079360325985,0.38995885778118033,1,1,1894.1465542923436,1428.8830700106114,0.7345172319721585,2,High
24.46904385308601,1993.9617930535962,-2.126476322219572,164.04611994047391,177.64349850341216,0.8765888507613953,0.7910483145547931,0,0,717.5806673603596,4029.091475682274,0.30972911395619435,1,Moderate
22.453753027901122,2776.9860845930043,-3.944892587640936,119.16156095394533,554.4043227206539,0.634375510386779,0.24610923713617106,0,0,1353.5754816331485,8168.208368231287,0.4340465737376035,1,Moderate
17.43794941558734,1940.5403011843086,-0.7867251057859228,256.54358856539585,109.9581094939783,-0.13653745636225167,0.28189671228404933,3,0,4922.573886767423,18161.11776288338,0.3176033414417309,1,Moderate
9.725923366817652,1201.2448787732892,-4.9648122690910395,184.01781457487405,180.9479501245149,0.3597600143919038,0.9348638741835431,3,3,538.3782803469184,8315.233837449943,0.4049697854499519,1,Moderate
19.234729576257447,563.2519213127248,-2.5029545440639094,57.72927801740408,179.1805355981252,0.4188825513355214,0.025938356248688788,1,2,2032.3241320894408,1796.0760314808576,0.25759898842685175,1,Moderate
26.64898113554158,3117.7144441750506,5.998940971697637,322.0075365534326,597.8840973103554,0.5648329817497575,0.21742734486082926,2,1,3384.5967044276144,3929.1353326876697,0.6602416043506258,2,High
50.54956561092978,1700.59213411785,6.685110071703438,105.44604317400943,52.53030014923643,0.34757647673713404,0.4829206978120031,0,0,472.99285198642906,10889.349726250848,0.43933721790150704,1,Moderate
4.692363166458868,3085.591669751385,-3.916350447429677,263.20719922719246,401.8010151169227,0.3317879582560305,0.4018476217041864,2,4,545.1649370976669,3553.120094066886,0.41505038995774013,1,Moderate
15.788020474900721,2091.8972162727723,-0.6197113889442427,280.76968047794753,528.3276195834691,0.20473247284537405,0.6291697312350313,0,0,716.314362619373,1279.0922432187024,0.5124093212491563,2,High
60.67677302187573,2392.2531964910027,7.4763955256010455,346.73677209219676,419.7505097136052,0.09860752228909114,0.19272205036038192,0,1,3224.9318901651163,14296.569307565798,0.6588147941946011,2,High
11.019144268782807,2834.48792488673,-8.946533363406058,179.4626879486765,249.5036000193193,0.8408202331744079,0.07054700436853134,2,3,4546.684589896032,15686.947905909885,0.360933078637789,1,Moderate
25.698385989189116,2341.128851640457,7.782899239915707,221.70078556719557,577.0701494866141,0.14935633659780917,0.36933339780475705,1,0,4129.947269843257,17012.664704207553,0.5157078777906894,2,High
64.8494191393605,1453.3864583083882,-5.616313086953366,120.55546565263215,541.4364150239726,-0.13023654296163628,0.5243552421441809,0,2,4915.2761967874585,16878.68322718264,0.658184791228305,2,High
11.619398335758198,1846.3535053574133,3.570784884287516,244.14454562834393,288.6752061372348,-0.01598678677724652,0.5620018370849114,2,0,2890.689422996969,7585.191601327517,0.4129565755474632,1,Moderate
6.205262671364242,2830.3547838979916,1.651033927692005,166.8180549118751,365.33067093613994,0.7430042996454187,0.6014935235424668,2,0,4807.386523090929,14689.399641847238,0.38265272778657544,1,Moderate
36.34034963100081,1370.4110076681463,1.0588149637850428,157.55485130079202,582.1355532928824,0.4452968050357224,0.5486619957615549,2,2,1524.67082607726,11670.77718967371,0.5958753639863194,2,High
22.68146334589023,1419.61295301289,7.187204495056427,307.96831048179797,590.4081990595586,0.6566586043147722,0.24575197097118762,3,0,2107.5229692303287,467.286036664929,0.5351424806355978,2,High
42.25562733628906,425.3463945972039,-7.9685571271067746,18.06078365952792,297.40280164487376,0.6896597007536638,0.7645497359690018,1,1,1980.2068398306483,8031.962194157331,0.5520894465062276,2,High
60.28536678626064,3209.5870797539424,-3.059439493487279,317.50647401947265,516.0425154786988,0.7055600831321807,0.08778026173939857,0,0,236.78740139452148,1057.5791847026417,0.6154889584946514,2,High
10.286136611455737,409.5234708145019,0.7650549268953117,306.7451416182805,216.089124824665,0.40567507851906964,0.19835387955218298,0,1,4148.526342702792,1667.1211088059733,0.3288327118810047,1,Moderate
43.55243134157137,2303.91120332509,6.225777078920796,182.29185128224407,254.49708011186556,-0.005167344730984624,0.7393780090191141,1,0,123.59094346184318,1120.0489428675842,0.6171963007407139,2,High
37.91315702923979,1504.861227929512,-5.67113833176657,176.47302751402617,140.65203564462445,-0.03694397254024409,0.2797261341052517,0,2,3649.381255425059,19218.930765973142,0.4379397901244506,1,Moderate
10.805908950989968,1479.105926868504,6.058596827485523,130.25065249277645,165.05152602720165,0.43138286241262375,0.4934734416094052,1,0,2035.3239132763201,16884.019816015338,0.4016571300601989,1,Moderate
46.79988641467368,2410.4762443471254,-2.0072303501212847,357.9025650054244,411.2803162426474,0.2031657890542441,0.32719774085555886,0,3,31.23858038454552,8782.089550003602,0.49994835800863796,1,Moderate
20.523031339557875,328.11869094158766,-6.221722871326092,40.020959791382836,330.9298899038945,0.4138530653703441,0.5069812116160032,1,2,1449.7345143139974,4959.949355291533,0.4809448092245414,1,Moderate
36.58757389080094,2118.599662034878,5.179728808869653,212.4774848262985,177.12252334408157,0.34832562866165134,0.34665579994736506,0,1,1730.6384795941365,1449.016590460872,0.4496116885171029,1,Moderate
6.170424320779641,2724.908072306006,-8.182021970509044,245.40537244047013,271.6002889989089,0.46241788766730335,0.9942079899060504,1,3,4823.512355300077,8623.92502988622,0.4690683733425342,1,Moderate
34.468804291021726,2915.9233768144204,0.29534748150885903,336.3588029581,255.25090292502495,-0.16467703018977814,0.35747758935814666,2,0,3305.3954880372803,12007.057621151642,0.5554621234632292,2,High
22.984760103211524,679.803323938836,-8.72248432276223,280.87325886843416,593.0481124944338,-0.16387965130686433,0.6270494173976454,1,0,2717.8579575307017,15942.066462235316,0.6792930674273636,2,High
61.67859083890158,3151.2247702657905,-2.8716428968442482,231.78499301215686,519.4612104662586,0.5937546879333597,0.8883432176508774,1,0,635.2528210132901,1031.219723552892,0.7593749158202678,3,Critical
4.273404524802621,2330.8967122813037,2.0215359801278527,42.05243405236416,263.38148336110334,0.012439968204991825,0.6379349943647504,3,0,1955.5216975640844,8357.40035033331,0.400612489134089,1,Moderate
31.395545618874745,3098.3063227903217,1.1223108297442614,134.54406605932826,552.6541183928182,0.517418308411262,0.5658572551096086,2,4,178.82176800184,19537.148912670276,0.5310471079267619,2,High
34.38235680985785,1749.9544381746741,-1.90689164190667,49.982991317274696,238.44946539549412,0.4012335018706,0.5692294547562082,1,0,3808.427092361838,2414.410708252357,0.5122994644144966,2,High
54.375455722433905,1942.9133733304868,-1.4190401205576855,317.2365836875849,417.3458320041727,0.8799739185450859,0.4964607109233855,2,3,813.8835109687392,8005.987895717856,0.5450133925710473,2,High
43.07156813176582,3224.7301418974816,-5.464608932984669,269.86361600291144,581.6574981751619,0.7189464667713685,0.8075804014044551,2,2,2972.1785047320054,5501.106472313903,0.8090191980777829,3,Critical
50.04092528956358,3159.692447405884,-0.8823482315179412,272.71324324700254,264.6533751937037,0.2544479734644844,0.05042407836138196,0,0,3496.9576912815933,2680.7871081261924,0.5221869940975395,2,High
58.27869642388171,1623.7469694546069,9.065097114416684,234.81234639847588,423.93673080771356,0.4780541021024815,0.8851299079293277,0,3,1832.5456385349282,16778.91376481974,0.7114471523949694,2,High
64.66522302436415,1033.0029475613178,7.009058355675808,182.53567329721548,212.75809608444825,-0.07098159705198079,0.5862922202456428,2,4,3162.965760497209,13942.304206879508,0.718230147478578,2,High
23.54066225418529,1436.7794775184982,-7.095342618473124,53.989581406858996,196.47177357888606,0.2250246472586191,0.8488732212557483,1,3,3821.164308233413,8231.129684701638,0.538802826396684,2,High
40.35170290229272,1418.3987170011492,-9.404384253581581,118.69015921381863,365.78616653735355,0.6072765151988617,0.010392702544208543,0,1,920.6189755299409,7381.3456548540125,0.4059623035821122,1,Moderate
63.008105882939994,1075.3473749414993,8.670486254332612,49.289685291680605,588.59552891827,0.4849387425415191,0.8692764039616176,1,0,3004.301644187424,16554.97518936934,0.7212055350592528,2,High
74.20883482237923,1013.1706547320863,0.5349949976149517,260.96873142684353,299.22361679609344,0.33291845681509363,0.12013751917326687,0,0,3669.415677204345,1815.6769130347893,0.5338716281975618,2,High
66.71394832828224,3027.613984031046,0.7567564629861536,57.68235936792181,565.7003336741194,-0.0058179855420640025,0.7212180063923992,3,1,1785.2404470831295,2936.6656090265233,0.762296821297838,3,Critical
27.86004469682826,337.53053032784976,5.614359914130446,252.76087806180678,552.8999361346189,0.6834605187732992,0.41652139288784373,1,0,812.4557905827262,18131.00016187076,0.49006785897569277,1,Moderate
14.63748879139878,2403.87801913862,-3.706220522573469,249.2119402545257,189.5694367897471,0.10048326485273462,0.6810723910979244,0,2,1430.5801056221173,16344.133081014577,0.4187507321063845,1,Moderate
36.70444030549415,687.5881749519378,-0.3618486232799576,165.349612436864,271.0006738963801,0.7025269898281006,0.6281897376773642,2,2,4665.373334199145,15497.555251424668,0.4411585190032899,1,Moderate
55.62310888770317,1271.320037539815,9.373258262934751,48.68231548249882,403.8163631718007,0.4727699690744929,0.16339654706724183,1,0,1787.2397738296852,12479.518486076306,0.6367026620834721,2,High
36.942680306497316,309.24631605844536,3.442973738648142,113.3282974082532,334.9252364262654,0.21000457074366619,0.5146137644475518,2,1,538.5029387944102,5849.001031467737,0.5598611492293595,2,High
36.238564748525135,1017.9103653085709,-6.925099360084282,115.23351926719852,102.77719142474588,-0.15533425584400937,0.27723047319454075,1,4,413.63253824664434,18695.73210520836,0.4395785063993923,1,Moderate
62.867281581135046,2712.631641798623,-7.3354650403129344,252.13864793158564,596.5339165699371,0.05566072877881456,0.5604368428480124,1,0,902.4753287192189,9837.376434693433,0.8188839117899301,3,Critical
27.105283430038977,3109.0521034606795,-5.914704833339892,40.94748698894076,463.959700666204,0.7779780180369804,0.738003283052844,2,0,637.5616784487587,5612.390623288044,0.6138375128911939,2,High
64.48460061087343,853.1923164680479,5.33423348841435,298.4647126377927,290.7317210235915,0.6997717782852892,0.08125841458183791,1,0,2475.218299785681,7311.492132259172,0.49408596637074403,1,Moderate
30.510360071379267,1676.0626534803343,-4.092459923187679,273.962624466929,389.9927023164602,0.43233864422750773,0.5157624235310253,1,0,1737.7572208780446,336.82030391869233,0.590292740078108,2,High
24.617482925875457,1699.1017629865016,-9.572223066498404,67.07049054273861,98.16504949642656,0.3129547103583397,0.6176298207622585,3,0,4207.02827341632,5103.181236560914,0.45481671912431026,1,Moderate
34.04924333997742,3070.156039583096,8.883487270113235,258.8991774404002,322.4159095292855,0.51185694726312,0.29536745359721384,0,0,4405.392662156089,3759.122173131273,0.4090110741033767,1,Moderate
57.18352190061513,2693.5167797777385,-6.605731672101786,240.66474532841585,561.9578286996183,0.31287294062763166,0.9530034827960071,1,0,2366.396939438899,2711.1328414238887,0.7673662042969293,3,Critical
9.450152089799571,1844.4625424513695,-9.808836277038628,269.32348803993347,543.1305269302381,0.5087353247910544,0.5203028255068295,0,1,4442.635522822972,642.7998636030829,0.5058518384664259,2,High
14.731441190401304,2380.5404816040295,-5.25736795233354,68.01427996153001,235.5594650157301,0.1381445096261737,0.18251708984593273,0,0,2252.3081936550493,4537.508868349196,0.33041282443491493,1,Moderate
71.3583619247319,2981.007183291847,-5.299424257637327,56.732515976328706,342.25232510173635,0.7223469397026228,0.10778826179928402,1,0,3209.810619726793,2070.374361408094,0.6623086908973835,2,High
13.161872053601803,132.43244368685282,-1.5598949830855382,85.13423493219152,433.56093824820573,0.5721096828117933,0.5416595491653655,0,3,812.6741632387541,902.8075642802969,0.4155347444895697,1,Moderate
42.57954884482909,1469.8261055701653,8.407796630000735,131.71381313363125,237.00509679934794,0.162973191270461,0.375238381126929,0,1,262.9128091093774,2746.445181967874,0.5653654665033483,2,High
43.44858499964534,3184.6267687420673,7.583698355581959,285.71939317288843,85.68356995166616,0.7137327263057853,0.19254709776838463,1,0,800.4258820239868,4048.067270533955,0.444629179942635,1,Moderate
36.72183465376836,2617.0643048694346,-0.8621089003514406,265.652617492386,327.9929111947926,0.3360767839384969,0.03069848678577458,0,3,1259.2261792270322,8319.246502253987,0.4332247272890671,1,Moderate
48.355893643261396,1945.6606727358537,-1.7820019001638698,333.16257322027195,380.89965470283505,-0.00789724878879236,0.56660008003788,2,0,3754.9094652017266,11673.913724814593,0.7164892058522784,2,High
17.237004434821383,1900.7913919194536,1.1001817294970255,21.10664127550156,53.212880066830635,-0.11451629179612068,0.5986002368336619,2,0,867.5262123073529,6445.317248666324,0.4711981746147476,1,Moderate
41.449670083256116,1282.4183318550884,-5.1309197605646855,4.1602611651068155,102.56645544619184,0.5695663224009424,0.14180260118146848,1,3,653.2734776801602,2825.1883095768894,0.4951650228006353,1,Moderate
27.912994143517285,1869.7698143811494,-8.956300160672743,251.68997869228767,164.00985397678375,0.7516328846288118,0.6017380497703043,3,0,4638.046895647243,18806.47658356826,0.4153371569144494,1,Moderate
49.62504447218918,2328.302878175741,8.784482723424134,100.54349848589965,241.4287578450138,0.6881861874539981,0.9519727547075985,2,3,3444.01211171971,10297.07424441923,0.6624511046539393,2,High
10.591765752986209,1522.4343306578965,-6.266020302456545,120.26840239217431,347.5781725568192,0.5212161332443672,0.9782956099897394,2,3,2366.5279286414025,14837.60665391482,0.533903965336147,2,High
42.81580626296072,2528.1206977333914,-6.031985415085672,196.8487293292244,211.6136053178159,-0.044487438834755144,0.888492936557005,0,0,474.84196607879284,13888.70282537741,0.4741544597830308,1,Moderate
13.895276653749278,3028.1895726853118,-0.550793422921048,36.86872432564746,201.90109792357705,-0.0965515164256811,0.8070785808357406,2,0,4258.954557856781,5697.9351425540535,0.48985576732395475,1,Moderate
20.89822973362773,625.928483828528,-0.1677331031933864,231.3699899572979,528.142139097195,0.1795325853128979,0.20936783671333126,3,0,541.2921539443222,11197.23850763257,0.42950044344490657,1,Moderate
16.403235024268742,1635.259877579243,-9.63131580598516,117.05308064321407,129.77785244078444,0.7404019794386456,0.15643518249593014,1,0,3055.232658714279,12043.28231704086,0.3407185141016614,1,Moderate
13.712833490161284,1487.2683103692757,-7.040905224520586,227.777444748357,322.50307324479814,0.8579098973373307,0.44494760228535446,2,3,3338.3824631074344,7035.820481665758,0.4439849943207924,1,Moderate
61.928321367050025,2437.3803337690756,-2.4369036287851653,300.2424887064189,574.0535943148748,0.06549694033177839,0.6196317513185524,2,1,2000.6940257499361,13415.331309680534,0.7813561609252836,3,Critical
21.428067574566775,949.5493818769598,3.6746138702107807,61.60008000147468,393.7572870138252,0.6383052376398921,0.850678684008378,1,0,4556.083625022876,15813.531028782105,0.4318579327056766,1,Moderate
69.5342836398337,2276.853110837739,-5.431630863361283,335.11431344922727,444.4630139419412,0.4312561385979263,0.23196304113680155,1,1,253.50305854509702,7284.211014156239,0.6026649083183245,2,High
72.74448940088932,3083.463421887059,-1.539711075164746,191.04773078247976,287.18034526483393,-0.165011896214263,0.47964790052033257,0,0,4090.584528993446,298.3074308478395,0.6391014395992386,2,High
42.8445352452823,1521.647439298317,1.1469012943293357,332.2539954626286,60.96269191584577,0.3972079849262338,0.6474402419568459,0,0,2768.9719912909986,6986.718752617673,0.4966637484417772,1,Moderate
10.72508419992948,3197.453379929348,7.771849892465841,74.78282959264013,405.37170260196297,0.6865344432882907,0.44559385453441913,0,0,3056.0186220380792,2336.3120693321716,0.37949162409427567,1,Moderate
28.091118253468593,3476.7567123738268,-3.4785899534575337,217.64255925752553,397.5583547854682,0.10373506167842916,0.45419367707928426,2,2,4934.127812411752,3112.1577836678016,0.5580314372119649,2,High
59.82991975111605,460.71296982303704,-7.32883468273033,145.3993622364977,110.7352000548332,0.787097786367507,0.22511716102827906,2,0,2913.239015589113,7318.989538903497,0.5385095610807199,2,High
27.554304652280283,892.3808391485194,-0.21455548204783526,278.71998881616474,304.18784249354735,0.0598864475621006,0.9866609049110759,3,1,3985.139927811965,4152.421964202269,0.4771417063293891,1,Moderate
6.526291372709156,3331.291155039117,4.934432033681242,218.12721955678668,553.4309195661077,-0.11587955409154027,0.4751932834074434,1,0,767.6538285988538,18697.77906773823,0.46258852303724907,1,Moderate
41.758868319614095,3358.314134036715,-7.802804858945331,178.02556450499463,162.79665758458634,-0.024066759616479555,0.5327419454054919,1,1,4046.4479605490887,13056.05844674999,0.5774164997417585,2,High
63.38406386220261,432.2047363149789,-1.506330166060792,328.67474631516313,303.60431504876067,0.7207031555930101,0.21855929128682905,0,0,3805.3645361208323,10367.283188884317,0.4736947260932328,1,Moderate
59.694479035762676,150.99490128226472,-9.644297174750331,135.7621431018049,303.6067518602862,0.2590365109434811,0.5141367183318186,3,0,4840.550366838424,194.48685352786876,0.7350101461386102,2,High
13.134235509776493,647.7400790718357,-9.328816367054976,79.19287376334533,495.9188074812011,0.6766401199838235,0.25534955853430674,1,1,4678.553174846603,2072.3548649156196,0.4179166791468911,1,Moderate
50.457346080935004,3486.443463499644,-0.34093273566668714,218.916427266753,503.51672868119454,0.38435636708855464,0.20233625138346645,2,1,1069.9327275570274,15769.556934285647,0.5652929799015618,2,High
16.53781975767353,711.9986964763353,-4.036054036981412,224.65023738221296,467.59818081486554,0.3286150372738746,0.27572225094293445,0,0,2324.665646321641,7794.87526079018,0.4180094179200635,1,Moderate
16.36556509141292,1808.6618628548788,6.902145980108244,158.07406376587514,250.99978755355056,0.687604466641712,0.002759648505280987,1,2,4557.415890864267,909.8639223714722,0.36245763476673926,1,Moderate
65.55538299788888,2984.6202698637376,2.043086122529086,175.17961572817762,89.62030876018605,0.26583637288361356,0.5701511120016839,1,0,3203.825348538223,16511.18187585155,0.4905190062737763,1,Moderate
18.725171455517263,169.36547633990156,-0.9213407651401937,345.439229147964,242.21563747320775,0.6822360041730051,0.38748000552284323,0,2,2318.5019713643505,6052.920263947661,0.30850402212783024,1,Moderate
19.74355098885084,2155.262539678762,-1.8412925789140733,263.76684890284844,423.8851606992368,-0.08927161854020985,0.8986890191939303,2,1,544.6938080041535,7725.91243948445,0.6532543565742057,2,High
0.049004307097466615,1041.8865261567225,-0.055090396208735015,39.81663053372772,436.510615968992,0.4999418970931822,0.040707173612521186,1,3,1758.7878361811477,19487.38141282057,0.2532702780068944,1,Moderate
65.30017755941383,3031.9387158950876,-9.191223375746773,76.36682551341995,580.7501152121955,0.5728457622071832,0.04320030085575011,1,1,3326.1997457678954,310.25482068964607,0.6636343298079878,2,High
59.444610990685106,1063.7679074978691,7.855867128413198,351.2075883968012,299.5026772940397,0.789007135755917,0.8858735173125835,2,0,3884.5724097524853,14426.487862910195,0.757149223651812,3,Critical
47.04967013180085,2434.9694489584904,9.966063114679166,261.5275993656713,397.83957061715967,0.04675631058781446,0.12664464220434124,1,3,2235.834570046263,18977.683526235818,0.5804035410070828,2,High
56.26993229541317,2392.3467503211496,-6.370257502826027,329.4162454120751,346.5549788973924,0.46464186810213676,0.002160104124001805,0,2,279.22246505541483,1277.1916470598544,0.5654835318118097,2,High
11.403642556836886,853.078066122776,-7.592340704507605,109.39012703593994,132.84020806228057,0.27658222005814537,0.17891386371301377,3,4,3165.8609113476523,17321.540487302944,0.3197526035644851,1,Moderate
34.37426959406816,218.3172795523904,-7.128450731028096,267.07206963117324,303.66135967267485,0.22104882109843194,0.8238761750976041,1,0,4607.931961124416,8324.833870720764,0.5952544501446206,2,High
26.341454051158568,1491.4485508703508,3.2205411646873436,257.0409750684641,349.6593350789468,-0.08261508926684678,0.8027140827601023,2,1,2482.0537445274167,17559.930316404065,0.5533023769331737,2,High
7.0332394692762366,1083.256716683957,3.228816769015495,106.08839475817503,572.9122833232421,-0.05234333634556354,0.340132210843451,2,1,4642.1235064464645,6165.491857808456,0.5575771039320186,2,High
36.45978639111931,2850.5243486866093,6.9584832455682175,198.29387716225392,251.59647992492583,0.720687307592411,0.668030917259852,0,2,1770.50361831271,19653.25440999856,0.41671755602600563,1,Moderate
69.05547377569765,2821.238240748174,5.036527768525065,225.8694400573063,589.0545067093877,0.6247287755581183,0.5072497073358277,1,4,4431.828849682096,12940.988193427973,0.7260494912196059,2,High
3.004433928802086,1653.8814374549265,-1.0062065326132057,173.2074518978874,348.26504071324644,0.22057524332021056,0.9047349898459061,0,1,3931.698763160919,12541.80720874714,0.3993425201950715,1,Moderate
21.859568512034542,2162.141566098944,2.2571072313063762,297.78433439688456,183.35808381668164,0.7113352395285939,0.05642347541742232,1,2,4808.707749700014,16118.06765762617,0.31870785411582614,1,Moderate
15.56557021542776,2154.482354355546,3.765693407360157,299.8328550472762,155.41541285869428,-0.11115719669406371,0.8131791287366318,2,0,3955.10617605214,8731.721392840665,0.47106451148471984,1,Moderate
17.860999024927224,2912.3377046539194,0.254729405704504,306.21619738856043,127.93220449312747,0.48725130873648553,0.17059866942746005,1,0,1607.3987481523434,5173.392642167471,0.3336243717270009,1,Moderate
68.13259139095315,1545.0082080188715,-0.486980310967267,289.2324848753386,299.11307881539915,0.7549936579857173,0.3916208974317593,0,0,4502.837636496588,5258.60385438174,0.5655204337197659,2,High
35.10517906757176,1036.5187112877309,2.901948912853065,175.71005179097207,62.059536383907776,0.7227506541343744,0.19195715143476588,1,0,3348.655382305695,6612.075016533543,0.3381381328530618,1,Moderate
34.97245597048641,1001.1187216778613,1.1494909795130752,137.3177873336426,294.7749058231759,0.21006103593604586,0.702614409594139,1,0,810.3466287061862,12347.052691484303,0.5477232488472286,2,High
57.04317318414617,1923.053749559494,2.878846106718207,299.2954621371734,593.6225806857705,0.6197572383626881,0.6783261797532577,2,0,229.82539869680073,16767.794612236536,0.7169192918730559,2,High
11.586915300369435,1627.1038892895226,2.257095479267278,176.47252508025608,418.55873764724663,0.27021496007186535,0.5478976016990269,2,1,1829.2280207414262,9991.557568555816,0.5208027681838489,2,High
36.544901557503806,1596.410621348783,4.383931210273094,88.69370350607346,467.88236666022254,0.7241519808289443,0.6981630368036552,2,1,3934.320748658387,8068.9646070159115,0.6354203705172671,2,High
32.248891059079476,409.86695290500455,2.8560701756575213,182.64367163599786,115.4529648950444,0.38383814517052534,0.6395647806046738,2,2,3091.0729772345962,15876.954773821095,0.4643148230322608,1,Moderate
44.76830179099921,2543.252718346665,0.39484972874534563,51.065935890927165,310.2054738195499,0.6413427540155454,0.776442055684268,1,1,2635.63579864671,5793.358136021436,0.5238409371793376,2,High
74.96682774378289,826.7047391384964,3.635936225687731,248.98661661556758,207.42270556414266,-0.11357125947916112,0.23940665129054872,2,1,18.638172951290777,13780.705380776652,0.6428211490481398,2,High
57.70866705615353,769.6423427096527,-1.010360696291439,120.93166138460629,541.7536403939662,0.4490285687697491,0.4289126149407205,1,0,2177.503510493712,2116.1044145299024,0.6529439136883077,2,High
29.83992772630704,1503.3782889431377,-5.166575480547979,93.83716744108355,149.71085960765188,0.40531259521627255,0.1516265293542287,3,3,788.6169436262442,2264.76532497182,0.4186077099554349,1,Moderate
62.06647892055352,874.4463615005249,-9.97163559732169,344.34314864450823,302.3033299252081,0.4709743939086762,0.429593564220194,1,0,2272.8369855659394,12881.109535293728,0.6563544442482412,2,High
12.803127248436013,2085.118108847252,1.199282942916863,279.67715847299075,373.42624509010074,0.5652057687071492,0.7016917514203412,3,4,4958.851609939183,1655.0102855120285,0.4684620965010836,1,Moderate
2.2847764731720095,1362.975353737203,1.8131045321728205,283.3450209806154,332.72260036819296,0.8099198670375563,0.6913911607843516,2,1,4397.694115599645,3101.023279007877,0.46066571036086584,1,Moderate
15.333627934820479,1626.2998568154865,9.440979295514285,224.53990894050605,506.63394038372405,0.6642502899536342,0.7094269032949428,2,0,1553.1530205329052,12487.381143207243,0.563343764799008,2,High
25.530866708569473,1926.3756934536982,-2.770433318114489,302.102211783707,177.29924422580223,0.04160179057839519,0.3087675286443565,1,0,2967.536964814659,8764.073942026518,0.5033642399670505,2,High
38.29355680946699,792.0207764381364,-2.117335143433765,273.29849321881727,257.56511073303017,0.7084858962213056,0.6622139737909238,1,0,2510.4761670695884,11225.929057585437,0.47100149809023906,1,Moderate
46.134685540589984,629.5555177428013,-5.9640083731561955,215.55853348810194,485.64636311567386,-0.06571235462339481,0.36746631958893816,1,0,650.2350260734141,19538.858251777914,0.5976822512358285,2,High
68.29542879108163,3093.4344697702563,-8.589314095253561,346.00478466661826,340.43927645524263,0.4844184442425766,0.9444920461050499,1,0,4949.0325790759225,12639.220758639189,0.7477039957887919,2,High
38.239050716284325,1574.6605896268316,5.4560898572348115,68.97418188639229,271.1645621063765,0.7710291890705376,0.34336636588033875,3,1,2125.8757830664545,11817.01608502551,0.43938406760764953,1,Moderate
37.5956733469297,1501.1182727506332,-5.0063787132135,339.6166988381104,66.19338310965733,-0.08876574036360567,0.603018234044388,2,0,2528.2951853591467,7602.761627868619,0.5255554259992582,2,High
3.76822573672366,221.08131092766104,2.1780972206007583,144.5177383195914,464.3619832085852,0.7346619186412866,0.750145714192176,2,2,3237.9965615547,12617.551899988264,0.44583316196791,1,Moderate
2.6183664492167855,1793.119428797137,3.755460710909631,190.2236340245352,584.7001428817182,0.6784828076532703,0.9064074290263412,1,3,957.7226656530896,259.99051397481264,0.5147412090442895,2,High
41.336997143727906,1984.1770534774002,-0.5752662541670457,44.18615503595122,391.1578552186805,0.35415297722297784,0.43792860345391094,0,1,1111.133011798015,11146.404986852503,0.49725936199737764,1,Moderate
32.863395993625836,2000.0589612458662,7.527042260543833,194.43867801184473,521.097671378837,0.1397873625249445,0.36048510820826796,2,0,962.792125982187,1377.9472102117406,0.7024747211417235,2,High
62.9385296235224,2503.9059756978068,-1.1241031804054238,220.03443066894962,334.28165875720936,0.24598205087869823,0.430028175316589,1,0,1922.327717332642,4403.444938767744,0.6160317563823194,2,High
12.050968853388389,703.43823896944,-4.301827539164698,359.1725550510686,177.4245309828505,0.8655239492702331,0.3236963515497808,3,0,998.3847822886016,11262.42004373109,0.28725219324816376,1,Moderate
1.87287465877872,957.558656384104,7.9203104592324465,351.06926798574955,57.943157329330006,0.021867311767031022,0.653924490067314,2,2,4631.979839711946,13359.0109701864,0.3537598686859424,1,Moderate
33.67790759475944,2856.483581783403,7.231285684999129,347.9030250747434,409.3690471744941,0.4375647166128848,0.932716764008584,0,1,3571.5702317512046,7695.930808014268,0.633824983020138,2,High
17.810891756419313,3320.3800972675394,-6.719201058471739,125.41970163674065,321.20986653653455,-0.10843517733344776,0.12607100648936675,2,1,4489.17784611488,8379.598319787869,0.4843554913161269,1,Moderate
3.721078000412809,562.1713410488901,-9.480779632921582,356.85593954821564,480.1539808981808,0.039682370608089435,0.5609220647701569,2,0,4242.420651550991,9960.448116277683,0.5472399211059634,2,High
54.34487151357217,1792.0084853177418,-8.200288873007587,163.9721345742399,432.0753295894175,0.6396480268819726,0.897648725360331,2,0,3515.759757817158,15181.492154891297,0.7305677862093513,2,High
8.36947499679356,828.1992593145953,-4.269052028923658,306.66105315428416,593.3738025136106,0.13285894439657991,0.10011454465601755,1,3,1213.7309453757966,352.55543180334524,0.5140349842330345,2,High
45.62396250058288,304.2487724069403,9.445196034834215,77.87518884682991,330.67192087662187,0.8843426776190082,0.4938654107662809,1,1,3076.5943214323092,8941.359975100579,0.548139856648901,2,High
21.078731262516687,1206.7113496288605,1.1703230632165003,182.09994467637685,284.9461343201551,0.3508987474032241,0.8652295958604461,1,4,931.4943031763368,285.47195813652945,0.4768030188746212,1,Moderate
13.012203776626652,588.5379256263234,-2.5347653594146236,347.76435460593797,207.70682919161223,0.36819325783851714,0.9004522117120823,2,4,662.380242551388,6382.837212655661,0.4682883663483271,1,Moderate
28.48136421894881,2513.772449676437,7.774321892254928,340.9313028924339,312.2737104852009,-0.16005378673069123,0.5143521611529165,0,3,3162.8762097630315,10396.972426264485,0.5407897648846386,2,High
60.10843321672152,1914.666406482911,-0.9372733704300078,246.14455601571362,530.0793129676072,0.8521794245349927,0.024951884467717456,2,0,3123.1279676915497,1598.3856733496293,0.6271491602429772,2,High
29.40701826784295,589.0372013670569,-3.6952274319795775,287.21315611910154,73.3418491854577,-0.00834321502714025,0.10563917842782167,1,0,783.1107100974416,9704.270559527444,0.3514344635234192,1,Moderate
56.30772369082918,131.42140057874886,8.82439057491315,63.5136107768645,587.8450260074038,0.3921746586914869,0.5867167452412337,3,0,1762.1384872396573,18491.478072510185,0.6502385507945334,2,High
9.411472259936302,2847.733966682323,6.990353323853562,259.7970778142967,596.3189568692889,0.2352420709546048,0.12385860646634494,3,4,331.4058692841454,13706.846754081535,0.4499400669112209,1,Moderate
57.957856474880934,699.0609809584416,6.873367508388817,222.498291000734,378.801758223346,0.25714317081906635,0.14941777691127078,2,0,3578.6655684302623,15645.053437536151,0.6216971640727109,2,High
17.769999367998647,2161.1365835506044,0.24569486100426197,32.95862487044859,232.34931203247075,0.5076301826397194,0.7721170977821139,1,2,4937.478256987719,11608.284364331947,0.41078080948970186,1,Moderate
50.80448474166546,1245.5345044609348,5.788767976309099,40.737242372283454,172.6769325771131,0.5282975448017253,0.7506920585755004,1,4,3699.5307771251714,17927.179600944535,0.42953834295832916,1,Moderate
42.433616613074726,2090.652190271121,-6.412932814708963,39.03970239045427,202.0697176266833,-0.030282523656093463,0.8427727594254719,1,3,4220.760847877206,2937.385840507205,0.6257613266430835,2,High
69.68585379087655,1173.2223317399016,1.4644591511248723,260.76849653874086,77.55798457773452,0.3495453184340815,0.10573513650610566,0,1,2381.7162114235966,8995.720664092933,0.49986324510629665,1,Moderate
29.049188848148553,395.5945063536642,9.676918456950915,51.01747496912608,311.31102716584735,0.6695251940560427,0.19814488109681772,2,0,477.9204058337516,11940.664687649669,0.4637243329721634,1,Moderate
4.962389162583033,858.0300290963622,-4.180831389640767,168.38361760120938,81.52834897542321,0.2876151319074525,0.8329614298586506,2,0,3633.0326125265146,17469.506831526138,0.40497277457795033,1,Moderate
1.4366614163439677,739.399126028857,5.887046584953504,128.51345011599278,445.16081812675884,-0.017615082090761874,0.7210876086977921,1,1,1282.6010006540732,6160.204909242304,0.471244104274182,1,Moderate
62.01439207295648,1555.265798294789,-0.1904318558386553,198.18149067727842,254.56120054306973,0.1445386374723598,0.8059561278280402,1,4,1941.4697662876479,22.5595553152802,0.6082839508680801,2,High
39.355172824607415,2338.164863648935,-9.203886335558254,254.331535398985,159.65060246093975,0.03361752051557723,0.9897456749079221,2,3,3515.496249809217,19488.282220862606,0.6478724640526059,2,High
58.143303887621194,996.9406548176157,5.260387956313348,246.50011339967952,349.6694568098211,-0.06160078529367924,0.8644316061557021,3,0,4523.9226309779115,519.5460826572962,0.7230406148826366,2,High
17.5819200008636,141.03778002210103,-6.628617112157745,185.58716972917557,585.5676189836576,0.21533924017888917,0.5204632508497603,0,0,2431.2452449962484,3047.3345447946845,0.5509802378956227,2,High
25.881280913492528,1864.3870385001735,2.6294713426550036,167.1605544997388,432.32207696013006,0.39502986751788266,0.31076818479725743,1,1,4808.027865478308,8440.926588965698,0.5100959079613836,2,High
2.2577904158489206,2159.582263820505,-8.286716119060543,143.21361424401314,320.4607675572881,-0.11997332219570507,0.5696765865747011,3,1,2599.5176414700204,9927.396259957206,0.4323744497271643,1,Moderate
72.1119243430584,3373.759679606153,8.937347949919296,310.2875813895766,477.30286458997847,0.46420570945100176,0.6385865502344524,0,0,612.5522423157032,16689.319148583698,0.6846974604628357,2,High
50.090093002561005,2104.200730517039,-4.165522256392782,119.10664975415219,455.61205954444375,0.8923268841865684,0.33531214125962094,2,0,2592.168729126987,8956.358998313279,0.5556393125963236,2,High
69.99038158194797,1701.9867018856824,-5.470706166452102,93.37169562029814,540.4545035817865,0.8605374252220921,0.7709370374846785,2,4,4303.138529689836,10948.582733017214,0.7270516431573729,2,High
19.912230557180425,2049.5655280521933,-7.417271918673314,267.59357771589765,162.56792117667112,0.7120908301990747,0.09275379265788675,1,4,2690.2256656215995,3999.9974170423957,0.3705463078191393,1,Moderate
45.859770841924565,3254.862141530892,8.920043866780954,129.51484621082153,522.3826669423026,0.09297522408264336,0.7793928506817099,1,1,3738.7767393120857,11383.173982798015,0.7142133637323526,2,High
50.88749762194784,2916.4856950455974,4.238074848826104,304.91949591261664,215.56434787293438,-0.17535164387269597,0.031998518681948473,3,1,2739.788059289377,6967.674859709012,0.5529582897850288,2,High
23.816227519319135,1198.1276934369473,4.833217774361774,118.03993870937211,567.5494103038034,0.7168958731711361,0.4979660607214902,0,0,2730.2728018645016,1974.6456255170463,0.4011145843750484,1,Moderate
63.608192626172254,906.6648364342667,-0.011908772395107903,252.70013684685173,204.58583192070435,-0.13870774482341547,0.8614364634832663,1,2,1423.8045064863263,18929.257826972866,0.6664707704622775,2,High
71.03710971751859,992.9542820446503,-0.5054442945903315,16.239242262720992,559.7666987394718,0.026190889617847435,0.08649527402139756,1,0,1006.3024227787332,1633.685708867756,0.7238033795843445,2,High
66.36413382720032,1815.0315350317242,-7.799575140170467,138.8026368397152,580.0848929552441,0.3988985369914629,0.5177389364941697,1,0,1394.5939792232691,13557.57860763332,0.7379012643604945,2,High
55.43002319545294,2629.7681341771645,1.1968219116798355,123.56286298831853,130.02024660135783,-0.0037841569419920507,0.15939143896131636,2,0,2204.189454619066,18163.863058556137,0.4536918304580108,1,Moderate
20.809850979371554,1810.945304422071,-5.061670097824191,294.0043461393324,585.9749357945307,0.7171671644285063,0.8948157500609353,3,0,4047.950553533492,3584.093084460875,0.5026239707486548,2,High
21.12120315792238,330.5077458155828,9.542906656008117,348.1399451621916,97.14763263610526,0.6548756658858119,0.8323455270336302,3,3,4144.955536519302,4742.35332258043,0.46602026087860887,1,Moderate
72.25202403345284,2560.174381495935,5.931618800302946,165.9172596094661,170.2122826368871,0.6313464563109747,0.9339172432934877,1,4,816.8890803635903,8534.13530284823,0.6799678056716413,2,High
0.7713371951769021,2840.298437481243,-1.7401587961422482,296.9410597753529,294.2928294800425,0.6977403774873343,0.8749823415300936,1,2,2764.274570771542,5890.199363721942,0.3948905939670177,1,Moderate
53.70374799316084,1084.2927414070468,-6.973174826169339,251.89009234465144,596.4785511414406,0.041671958291073286,0.7365533098659907,0,2,2080.1386148171396,15180.662794744088,0.7185112215271923,2,High
52.96846219164466,2358.0275135633915,5.706633822775679,348.25895555892953,318.70967814095866,0.6017816137647243,0.1848891955885028,3,0,2854.6786281908167,6763.067510131402,0.5416402657228923,2,High
46.70171557123481,1550.4124635849375,-7.55892465837368,291.9990651634169,352.7251937481672,0.1908096528509412,0.3025026156689007,1,1,3238.116935085133,19716.710808372027,0.5287043896252119,2,High
74.25816345651494,3123.005809473306,-6.21332493005859,27.89210374694299,431.9337222380067,0.5335292355252395,0.4968551583080074,1,2,1398.0599635942797,17175.744650199395,0.6683211987334489,2,High
23.390957682279392,2973.7668977465155,-5.769589645115452,256.78142005760503,582.5614570501233,-0.06577609850570776,0.5888967815147237,2,1,4596.211909707958,17906.882675686877,0.6290819142626234,2,High
25.497889784493612,1886.4687942527837,1.137812765461888,192.7798975520545,480.84327006833445,0.5761452380709664,0.7821833953132099,1,0,4677.240775010087,1273.285705349456,0.5480852413630729,2,High
5.920455220991666,2451.1188557662213,5.741133079807327,5.916980855637779,173.28470243303423,0.8693185006908577,0.22695962818706095,0,2,526.7887127463949,3526.1691885816826,0.31560585464967245,1,Moderate
33.20986024078031,3103.3889834751535,-3.713702425506156,90.47266514115972,216.64501186539508,-0.15203959814941215,0.12827739414696326,1,0,3515.092405581095,3387.368138376652,0.437176327230679,1,Moderate
19.578639467613606,1785.4378342661366,-8.306603714494212,331.8318882096815,103.69553178468843,-0.09678820871620678,0.4826101705936361,2,0,166.16030847474207,13439.292963512878,0.40618256521222773,1,Moderate
25.754002663323316,1165.0525176619947,-0.7092307295116171,333.3820942032311,404.4488002906069,-0.06399955592818474,0.15784141087292058,2,1,232.8189895364219,238.22748350334598,0.48458744481496696,1,Moderate
62.592884269172075,2662.4648688925763,4.962204823198711,287.5861656722284,149.40716859657186,0.2736202954354314,0.6937368023295722,2,0,4788.99957041511,16128.52399952004,0.6574662600496987,2,High
70.16133851456217,848.2252662679521,-5.566723138252234,353.4406571800762,191.57268866365115,0.11985820342635906,0.5756308900917173,0,1,3474.2656743515777,10940.920368507082,0.6210713089927326,2,High
13.929980400388922,1421.005903220543,-5.601509039212516,290.35628086471377,538.4625103492074,0.6876121688947632,0.7411077970188847,1,1,1622.7081492402494,11326.260631747871,0.44883371633200725,1,Moderate
27.93816986650994,3043.4726061630986,8.944540546934217,3.673507422688269,229.71562143260837,0.3211659631210578,0.06343655965510842,2,0,3349.388338729453,10746.728444820235,0.4736528169456494,1,Moderate
69.64729215865455,2563.0359569156712,9.083074542383557,103.62036250854425,361.65569509479184,0.33299107695740765,0.9646975604442038,3,4,4229.175253268408,10706.917794465444,0.7327775623702285,2,High
4.635634551691697,1472.9574178414973,9.809314641231527,11.024705605594631,268.66130483404737,0.5887419114578891,5.536675737993768e-06,0,3,4354.517382056519,3957.721492671005,0.33622522159335616,1,Moderate
6.927039608353389,830.1313081884152,6.153192031495603,33.8788687455214,90.71720807325246,0.1981658807893203,0.32544241501353477,0,0,102.59889512082677,5663.59443638063,0.348120613826687,1,Moderate
12.209324190467202,1310.2925288296042,-6.236316616641089,78.78269410227938,249.5751064431878,0.18852797216250988,0.6796347933662398,2,2,4091.140037051322,9752.349156669508,0.6016050897836893,2,High
44.64096255951561,1065.954107373272,-5.760369584014773,181.28107667718808,274.437511669762,0.6326190263902285,0.04514207386211888,1,0,4266.013575299663,13556.889950448925,0.394900238275113,1,Moderate
11.28542032544981,698.7035790091034,-3.19549516955216,305.1115212463264,542.635606051335,0.6580459204204414,0.08334958135760695,0,2,2977.851024492631,5439.075200368695,0.3047348535930201,1,Moderate
72.60572860880501,2627.331906123233,-3.637349373330183,310.3080322165589,228.44785950548675,-0.18416135021389854,0.0766814372282203,1,3,2399.5192177501117,16122.698499950138,0.6227246035229327,2,High
33.50358954438902,957.0376152905832,9.13055498156018,221.83266908062674,258.5826158691373,-0.041830476575193676,0.5815097267209793,3,0,554.9945859881328,16211.863355620582,0.5673894937216827,2,High
37.61384702626248,1644.1693985703969,5.781479657633872,334.14333806384457,480.59322276978395,0.03440799926332777,0.8959253150385381,2,2,1198.0691983444958,5477.588143120313,0.6876536297197353,2,High
18.499396185405487,1411.9221192427708,4.480175843231077,180.02243757247493,467.42615816637885,0.18676051563366397,0.555436977712262,1,3,2452.42559832712,11201.29361108206,0.4700935255590274,1,Moderate
35.32201893260501,3439.063087361145,-6.280735518837364,320.0529758879526,489.05690215666993,0.12059289177514837,0.6035713522796716,2,0,4325.398555867551,6978.457090681251,0.6923793925941386,2,High
49.643522447775865,1429.7136301039498,8.190511187246592,163.46349227952436,574.5739070418023,0.5353720532271042,0.3460016512079894,1,0,4015.671783996615,3813.7147087473313,0.739217168611561,2,High
56.338285271553204,371.9404415089663,6.557407590123475,99.80100267187763,487.5566241171313,0.710948757183254,0.018741158655532275,1,0,2479.647904593682,16119.999115916968,0.5105632276836074,2,High
56.540106203243475,405.4075587450857,-6.727163173441526,329.90865051615395,274.18451176984,0.011295680591626583,0.021614717751216372,1,0,3928.135114152395,19829.62436613068,0.5375641935930114,2,High
43.341833452056626,2108.5626526004203,7.423406639219451,139.65662724439295,501.82968429395055,0.41927806666214323,0.8883099664809113,1,0,3828.6668750822596,11314.383563847163,0.6057837051158295,2,High
67.8269831245393,2137.8360759101033,-4.5550492725905745,181.2254791840062,329.7710476494661,0.2045978761891396,0.10257243871964672,3,0,2895.0767568330366,18278.93409719386,0.5406783964347692,2,High
61.3055885479582,1523.780567641027,-8.382605083357879,118.3898277110438,202.7427178852109,0.35635566255066814,0.9997893718125953,1,0,1101.6272671598338,12843.376150896038,0.674699213836397,2,High
56.77860860239691,1568.268553860901,3.1364461302842006,238.62153610466274,216.6043874720568,0.48283362596173335,0.16442261151127813,0,0,1740.0188437992476,11314.474031573129,0.5198884537787263,2,High
4.170414126034546,283.37078165896213,3.076093187686613,358.21124100217276,173.1133137098691,0.7829598005502123,0.6746344439551895,3,2,820.3227509620908,9602.897600948776,0.26001677309429827,1,Moderate
0.5158471664736985,1856.2581353234916,-8.101359808687638,9.184877591317072,129.74612680086437,0.011521934610008805,0.9489554721809057,1,4,35.75253211379636,4714.299333866772,0.4922704715196397,1,Moderate
15.933545789660473,1816.1142162931958,-3.6229638212683524,323.9452821625565,151.46972651950767,-0.10429275423833362,0.36228927764202623,1,3,402.6271567071826,1685.105425648703,0.40121212468174666,1,Moderate
49.764269543508924,608.4676830936114,9.856289245110773,1.413380516135545,84.74792747460066,0.48993311094988773,0.7344331887479894,1,0,3798.1281719656236,8846.718360336861,0.5699781446959992,2,High
30.839811666190936,453.05391277715376,3.5685333401747386,131.12203721263597,538.6479757128125,0.23354393364988918,0.35085664344233514,3,2,167.43075383748862,11226.198270977146,0.6045320953213095,2,High
30.18046944744838,520.1464680382677,4.601503332066583,60.698450264225144,562.0542953070178,-0.020807037377712584,0.30494105676144534,1,3,1999.263194070625,10188.993084448482,0.658769779844616,2,High
66.34401661722103,443.496038070279,-5.741654287913887,272.64304104211845,372.7237158716425,-0.07120411590967082,0.20180408257543891,1,3,4928.901658359764,13911.412708180253,0.7326743364236773,2,High
67.16721360988791,2173.0078648249832,-8.424358579921714,18.219902672582453,512.2692561347767,0.4148007655614328,0.8209349068988645,2,3,3976.1960890511004,3841.97567135081,0.860936274737932,3,Critical
68.18814480401893,768.0410181699233,-4.4619662051812465,199.25458329035806,150.96410645923092,0.13051765398101517,0.25738706360914787,3,2,3753.0880251958206,7084.0595782633,0.5511212647530637,2,High
23.540855738627048,954.8625174373757,-5.02203229613616,106.17340818431255,545.9206038748418,0.8971690175445759,0.2831581629058576,2,0,1373.543839865768,8311.345425805328,0.5213773569047417,2,High
51.82918595544463,690.1452901148951,-5.309117985038938,48.121289591292765,328.4988577967796,0.24649090126378542,0.9989697421987774,0,0,3208.6510780542917,3730.4661115662398,0.6900709776808873,2,High
20.372488595577725,3356.6400351249104,-6.144913562259209,277.8545563569507,86.9407459330553,0.03351526964170096,0.3273104354453198,2,1,2493.5592384219144,18129.284273442547,0.42749464384388786,1,Moderate
14.295737480583734,3005.6993747162405,1.4951138131080874,78.27006033189241,127.72200947178811,0.4917339496290056,0.42277448883204893,2,0,3119.122006591749,13630.229148258346,0.31979937828930227,1,Moderate
13.847434301052692,883.682446995171,-3.437930483163565,80.523076339778,219.93705343274945,0.06868037865955762,0.9900554577748348,2,4,2179.080594967485,1837.2469268473578,0.5313530574539573,2,High
25.658071564769553,1213.7253993352283,6.4069003009506105,99.02764264965228,73.95666919511329,0.3434946475542772,0.3693003454174263,2,0,2654.815201515699,14255.960797343783,0.39583911939272604,1,Moderate
32.24682148348663,813.6356638369904,-6.32105164305232,211.23603497808986,220.11135790959398,0.33083380209310814,0.36615200723586694,1,4,4941.981245088407,10955.752120409901,0.5092330572489937,2,High
62.32118782913013,1772.3782621668008,-0.7074585826291102,237.47973540866937,82.96173821539048,0.298913392687311,0.8277144662138602,2,2,1646.5642750398235,10478.80933586305,0.6573498157697294,2,High
8.991832010453408,166.67581041246223,-9.726843271478401,6.336908532484187,179.81518285605384,0.6756942658965326,0.31193036848769207,2,1,1082.2638674216485,19795.71550214962,0.48099294965597555,1,Moderate
55.11943855461706,2382.6512302491055,-0.36635355089615906,87.07306900096451,196.11836572104286,0.03827430161280229,0.23378610364240715,0,0,2242.4722141536145,12364.016423511575,0.4937736299660747,1,Moderate
39.8591185641979,1878.7377093799817,-8.883235582470512,155.14950330190183,596.9029370017366,0.7947380355775171,0.4232102551753223,1,0,2621.602553045265,17934.563859926275,0.5491696007232101,2,High
21.595900700699435,3155.372356223751,9.554470237452872,119.51170277804393,179.55067057001546,0.6704745535348877,0.7006408005761927,0,2,428.1441812186293,18270.97880212248,0.37761422393159255,1,Moderate
36.961468839961846,658.9351267166081,5.811842573008256,318.30143706391897,181.55254691621917,0.16643460066765614,0.043243024979265354,2,3,4029.8601108928506,2028.372634817004,0.5013017342306372,2,High
22.495655233276697,2833.9714366078474,-0.19777046727089242,283.57514311911075,427.73393259711173,-0.0013372430918476286,0.37391602721856676,2,4,2110.263938474463,167.24512759139776,0.6200284775674293,2,High
44.70614664287295,2792.6674491868334,-8.268252836412994,225.3204775939779,522.6466131840486,0.1074885269574154,0.34624490194584034,1,0,2065.934169155163,8705.338187974547,0.6892228986409793,2,High
32.53829421414331,532.4160433374155,1.8489088158082865,121.69526975893432,262.8804769311476,0.1658998715999862,0.24481834726203255,2,0,3294.199223416316,15385.699620820453,0.41498174501662205,1,Moderate
12.330414680915904,1455.1013620900337,5.175275014037551,252.24204414461752,531.5899109673808,0.41262648568775134,0.654287335904345,2,0,3866.221666743162,16483.91910661064,0.534833487616212,2,High
8.743730591677254,678.5189798913574,-6.185654939905094,303.709684624486,237.0781114112664,-0.14899501430498485,0.28999008041367735,3,0,4929.701348890684,15749.880932678028,0.3079005679734072,1,Moderate
41.002176155409764,966.0497015556663,1.364166815749817,214.13893584923522,158.35873378826062,0.8057950428372587,0.606731559008003,0,3,867.5984924762759,8945.759170283987,0.43052747409340086,1,Moderate
67.68097749645776,995.0369944238508,6.284217967657359,282.4061280816165,231.30135338024792,-0.09145765767277793,0.504336841454627,1,0,1727.77841726788,14999.282370730481,0.6321245967632023,2,High
25.796826491826415,1991.2037396876274,5.364955552926327,269.6777861039092,385.1460056603958,0.10720073351003834,0.21718987082589858,2,1,841.2863436825696,14375.530490523595,0.49158363954561446,1,Moderate
54.97500804169674,1498.7971679855827,6.0598403573430595,205.825432017716,251.92873762164055,-0.07978381825173676,0.2665660570421816,1,1,4404.275141136294,6276.385019296074,0.5332016908603476,2,High
49.39960162048252,3322.2915336214382,7.586468497394396,112.38595805574394,420.09159219410884,0.08234010917822615,0.17060005330656391,1,0,2742.4661933109155,3374.4112047775766,0.6641389792570537,2,High
69.86661857321107,529.6584826198175,8.753642043189405,268.48157688045785,180.31473368236533,0.7214412004696893,0.05662921485095784,1,1,4262.200478526418,12428.374344439912,0.5807981424562668,2,High
61.573576297435565,3410.553258490676,-1.889576895929281,74.44669188873833,435.5460916940318,0.47669339252156656,0.6191884631049116,2,1,4926.126455236747,13541.727843641695,0.6466881431831678,2,High
42.49539441790972,884.1713767284974,1.3753820504575458,280.61580472975214,241.09109978665666,0.05005554759842873,0.6727886939143344,1,0,2751.0334041723795,11359.41381735816,0.5410225367358188,2,High
49.277287367558046,2727.7713836983007,5.813190520912217,289.6368091713119,300.727604381064,0.7589343827792714,0.1659999936086699,1,2,590.7590959535846,4263.590929820928,0.48876892379876635,1,Moderate
67.37898499380262,1252.4977489875928,3.9427962789156634,295.9721566453343,356.7598272435928,0.6807832651403334,0.6153923846860733,1,0,1806.3386044833846,5533.466407109116,0.646111255928669,2,High
29.96390884402011,586.4767444188673,9.910404565287575,170.24974955224474,427.42375175229654,0.6290142105537386,0.9820847400575781,1,1,180.94648634331912,14169.72542918679,0.5736444914382856,2,High
24.509602939333302,3016.823229837216,-9.726446977907116,69.2930763973518,181.29253051680354,0.7323959682242842,0.07440209493782213,3,4,4246.504734681238,19252.44728074438,0.26280793102275146,1,Moderate
0.8108312726397254,1150.127057403975,-2.8973356936841865,35.90049602378474,509.77004557594574,0.4816146496701467,0.4903708724988637,1,2,89.43470803450148,18896.712031117688,0.44034582146525725,1,Moderate
61.99133056435982,2340.1083743712634,-4.379441474595951,267.6100501756527,447.01351236538187,0.3515810962323556,0.7330382136438538,2,1,2960.924950649706,10393.162928345855,0.6348382903517961,2,High
60.073552530252364,2025.9085292945304,-4.753682996689308,319.0540984307327,178.7538554631997,0.21132852878852837,0.0460091978297269,0,2,530.6664295367891,17731.18949530937,0.4817822269048725,1,Moderate
7.834088857511354,1703.9714519289728,-5.549404350022284,234.3018091812864,586.2360094316007,0.04614042244846822,0.7782734939976157,1,3,37.78920697081134,589.0240061066643,0.6225422801928707,2,High
43.264303584952515,1785.786207005033,4.182476816304581,51.897621739813054,415.63834506675215,0.4131528234115844,0.9795112370928859,3,0,1280.7522113070236,17223.042431953505,0.6565506562310586,2,High
34.798627362516555,2589.608907913778,-8.304810534493562,336.56272146632665,298.83478755668807,0.7784415802854971,0.08848786353275317,3,2,2759.2609651878115,9523.016468694532,0.39788761865844147,1,Moderate
8.90318216318336,398.42790801969795,4.832176678866766,356.07672523415505,136.64002905443397,0.4533799678915576,0.8222299054659253,1,1,375.43956102277343,15630.546698166361,0.35825427767588747,1,Moderate
73.54261702955426,2371.8142506568774,3.8685168403254693,156.0162995765719,343.2715512694723,0.8115675478927005,0.37858154451209425,0,3,3074.4394149009736,111.65819174863589,0.5824436829977356,2,High
16.10219155975166,3145.7611447551676,-4.983917349982072,214.13710413855765,140.62673775491498,0.19260910655247993,0.1441162024340118,1,0,3359.9611056870276,17371.215687380074,0.33693549666146233,1,Moderate
5.042563506792086,296.4798698675381,-4.943324336696775,279.8022672005968,286.22042328381406,0.5646517697802476,0.4931932091963478,1,3,4848.49050056726,11899.592447617491,0.3326596249449593,1,Moderate
44.61355346264322,578.2213533944669,2.5772117068900435,265.1003244180161,274.7918875067354,0.5135320197089053,0.0715187357812157,2,1,4497.685401940614,4804.607965044319,0.4580762667823267,1,Moderate
55.41500078497745,2536.5485847869068,5.243422109673556,348.40338909604174,445.9668043911031,0.5374772284690161,0.5221014081671842,1,0,2833.9555128941756,6949.661088710009,0.6130232996576879,2,High
2.4332584535390223,1586.7576040316997,7.52971226174731,41.35791278836401,155.8107496733374,0.5095462134648718,0.019356788004049608,2,1,3966.824043549968,4013.3217386246333,0.2919373926094807,1,Moderate
49.40382290452666,1472.0653107665405,7.042791277089513,209.06095181141006,502.0292451789652,0.04382014243082846,0.7286114416727302,2,0,1818.2054082349596,8488.115156917664,0.7262637348170494,2,High
39.921890696359085,565.6865574504019,9.297659883277063,249.09531108231317,229.3727798588912,-0.04205001188853613,0.4879696858115886,1,0,2928.561080317783,6600.120625610466,0.5982388215945827,2,High
7.744875665628631,1823.0181384404796,1.6276979067302229,320.43543270756123,294.19374483282627,0.8764910818552647,0.45893966093518057,2,0,2016.7708496825114,10690.063541040226,0.3480608222639197,1,Moderate
12.939290770977156,530.2540580676826,8.173111226807194,314.67946597853427,474.7875365546134,-0.15017535827324868,0.19619149374208367,2,0,1685.208808560288,16295.688837858554,0.5547996217795952,2,High
42.598072298706036,1720.5095514558373,6.170265465208217,352.0799256820644,393.9658198424331,0.3145101357310974,0.36126315579476576,2,1,3638.1974293747176,19645.505303619273,0.5809447391526597,2,High
22.22682101349663,2696.292016469633,7.893352486280271,184.34824341756445,219.41394349106554,0.2675883488560481,0.1818694324216663,3,0,1483.3527214337294,5029.15281454344,0.36000276160356615,1,Moderate
70.37367964884871,978.0988168163559,-9.767467974292668,299.07391205276156,262.4116085002346,0.19602085403658387,0.7353901005357393,2,0,1902.761350025386,2130.165253856444,0.7154538189574497,2,High
61.40551721130381,1734.6729718110728,9.31805983731622,153.82141492583796,218.18274769428558,0.6601822389343805,0.19902529943302727,2,1,1835.8578554038972,7913.344998052301,0.5567866549223682,2,High
73.76754048852473,3472.854295949241,-0.5293967430704338,152.03299602817162,377.12359200243645,0.6198853171437675,0.616753327051715,3,0,4352.017135931155,2871.085523020951,0.6760395264725512,2,High
19.47531292128105,2434.6114394037268,5.963659791496859,91.20541121022924,232.94349326376184,0.7957474158829345,0.2796075010677521,2,0,852.0223497550056,16684.804041687086,0.40687232556723907,1,Moderate
72.72927245984827,2960.613022437675,-7.455917613244383,294.5654233269227,449.1337321307275,0.2350362788056144,0.6569821959233272,1,0,1907.3789598282326,10022.497590727276,0.8096277355101247,3,Critical
32.34254023436684,1510.4818623058557,-2.081178083720518,354.8934380928656,368.88293722104936,0.4205974807224057,0.5404549589213423,1,1,4439.348958644111,12399.247648172945,0.5281092921961411,2,High
26.063909648531595,2710.727138627908,-4.570786739580182,92.28302220501284,130.13863646112995,0.7815377520763327,0.42343863165272,3,0,76.52212939291691,3012.251085527875,0.40250644051385087,1,Moderate
3.776214522701493,237.73118800049423,-4.1668245899812595,20.207371687586036,220.64774027393534,0.893232869140923,0.6730008334104715,0,0,4739.334976640567,14992.176316731331,0.2973955779235369,1,Moderate
3.9573943394701967,517.8980206436329,-7.5348876009823655,293.59527747084263,171.79609305058568,0.8662237986018906,0.41572207160822916,1,1,4494.5020989774175,19471.636238699208,0.3430768859320953,1,Moderate
51.9008441959991,790.4400159282112,6.115276650860139,223.28281891251223,264.67226690331694,0.5896282583956076,0.8213706025750328,1,0,2089.240732045576,9647.70502984528,0.6169714991434275,2,High
34.344674582552095,1466.6365436917465,-9.815153708378437,345.4915681983616,333.7912474151497,-0.04244968640880245,0.7295984582352659,2,1,3265.1264023306476,19249.146095812866,0.7234469558878467,2,High
16.98912195270793,2975.532586307595,-3.7498908602959506,90.8061188677028,328.7195715062604,-0.17449538702767076,0.5406389945130812,2,0,4955.333303110022,694.3218768271997,0.5485885235174911,2,High
46.04777297439245,1277.3045726789637,-6.5117891356717,25.569956880461188,464.9880221098089,0.707740192043236,0.877060682585997,1,3,2774.741885308884,714.4542762871087,0.6534883285308597,2,High
18.96435886875834,2325.712057952574,1.78077881216681,177.27921391194056,154.04452498094014,0.725036226941008,0.8288618214680555,1,2,484.49345722804185,19200.25821518783,0.3483812857061631,1,Moderate
43.32238157583169,2511.6686023318434,-4.914951947709123,30.767768267453096,570.5600561135957,0.6209969990898165,0.5318393946204992,3,4,4268.205067652058,14005.311948620558,0.5699542665675692,2,High
26.940656023701777,2093.0200039003607,-4.820030909438007,94.24440039697468,238.56480878519275,0.10791583459914217,0.06844769370079751,2,1,670.7580727860408,3773.7945404800953,0.46926200316516015,1,Moderate
61.76641699588643,1314.6226917784631,-0.23323712009362652,45.35202989490058,215.1368658038762,0.5037996455583793,0.565996352199244,3,1,1286.358278029815,7277.495981851385,0.55127882100168,2,High
61.55221205750845,2061.9813618260505,3.053780786818514,80.68758467762834,426.8482179991209,0.14787328599680166,0.3552569895602855,1,3,4367.576765296183,10155.061358563455,0.6417875142697513,2,High
35.8012798591801,1263.7030154851373,-7.5739059086967275,38.21207501570107,493.03414577568435,0.2957130707110172,0.5401129428037341,2,0,1280.1460591871817,14052.754711374891,0.616115063826446,2,High
26.31143320012617,385.1707110768411,-6.489770950690077,343.4061597938227,258.15947064750935,0.22067859347856156,0.6471304604975934,2,1,3725.429653263745,16840.53120350459,0.5134357790403816,2,High
27.19198474193209,3475.533525832449,-5.056505108109648,100.28257684190477,460.7658361916874,0.8050040954690614,0.6448385748506397,1,0,2238.368393794314,1653.1280942638937,0.5919529472506051,2,High
60.42858942511634,532.4203423505371,9.47496428235921,159.80313095732356,536.05477587483,0.05757306381826316,0.6735240435180014,2,1,3798.7447281615896,13131.482469778275,0.828196742531934,3,Critical
24.6134612098209,345.984505042595,-2.056950001141593,323.50025074832,471.74201586382657,0.4353719950311253,0.6792686250450148,0,0,1161.761225195938,9534.228272758857,0.43008900310564935,1,Moderate
15.679453028013452,3087.00454730433,1.9798018126205292,243.83577166613077,68.80806706395815,0.19707968193724512,0.10928141871350416,2,2,2097.8276247945087,11952.44550886056,0.3867679110734064,1,Moderate
6.351625640648012,1126.2378470358435,-5.169143745680442,222.49349300223875,505.0529012514035,0.5293782231056483,0.19171233045729363,2,4,1590.8066929578501,10170.632132226045,0.46267277879551155,1,Moderate
35.00198406633063,2311.0097118499257,-0.1908094968502425,254.00274852990137,475.96452714990204,0.4210194552952225,0.630541004542351,1,0,1245.220209910174,9013.861010189104,0.576685177873226,2,High
36.15990741898814,1218.6194808515918,-8.517616512280838,298.37601255793743,418.1096309842523,0.8163754495025346,0.4081723887310367,2,3,1572.14932869838,4110.255923594324,0.6245157137735343,2,High
63.068153280218034,1430.944520701202,-9.30515708155346,315.9609364266339,468.0123304983469,-0.08822663312866551,0.7628516453057635,0,0,1614.9609944923593,9446.718247179582,0.8121341606626895,3,Critical
16.592902233454797,991.1841048571081,-0.6253294635707967,231.35028143940954,588.6839677075664,0.042704923732439753,0.12490928226283216,2,0,4776.890968281637,3793.1027608353916,0.5020277305333973,2,High
28.574345525129992,1266.3496196962346,-2.0268142496317587,320.4026188898608,287.1120883000923,0.6429827602141616,0.19152299442053933,1,2,2666.1516630705146,892.2297405543222,0.3747147030703798,1,Moderate
60.63043041702682,1496.3813619942466,-7.262393606163446,192.74310987317168,86.9727792250288,0.20566552388432774,0.558464642436473,1,0,2310.260941637662,7476.489818960444,0.6925032741254011,2,High
61.77177080617301,2549.414634913966,3.7520285784146736,99.82470825663243,303.48948329524416,-0.017637835148403697,0.5007480192678987,1,1,2516.592849517595,499.1147749900815,0.6554724476771745,2,High
28.845830698407614,1839.223060398292,9.858069817985289,316.827615198184,75.53851046507637,0.35365338516992656,0.26639715397668995,1,0,4980.654880367094,11250.899260439992,0.42978961079803024,1,Moderate
34.43430174650107,3308.1217383337216,-2.0870635760657503,194.93021786871137,211.83772444865363,0.517356267772525,0.4083432435051585,2,1,3267.945524456268,1447.849066803546,0.5647532770971733,2,High
22.74644181369622,242.39333905183673,2.4911727183478902,326.20953152420435,372.78388548821744,-0.15069061443115156,0.034981278056653076,2,1,3517.43320731894,8751.072845737592,0.47712370405391785,1,Moderate
69.9416158814484,1810.4322969488958,9.259518847289712,14.46041302220924,220.29259110938597,0.12078407830418919,0.037038107994374125,1,3,1568.109147701623,19602.856747504553,0.5677358901464851,2,High
8.898282430618524,2086.364282027842,6.630699448937506,143.10567055484478,426.96738525024625,0.6903647914656472,0.09492700282487165,1,2,2357.6885498393476,197.6304123787598,0.4425306153638084,1,Moderate
70.03120672511025,3228.6697526525313,-0.7289555339462854,341.20980661048856,502.0924802271466,0.37226902327121375,0.5767924532005605,1,0,920.3269474956733,7337.091353125967,0.7154477320544881,2,High
51.28998388765074,267.1389803128538,4.749789689198387,89.87403339298899,281.2415486037453,-0.161082863309348,0.8637164146131536,2,0,3425.947278453331,13465.257119218008,0.7252472827283863,2,High
39.86791145150484,2049.8985887797344,-7.437299194989519,338.95304857385736,545.0758732111519,0.11014610580217093,0.26022328925957505,1,3,1722.4726287660997,3178.3380923981185,0.6443396335357274,2,High
2.4494295588371906,3002.341756995054,0.24207710927598391,343.40488600653,93.91141224272012,0.5030547215773635,0.033939829723420245,1,2,3741.441828809343,11214.672831402368,0.167517640859368,0,Low
35.669714386650625,922.5542756054043,-4.418794456401269,317.57123312130994,512.0622403102474,0.019295416535827226,0.7086271020523125,2,1,1065.8065506746905,5163.807172312453,0.6916901807416503,2,High
30.58110787520492,3079.3939849813873,-6.776726242076778,202.92049623358753,505.7152299916144,0.7101305468413559,0.8553522390050665,1,1,2017.5151410075198,4455.373831684515,0.6645649940872204,2,High
12.091410898134193,164.7475915325922,-1.4743818749093034,232.89820166902985,227.09664297972068,0.5442334977920307,0.13817278526310173,1,0,2355.921699807044,17899.671014919033,0.25768854747963965,1,Moderate
49.23072026254927,2590.345739054681,-7.379708911327711,313.0621194419529,214.29335291853823,0.31851696704257243,0.38574769594040015,0,1,832.6267688510047,4065.6095796032046,0.5563214410340128,2,High
72.83631805262144,3272.58495197342,3.979702163489712,279.3229496601064,217.80223963443194,0.8071861591734635,0.15873684059020476,1,2,347.9554722062461,7531.034215306052,0.5037649103773163,2,High
42.16416082983938,2334.4720495762117,-0.8751991189332902,226.83378580394816,496.266541789426,0.23098084801712787,0.1063574306093652,0,0,1585.3384865923608,3391.950097491143,0.6036752870323783,2,High
53.60649573329594,1592.699429533523,0.6228926512932773,353.613386833453,507.4094181856073,0.05858075162049381,0.6481685384743745,2,4,2724.460717630905,5677.75479507435,0.7427956531126005,2,High
5.133783942451259,252.5954560072413,-7.07248122663686,246.8435890801299,231.34735235521717,0.527543291779371,0.9675364761781313,0,0,3263.3947428386996,5862.133602447532,0.43967392688645673,1,Moderate
31.325024686274606,3228.386965296938,-7.20456677813011,351.173517281194,375.924691094454,0.43062470621716337,0.6781656256207622,1,1,2126.356716143151,6535.46047514133,0.6110842739700162,2,High
8.72688638733719,1699.0071571513542,1.668308705202481,20.659850858552666,126.41327619224997,0.16877269102434767,0.9848146628076182,1,0,2501.3880655252274,12821.338736534502,0.3871261877758137,1,Moderate
45.95968766523828,198.58893074222323,9.700194956588927,50.02573346719649,307.8283060545622,0.1780310174563749,0.4343952760702914,2,1,2715.964872048307,14851.854862230692,0.6771743683758943,2,High
70.3861618660616,2445.3916425177904,-8.074988335245488,162.5251845601766,599.3360679705461,0.23803133949751198,0.8978697888273601,3,0,2559.5541052428844,10213.394390624766,0.7604014967746568,3,Critical
49.63332993537289,1738.2466621592778,-4.285371428684375,138.55660591835345,137.36153123843576,0.1202524242273062,0.2050842246663046,2,0,451.6427776181275,12209.519618417682,0.5000307223902596,2,High
5.7602286235816145,522.7740793041964,7.389182330757752,281.78454288853,571.1594519780324,0.5812655469970147,0.1179043670107931,1,4,2025.0051635731363,16265.374939666424,0.37312203522989995,1,Moderate
26.59996537388121,828.5241516548825,-8.554559754895262,57.82104952891335,503.3400970807543,0.516494245556326,0.7025200509124363,2,1,1021.6571166357874,19991.21322680838,0.521151796333355,2,High
41.29975345806386,319.26831354987735,7.517714427339026,351.39426448013586,584.7180580204484,0.28485541780103196,0.3714083308626358,0,1,2668.6798714487713,9130.11972687446,0.5943696353106585,2,High
30.240581709993915,2052.5980350091504,0.48571966749502415,113.42371509392905,148.76831833579314,0.23764014335716088,0.3176876027471016,0,1,3790.381261406286,18728.689911852915,0.3306981701761324,1,Moderate
62.52330078563793,2214.9002294568313,-1.834664521471483,154.4125347864574,167.43516974385034,0.20155639629567562,0.6712805779976581,0,0,2897.4314965277163,9807.401860570131,0.5231960423626961,2,High
61.10032535324919,1819.5238144085108,-3.8063887129708824,98.90821167840825,59.276949954172274,0.11181515353147892,0.3334840417694881,0,0,1109.1092573342626,15639.995049830286,0.4293395744209247,1,Moderate
45.887326507741605,2878.1472522088907,-4.057656837443162,208.57090223755702,448.58599710358305,-0.10573367052723469,0.5725581722485213,1,0,1038.7844279875912,11464.460902966135,0.6535137133971429,2,High
28.009345884952893,3027.429992447246,-3.8839483510104245,21.10633215213022,404.2520813899021,0.0950251540747506,0.29945510626130434,1,1,184.99065207855713,17680.784504743315,0.4781930083938828,1,Moderate
19.150228032243312,2193.1229487226306,7.696061619203917,53.88390200536156,147.93599107860265,0.15332148356237157,0.7837575882112514,0,3,2131.9044107654527,8974.064032335187,0.4476738920711496,1,Moderate
7.940573865984699,143.37203100526386,4.47590460349571,268.4871732307407,485.12973104813955,0.4024524068918777,0.3123883404953154,3,0,2164.307680812156,13916.30002594341,0.3365401331639939,1,Moderate
26.617326261491552,2463.780829542301,3.394460156623012,67.1402100257294,214.55752837244899,0.6511673599858547,0.5349941444962202,3,1,1182.1817266801172,9326.304384363759,0.371853004041327,1,Moderate
30.987938790578966,1521.1973375291955,5.974982979040016,84.78520256039862,124.24756313184935,0.23527235931743484,0.02317608369701174,3,0,3821.292338411302,17140.54802673384,0.3064737571414462,1,Moderate
50.68671938280552,2022.8954429697158,-4.8577067399171,285.4736048609416,282.40946576064147,0.8392325964373011,0.7917307833583928,0,0,1932.4334830172252,19887.373582847657,0.5044107118678315,2,High
49.36198682231801,2306.874046864207,2.3608562416351138,33.58842420861129,100.03341663477084,0.7100849597852787,0.620337774821976,3,1,3347.006990376995,4866.299838518237,0.43233609853710514,1,Moderate
5.258110473094272,1290.804488712061,-0.7986752208409804,157.49057619750272,194.78401095028565,0.8832820326721198,0.19223706699289567,2,0,3200.351661118893,9486.779264145107,0.2681033188312798,1,Moderate
29.644448657336834,3218.1349175841005,5.648832704003867,8.302819319001715,254.2333471350404,0.76382334514563,0.21537337609102514,3,1,3023.702281976874,1625.1335952077418,0.3463159052699354,1,Moderate
13.633415041302143,555.5145469492561,-3.8148777905342897,124.85066375444538,518.5252959827824,0.4783985442403172,0.26249291850482204,1,0,4540.330802419867,2819.9088882757815,0.41368497609722066,1,Moderate
11.760952898760427,2383.140144755527,2.8635723373979154,251.6333049398716,485.9018077112718,0.45832721659839076,0.5765301045955619,2,4,79.45057894359564,18583.003644911438,0.49982754072388536,1,Moderate
62.04766123029344,114.82257185237346,7.644248236346268,32.43718069820219,293.51485716284003,-0.05752126057036125,0.548316333093023,0,1,340.1865542172183,10872.275529818824,0.6877436248510281,2,High
3.1436412537193146,3243.8137583776147,-1.956990476101426,319.80046564035365,448.51628176381314,0.5946391737807246,0.2738637196418894,0,0,3610.7032517499365,7902.320344521237,0.315984470247649,1,Moderate
31.4387156926591,482.5140530095111,-8.667558252650771,327.41965545865776,362.75729989845274,0.46022754335193855,0.6940622919770036,0,0,1767.6295948957188,13429.650586151065,0.5282026862761309,2,High
12.615274182488864,422.6063825017537,0.3210164468358556,37.796535045048635,237.46302029293744,0.3576253137355832,0.8890411659337312,3,0,4932.611976612711,11203.225766402238,0.37257739391975253,1,Moderate
65.94976617588556,1232.2259523776304,-3.0805502438594807,356.6636770952796,449.2308889224066,0.5626155598130176,0.04351547765353847,0,0,1082.0636126628108,5774.354459344515,0.6121316506790315,2,High
41.778038495627634,1370.125372532874,3.4445076109435,107.11063922237601,425.9245349565079,0.2884526271217931,0.41719663782268146,0,2,917.0951904587688,4532.290125203979,0.5463902386873135,2,High
17.353547728263603,828.6202458977873,9.020658494972121,30.276601607378176,390.5019432064811,0.37624562864911487,0.5935201185448099,3,3,2941.1091229705894,11804.795000182103,0.46187841957637454,1,Moderate
37.68204653747823,2089.4136471522243,-0.28783364006305945,1.8241612190144174,389.8755365737878,0.238187535283582,0.5864352035369994,0,0,1397.1263944433554,3765.3102242280956,0.5726092628018647,2,High
54.86147697773369,1605.9079333426762,-0.6761953968893231,147.06824247499054,425.6400957798372,0.5891079827077588,0.01953534698951076,3,1,1702.4649253451064,2783.4420154437203,0.4700497474687044,1,Moderate
71.85885066895753,216.1970027396972,3.091696003829206,226.73159485420237,261.50003195339605,0.7642720676026771,0.21056606584860504,2,0,4605.121619914217,6367.7512493412205,0.6084708752288552,2,High
16.53345031840642,1186.8170116680221,-7.930049928128646,119.58452996519277,527.9916982872363,0.7249294330458629,0.06183072131212153,0,1,131.21334323863255,17226.82126286937,0.34012042435946194,1,Moderate
66.46363290970089,2855.4719061487795,-4.929876221499708,301.2182515708642,139.26931502305345,0.6646277992544158,0.5689650725499341,0,0,2656.297099586078,736.388818456577,0.5946032513085936,2,High
70.07280856256178,2444.985218530353,8.379586510007972,257.978259203418,536.1370047815348,-0.184833525000994,0.6453898876694671,1,4,1674.497140097675,16665.325072453787,0.8456202135362001,3,Critical
68.73154083990497,2564.5609021715936,3.398852267275325,126.05815150849176,238.2550136675969,0.8030685102652053,0.15974216342347758,3,2,1729.9598797664455,12419.4767245992,0.4301738724049252,1,Moderate
47.65607676464324,2473.5975418839803,-9.731119120331675,264.3514799790977,118.76738858474239,0.10236329279573336,0.3330111193420726,3,4,1239.0440494415805,807.4551511397177,0.487165963463314,1,Moderate
47.23654908260308,1157.3082727023132,-5.907490548819602,338.57558530892993,380.01507147352146,0.7767713372597136,0.32980374337602103,1,0,674.2504338908278,12040.77832776583,0.534070182985943,2,High
30.240797488786708,438.857335061038,3.656745320577981,33.51455947548615,256.7926679887229,0.016664913398314163,0.8198023315897834,1,1,172.40830862529532,8520.38809504773,0.634929968151127,2,High
56.429841172784094,1026.3884257125264,5.287984051251485,110.19742565674207,498.5248499069356,0.283610326567211,0.19465940452913333,1,2,4938.47753119977,16822.552162106866,0.6415159754211541,2,High
39.8470513763199,2928.0700206295414,6.797191453480838,166.7973380820096,286.93200769082205,0.6243386737596051,0.5483141213256585,2,2,3301.8301255671045,18143.974213260914,0.5272256887497843,2,High
50.80785534212208,3433.6007124624416,-4.156463932359102,179.27644599171668,417.7093890591604,0.5043068398048898,0.7829355125008843,1,0,3886.0265333018124,5729.863223952331,0.6185026664921917,2,High
32.13434278865966,1779.0798501213085,8.620571925551253,195.1904321589865,219.54189422765404,0.25751413183237293,0.8295781928970478,0,4,325.01149649969807,15683.400181122397,0.4658311307045882,1,Moderate
54.86223480323543,132.98120673834356,1.0589378715578484,108.22568635391347,165.19880626393706,0.5464862424143062,0.666566094284733,2,3,74.18706752388537,6196.05658641879,0.6053197771334403,2,High
61.83536382034118,576.1523612563788,3.930780447757858,240.2134725536457,263.4269670218531,0.4038444610513035,0.2995277522618829,1,0,3001.443436597222,5912.70914677682,0.6173578873387866,2,High
10.982719245211209,1195.0739560753036,1.93477725559816,232.2304212707387,383.7443090313384,0.1033099372990855,0.8230465748288562,0,1,3619.156946167592,3852.766814096555,0.4617187975401423,1,Moderate
62.4697286680671,2067.190185216029,-7.545198906507591,208.015742257781,411.32070656624353,0.5109623900468538,0.7421660271001266,2,0,1974.331331126825,13569.780565648354,0.7202127140852299,2,High
40.52223988427304,355.31839573806747,9.262293187697598,40.95421981591558,368.0136659139101,0.02467179497897573,0.7044691338292692,2,3,1938.7755434196379,5233.7095805353865,0.7156219875791835,2,High
63.349943181766825,3307.4148156135975,-7.5424884021169465,171.70844079454002,593.4306452432598,0.563387112685082,0.06733539888500717,1,2,1922.397606637788,9297.166840458409,0.7352852680021879,2,High
32.347627975576096,1341.2844891669624,-4.902360871776327,128.2416794961752,430.0996025723409,-0.19657803461443293,0.04326488065154954,2,0,763.7792398051047,16242.561749514332,0.5538806288448945,2,High
28.428036403727628,3202.7863409443985,6.272557604459603,176.77384914172413,562.3357951783048,0.40364976513794676,0.6953652977015795,1,0,3769.5675560036775,15838.256834147847,0.5506057165350652,2,High
68.62955493879169,2753.774129373874,2.371939230022029,331.8719167854094,114.86325719234598,0.24117439031175514,0.9447948012339307,2,0,1075.963661701943,17108.852185907796,0.6132365923374029,2,High
18.8376950661301,2668.486726552976,6.76298330752714,172.991283537027,83.75511139741337,0.13341415118214206,0.7737239280630194,3,0,1622.0524798814556,3221.290266084509,0.41236670442236456,1,Moderate
63.31592439646073,2162.846571259589,0.31472376748089737,5.033085062224263,221.0470861065745,0.3672787639581013,0.8314755664936886,2,0,3356.2986878279175,11737.855245646846,0.6969356953515968,2,High
36.30154293820531,2231.0649779762716,-2.460135292667303,157.98122571028713,125.12391610703317,0.5098427957894769,0.5449822808497904,2,1,0.5235539907177955,18296.796896853954,0.4638451155025276,1,Moderate
38.55715819134448,2269.2109997352436,8.436909990955698,295.43334481777754,339.22769052554725,0.8618434928348115,0.30458614408807394,2,2,3831.285929799897,841.0017260409109,0.5475401296899249,2,High
23.135121111711303,2237.652715886979,-9.274953649704102,280.82193235854055,335.4396894378033,0.7163709388769075,0.6777368967668842,1,1,4495.47374133379,15890.535459967432,0.3659480445266211,1,Moderate
42.97816504642618,1982.6759867544283,7.122604407060919,184.82042647014515,366.2759415441726,0.588864871392192,0.7119708754926926,0,1,258.08687631633967,4924.744283742317,0.5475527296155078,2,High
24.39083972071585,3453.807662841822,-5.383644296244368,89.9168446293535,459.87533445709,0.3268636028470611,0.6753579716940069,1,0,2958.1190323014234,13393.071905019484,0.5594246522913389,2,High
2.945206068123923,2589.7879292473667,6.974726555079357,167.43191864923622,584.231335116776,0.23135853163078968,0.9467090567193205,2,0,2042.294849071702,14348.100880581964,0.6150612719283038,2,High
20.399895400826704,2741.617720534572,-7.216067731662288,202.932798990549,533.0422802915306,-0.1642173799554031,0.3671790332645565,1,2,392.31695696736125,18511.70316581136,0.567454878398851,2,High
0.4784282554943009,3066.3735712844923,1.6043792738108102,359.9537177786882,115.10198176656988,0.19500659336495302,0.0396575389557835,1,0,3411.154936601471,10175.9884484593,0.1800558948388106,0,Low
73.37660902926424,833.1751932678872,7.76215838022944,231.90411246097582,236.18252882386147,0.7332148525398783,0.9084443527574094,2,0,3061.593113336682,16964.62216181086,0.7149802584824739,2,High
72.43104073648107,384.93414092320666,-0.5292070620221896,249.93537482254084,190.70266377642304,0.222427040173919,0.1604991188540813,0,0,3213.30163608209,906.3602519924285,0.5171488572407502,2,High
29.636647310422877,1741.8410844352354,4.931333476067859,176.9234916844987,147.24954677888604,0.3077434989683611,0.6973183393874325,2,1,4067.476825185221,8410.855605146364,0.5215414868032174,2,High
54.62781407547345,1847.8743651055288,6.093432357111169,127.61623828171075,349.5986821606815,0.09901786642739524,0.8732044397726844,1,3,1434.5948780491412,8790.378573378483,0.6733931922102429,2,High
25.935457380781873,2919.21805182972,4.729884174335584,292.6630741129942,354.2954211180018,0.10154603469470341,0.31014139801463514,1,1,3385.340357171909,10765.569516872583,0.5311837670141285,2,High
50.3319867814482,1608.8641695599413,8.506594737491966,178.175636762125,174.98465533843373,-0.13194106301907677,0.8304152408549265,1,0,3716.5884729163863,9626.8094953572,0.6752693612279062,2,High
60.40725322844843,2040.9002868506632,-1.0633153896014278,358.08844678722903,441.543487668677,0.4751843181817809,0.33205812627144415,0,3,844.0748229996947,19359.230417659095,0.5261203718916908,2,High
71.00671835191805,1892.0411909457582,-6.537491216696885,164.56340673649586,453.1028645432279,0.29287634334988105,0.7942579282362497,1,0,4785.334375312208,1570.7914169615522,0.8569294827817044,3,Critical
30.0159206887254,229.8894647751296,-9.043778725950403,24.480102113127856,61.53899715866332,0.4665568882398741,0.06982986297372573,1,1,1699.9052234406643,5300.333238582524,0.37329483539768454,1,Moderate
58.747348721703574,2191.7306484295077,-5.070802607249898,245.7281293524298,267.66673704727407,0.4015755900317381,0.6552429986709277,1,0,3568.5411324083893,19372.575628990882,0.5285000175746841,2,High
19.94463379740891,2915.3471716324575,-7.1360499223951575,16.790922333291984,539.5773526608916,0.6787290460268922,0.6771380805787961,2,3,3770.1006314294123,8906.05092418058,0.6314876227958324,2,High
74.27492278452362,635.501863457733,1.15897482868961,90.18057487849319,336.17523453411104,0.62611310354262,0.4914258300809564,1,2,2520.1545965318783,11423.149042747702,0.6296398381345187,2,High
1.9327199073263357,2120.7278953504256,-6.30109325576536,127.3457710007652,241.19529079144687,0.6485992384516674,0.6870908638627108,2,1,643.5865306542498,1620.5108861691508,0.4283228863177625,1,Moderate
45.264660487584074,2118.275851117809,-9.221325854212576,266.21409082367796,189.52188337732156,0.3491629076358432,0.923183670553841,2,2,1378.3146620878833,5681.017599248073,0.645931096794521,2,High
49.462948623849535,658.2288777916198,-9.280203422626643,177.92493350674062,183.84498595505525,0.18926948648932357,0.733854824968228,0,1,1171.234761643631,793.0339732303171,0.6421820817783922,2,High
51.60341678055966,519.7761506845025,6.631389967297231,10.31253527169238,104.87241861794348,0.8267802495862482,0.9612960289846598,1,0,2593.211649587941,2750.0968497557633,0.6088587019216933,2,High
9.029068409181676,3432.1766061200483,1.8289986288604965,222.065946459332,499.47453050120066,-0.14030324891179066,0.4486123138520718,0,2,1306.3443549850351,12666.296355764083,0.4235613108070581,1,Moderate
70.38973376048479,1438.6451768203276,-2.838293962132436,148.11704547359844,97.66157296679417,-0.032116561364746665,0.5282907317039571,3,1,2733.8523847889896,15272.449277065285,0.5884344459646028,2,High
13.588745928756211,873.2338776599995,7.884560854804938,331.8604235881586,210.7621212239987,0.2615590013943037,0.2637386972377068,3,1,1441.033771935165,17401.697537995224,0.3502087180714413,1,Moderate
46.70650524298808,682.5034511448748,-8.596067771845728,179.84243201048474,75.12165621149427,0.4753534178248123,0.9856016678008684,0,0,4.895668384500285,5029.287610924506,0.5301607392055839,2,High
16.700705934231372,2369.845826182999,9.606441454556517,255.23105253816203,479.76261334803525,-0.1909795877126062,0.05513673516127238,2,0,1816.2836689130575,6657.276832061177,0.5777975638238959,2,High
23.041231276595315,2172.1140109127477,2.32583580508922,78.79265723863686,71.60602522473475,0.5912551012422562,0.3586204176168103,3,1,3034.254265945763,11387.967548813147,0.2675838494917189,1,Moderate
40.98439062960933,2288.0772181572192,-6.330714920623031,273.95048323139514,219.56560712751462,0.4145991970689063,0.29769716476861285,2,1,3868.4838826865644,1673.7172693589052,0.6047219903347026,2,High
31.289506392343235,399.22049353893766,3.581381979539371,259.543911774122,365.3135535476652,0.33317303454461783,0.38651171312805543,1,0,141.82230489987458,16134.365203777883,0.44781275031111323,1,Moderate
12.016920073237971,3138.0175838946857,5.267625195671252,325.46941507487094,275.2587481613941,0.26584454271065505,0.9177178605198656,1,0,1291.5650033829634,9665.84117417638,0.5495593304545983,2,High
12.820230181563621,1423.5057491507641,-1.41314433258451,12.175791018911717,205.24908698700526,0.371435734914687,0.36803787406851485,1,1,4927.310600238338,19310.15105389277,0.3167354738726106,1,Moderate
31.360859112209972,1165.455981863217,7.232652124910949,161.10025114228242,201.3539898351479,-0.022035692070077634,0.9169766527000005,2,0,1309.07694265275,2346.3201805141985,0.5821400744014472,2,High
56.79622337066255,1672.0289206423133,-6.9853518540705934,244.49594498626686,488.7846683034371,-0.08041708679531923,0.42333886166320267,2,1,3885.988282692174,2665.807618837954,0.6912833981401918,2,High
67.34734851358414,1426.2246235419361,-4.423248328447833,34.259004028877406,585.6879522979848,0.11860122662702227,0.8547687692202083,1,1,2546.868092037722,6971.545682341429,0.8136151951990787,3,Critical
6.309574669453713,3036.161810673096,-8.130152768320205,147.81746417360847,241.42258874683637,0.5804552711838571,0.5217500985006688,0,0,610.8699202767681,4135.243987573771,0.42984239825786186,1,Moderate
29.48279306695508,3259.487315672833,-5.782443187852957,339.1727771038303,71.5300324849591,0.447116672219046,0.31135284342831493,3,3,3217.000644975267,13931.802975885148,0.390488804586574,1,Moderate
7.518417279215747,1131.7409359286612,-5.225423761777099,156.93641672080616,70.11117785000962,0.32813531938091395,0.4493497989678873,2,0,4831.704261271851,18936.209151898744,0.34021218084693927,1,Moderate
1.2444360474448413,3037.381745363846,8.352663818434202,354.7457220530273,467.5673783658949,0.4286730624855564,0.42438107897820343,0,3,4434.145163744992,1798.0901991023402,0.4126686446565912,1,Moderate
49.628901198296745,2757.178640412428,-8.437806224976876,20.462061988735062,353.8034018850198,0.4151838143432775,0.2599140620855509,0,2,3451.4639391935325,4844.7266622494235,0.5477727566966663,2,High
45.18370814749409,3264.74608597219,-1.4516975962458112,258.4187194107209,480.9759615795317,0.1377461180389179,0.28963872999190676,1,1,2560.741334718531,4757.9629606529,0.6039860589742594,2,High
12.226433536116465,935.5510614320186,0.647973744538259,209.16584504937703,433.62335565871615,-0.09279845803080158,0.18645392131105443,1,3,1596.6650277477406,10181.461279244246,0.47373572152129256,1,Moderate
17.53596248197981,2061.661110411329,7.973861076043217,180.19428376756517,549.1284920959681,0.7864606055293557,0.33600055720760835,1,2,1784.833132832197,9040.508847975994,0.5098578023617603,2,High
1.7780815233388787,1033.4515881175116,9.953924373224268,349.5050645346034,537.2033600756429,0.45990238888630613,0.624405803249171,0,3,1731.033704435439,14537.324124516435,0.501332887581861,2,High
62.62104042708028,2901.9212676468724,5.067762298396715,46.67414417680631,483.58006759164755,0.5675227996489369,0.3865581687096312,3,1,4610.409903843628,14652.62441648783,0.6279138621309026,2,High
73.10179470364136,118.10224794161847,9.41581981138059,322.5596226051288,311.35403802317904,0.31039694680365065,0.7123232109262922,2,1,1056.5622951421856,11455.089269112284,0.8147897874412489,3,Critical
10.159465259601811,2020.3851538137467,5.742022650717475,248.8465480091797,219.46952418211885,0.6321286379742188,0.9869781696879532,0,1,1890.1492084198235,11820.445183840247,0.312744871310921,1,Moderate
17.360641032397357,1253.2916663245212,9.264052819428333,93.23858638786777,328.864733094552,0.4429469903765339,0.377101079484485,3,0,2159.8161781188724,16846.327797729355,0.3707825679279611,1,Moderate
65.13071429602006,1197.1246040645888,4.145414518889103,324.60089242762564,326.139384025903,-0.14081876569309076,0.46263921408961695,2,3,2044.5049768763545,7938.728755048836,0.6838989978651404,2,High
69.48478484671386,2292.6815011407175,-8.404731490978579,154.54617042996477,385.6515518891357,0.7791067389330604,0.1641101569480976,1,2,20.99123920259793,246.85896592155032,0.6015750809287924,2,High
31.472053710510774,2995.0471276675794,-1.9615962601464698,293.1218381063055,152.35366228059723,0.13608976146667556,0.3922152857793161,3,1,1354.8678845779539,4260.605775055151,0.42289954327844526,1,Moderate
3.7966854201805593,2171.264330737309,2.9319456760494074,139.981146137064,410.59093424474383,-0.048320144836530965,0.7268324507906794,2,3,2492.842762778093,707.2422137644941,0.49899630980262843,1,Moderate
2.954387526961455,3000.7881273988564,-2.985629810914981,306.33509787596677,301.1305083131987,-0.10315489152525265,0.21740479974246285,2,4,3802.4665757184193,7869.924455980906,0.38371024692952016,1,Moderate
43.046239955175785,999.6301803955018,-4.5323216377244275,229.18648264021752,391.1126575674725,0.592484345226322,0.18205404865522923,1,0,2847.369926902936,7156.712508593366,0.5078773771813242,2,High
29.467133166988425,1866.3063062009358,1.5479853426618195,50.77678809014178,181.78265260575012,0.5743652034847959,0.37637487364919175,1,2,1924.3100229230897,1972.5986906919047,0.34881789670693103,1,Moderate
2.148932068324089,1631.8242328280585,8.6700375340487,233.87873884902993,288.91719163254527,0.5701783372945979,0.8186494857177314,1,1,3325.7043844935097,15100.511817349305,0.39774283276067096,1,Moderate
43.743929423441756,139.59265831052716,-9.300362529676928,68.88411457267414,165.61066794888615,0.8073280499497226,0.6236571897114834,1,1,3329.4660393745494,11061.21468011206,0.534237416905671,2,High
0.8476902441766854,1993.1612866785165,5.384624070828753,148.29214604189858,531.4178362162409,0.18383732419741666,0.9575793775866064,2,4,1239.6234137440292,4514.034113968286,0.5540443866118765,2,High
59.05289686119547,2349.1827020969945,4.454545560892543,61.30641033073214,318.3785747728457,0.4172463619948155,0.9045404349276255,3,3,518.8707358632566,15182.521517312196,0.6506436977008075,2,High
22.982461702752868,2112.508975024838,9.279068507765743,7.925801640162691,173.73977856559668,0.4814451412937845,0.15113719682324234,2,2,4015.917541732204,13358.623840839908,0.38959959209090633,1,Moderate
3.0193502256924076,2603.351655863633,8.614224446650873,76.2791542019847,72.66478265785045,0.8774300114231091,0.04255277460721463,0,0,2648.9118966684623,3831.90279597758,0.22130701542712147,0,Low
44.1264165737365,2042.5543967404622,5.244651240883858,193.09392854068525,421.656265559448,0.143580758090451,0.39909473419475416,0,2,882.623809735949,19657.766612792224,0.49147078355464036,1,Moderate
29.8263310824791,326.9508664925735,0.4081752936519738,173.36194839984458,168.05459269436562,0.8519643198943345,0.5220794788186396,3,1,1310.3553288940261,3548.52131711054,0.3774189785795854,1,Moderate
73.03503100178621,495.91478188801887,-5.914648935329603,180.53895439298293,594.2702057753281,-0.03639223360938049,0.5155706152187145,1,0,3832.1224629201856,15434.00527916567,0.7823598698862207,3,Critical
40.81489968777766,2128.013563649438,0.9047143665114881,89.16727624077647,343.5352053783444,0.6404016016306262,0.1341072677710553,1,1,3266.361923035278,19365.729662202226,0.4219528031824282,1,Moderate
20.64293857777562,1034.9292527103767,5.307039878393077,246.65803222110702,208.93734793641764,0.4961744900224541,0.12481743215461039,2,0,4725.8328201805425,14510.043604233297,0.3611858820420839,1,Moderate
53.20791484754811,370.79343871820384,7.9133842527578615,253.53478325532447,411.72258858594665,0.6985856409991862,0.04686075577920368,3,1,2324.7370742404532,13315.541387003643,0.5261882316312795,2,High
20.36190019070335,1560.649327725059,5.794240184210981,128.8684172014796,201.37095789094704,-0.16844586899616815,0.8508599260554004,2,2,260.9331493619127,18066.42893637476,0.5800422382499989,2,High
67.81824685556738,1984.6968334844282,-6.09466129617892,317.22123185070274,501.1508616503606,-0.1140558527670386,0.9477441380681788,0,0,3502.114337113161,5382.643877713444,0.826597518569654,3,Critical
28.104147788053233,1217.7363603886622,1.9937262845611876,231.84835798879723,219.52982801146803,-0.12333464247393956,0.11568502021797167,1,2,1274.5537748437896,5543.115009316366,0.4226466559073175,1,Moderate
41.24014220821539,2549.474587567645,-3.3565308093728596,256.6941390931074,593.5362528177501,0.4522554010470166,0.2131223685491116,2,0,1619.2727672878987,12823.207774087767,0.5921720297611502,2,High
3.7929827868171646,2288.8200675442317,-9.81588665218714,99.8423704580182,382.8296319949115,0.46322967433309176,0.08986288473491033,3,1,983.2412688338399,17642.755593830956,0.2761451314035985,1,Moderate
31.95909284641731,1231.5824277116847,-5.995581284226679,0.2201886560113353,514.4261319184648,0.7967153782904739,0.877502171140835,3,1,1544.6769977526092,12347.482967271348,0.5641307347745756,2,High
62.427265474574625,2666.566598289106,-7.735587001331014,311.53522035675945,90.04850826813222,0.3143638659702895,0.958708733536241,1,2,4147.402378067422,19540.97512619025,0.6405049688262396,2,High
60.42366040225065,2305.5631446123207,6.854382470789371,296.07277844873107,241.5646795624035,-0.12514603949453967,0.2617965767208901,2,2,2883.566525054344,4458.046187335054,0.7458829518111949,2,High
16.823891914014467,2267.314287640867,-4.82987495704376,44.34907969541888,455.6178973913823,0.03048234178476697,0.3035838299353749,0,1,545.7687163618624,16517.59205715426,0.4948173904664129,1,Moderate
16.955930325792202,1981.6541826760313,-4.30604062224889,134.67784858427032,410.2824595373205,-0.19111959570037282,0.36266968441293956,1,0,2933.018366957824,18545.272965023676,0.4385440091766592,1,Moderate
61.297898415992755,138.72487150107952,9.198731435977685,238.08215101988972,156.8337167885668,0.6543859776412455,0.5024637593807313,1,2,3167.816777768986,8540.047959048485,0.58958444793534,2,High
69.77988151269942,2468.124423821423,-2.418265539022957,234.75990859874216,245.91161178034042,0.6971593805688521,0.6824609786449268,3,1,4424.118456464346,19239.650534646596,0.5404311654814306,2,High
7.152069095475266,1378.542089771132,-9.808287197112108,309.7261205310803,194.8938741181475,0.8977344579125497,0.5043905832546242,0,0,4298.227217988116,4042.952409111584,0.3924938558322106,1,Moderate
33.7543979569669,3304.873014539429,-4.323077033077269,50.49653818875428,387.35359336901365,0.2534138939584038,0.9510015816762412,1,0,314.3755811989385,19056.67866525513,0.5509636386536764,2,High
25.309070922317172,2881.148221662498,-7.614008387963751,154.77830920264276,239.51252620232623,-0.17877178705824825,0.09989345852149867,3,0,4333.490474881983,18056.161189113714,0.44677373169428813,1,Moderate
65.30163415930795,2098.1611964064614,-7.943828765282921,35.00079045351292,219.9798331001924,0.05820286963940946,0.798605512275063,1,0,254.4236700468555,1322.9174432551315,0.6979428119938267,2,High
6.264368601001408,957.4187381855161,-8.450254197285009,140.25428943790612,164.05788923998793,0.44654575442962546,0.33448309081347105,1,1,770.6099210632128,10426.632160448728,0.3421308965239099,1,Moderate
15.834445691852805,792.6391371440664,1.8651894035075465,5.438680411573578,274.96491650305654,0.8581372637580102,0.3775476880865476,2,1,557.7500103796257,10576.78102994114,0.33833351055576655,1,Moderate
56.435125318987076,1257.308448103667,-6.213045527402827,323.3783034396457,157.5264246081045,-0.08606359338212625,0.7088294437102254,2,1,908.4862031113355,1139.4685379965463,0.6302946787707913,2,High
3.847038673591169,1720.331008172063,-2.7751441191797905,189.7358388583252,579.4132730576978,-0.06626967782318294,0.9293771098743789,1,0,4016.30997117845,790.6232021495873,0.5678167292263652,2,High
36.9401535535717,1106.6227341324202,7.240354322600336,305.92881388884734,134.97599632241688,0.5719348838068374,0.7162007785535768,3,3,3430.596723267198,101.93561629081805,0.490254805289299,1,Moderate
33.158027600979004,1850.7602843344414,-1.5132372040744873,21.565692361210953,552.3175932273269,0.5339277605237045,0.7758605753793967,1,1,3434.8121866416154,10490.17686837797,0.6421613359155023,2,High
25.08008842415615,662.2594467448322,8.313827001032752,81.88491977025143,285.6602039861201,0.07555699084301637,0.7507792421587989,3,1,4610.6380933948485,9276.31207938332,0.4911510643516662,1,Moderate
29.592923648919285,3424.2235636067,-0.04123893208787521,93.37679827962502,257.82629535894716,0.6944592701159709,0.32097860598372485,2,0,1959.2551621998439,18809.203871127822,0.3632831556046424,1,Moderate
39.74554401976747,466.94348688097915,-2.023267703204885,139.2089380699637,177.22589049766685,-0.05834336897479048,0.7569304331822478,1,1,16.437215561067585,6846.12631716202,0.5020421097027028,2,High
12.102551879128734,3268.610074824865,5.007778541814032,289.0318940631166,399.6659839021355,0.8183160292544358,0.7845207602198017,2,1,3198.842260344876,13164.547910627012,0.5276761880383158,2,High
42.899690871269456,3206.1652387691624,-8.536498024639958,139.16083454333736,427.04040825596,0.021135123365663533,0.5334003206505128,0,1,4340.371932128244,151.26829281214782,0.6411861643484412,2,High
60.407424697498975,1886.2256381862933,-8.210432340351652,73.67527067267771,307.1640292388296,-0.11051239000469451,0.5367562386668163,0,3,4881.300902805225,13270.768916004603,0.6412834840932122,2,High
57.01206973426193,2564.6949242426867,3.0394742784592133,23.39649372195663,80.63879263138327,0.17347429512124013,0.7597208030624838,3,2,1819.4636515798518,18269.200480538235,0.4980027774178853,1,Moderate
11.542492852033027,1582.5642131067987,-0.26118573521503485,28.617029406967486,555.1805828787025,0.0066254173879994605,0.8170308622244075,0,3,4110.760942215474,7095.359133301155,0.45235513792585214,1,Moderate
11.193710230610543,2242.11756364429,5.808305006384204,273.6169941459519,589.1810230820096,0.3796353475396363,0.3371954420306704,0,0,4246.138571693303,6281.142035672511,0.41960251433351364,1,Moderate
20.1130775808685,1257.9581872318035,8.32541674687063,160.12907677318788,287.07387836650923,0.5555311911088987,0.8015622175752907,1,0,722.1892054362128,12520.597297450999,0.45553477156701344,1,Moderate
27.08060447557779,1123.940667270514,-2.2326624465690497,261.4252039200055,387.51344407512994,0.34001373632612036,0.8142090066754112,0,0,3157.492776278327,6571.041309149726,0.545126867055161,2,High
30.634168605636194,2065.9812729763466,1.9282005316929247,245.62336383493113,297.6642444340607,0.5266680649920754,0.23412564091857935,3,2,865.7004957043463,8048.367509530223,0.29149666845392314,1,Moderate
50.9772912625009,1793.6408922255332,0.013932555906198019,48.7304862336928,227.03380798736632,0.20141256583998285,0.716950745316716,3,1,2233.154090768469,5462.330817265746,0.5696340281446555,2,High
4.251032412437655,2070.4236551099357,9.632213112848657,51.43965630921619,92.52533607179419,-0.16928514303749603,0.18653392183615836,1,2,4396.334596028406,6897.78412557871,0.3893939088654931,1,Moderate
2.600452816954979,1074.645976375878,6.621688147131902,271.9231255562882,300.8372517185144,0.871470536647664,0.09304911298812923,1,0,3947.3355607873873,13588.212248622553,0.20031038618282415,0,Low
29.393292220793178,1347.656628177784,8.23475416554707,259.6565856547502,500.1115059976983,0.701354854993995,0.5745430120502276,1,0,2851.6972851587334,18447.503728523694,0.5189558564883002,2,High
52.28727691034854,385.2530661382917,-4.913198248447916,136.09107607475173,59.36730359840197,-0.11923929350690912,0.908652198783399,1,0,4043.5458217156615,11662.309514319333,0.6522018884731056,2,High
14.507650721736193,277.73966572549944,5.450528463251887,27.87201479982243,370.1592257491223,0.2940940357719679,0.035459023525763245,1,0,764.1375442200809,200.66897856659384,0.3874074955197205,1,Moderate
48.11283609421888,961.7542408882553,-4.690535500047021,4.355287811442792,534.4246597996789,0.4985209770790621,0.8265016375949217,0,0,974.5968379331449,5277.8512359752685,0.6416887824936804,2,High
19.48711034552246,352.4393217238555,-5.825149331432202,103.73650180622815,169.6521865078969,0.009653697629901675,0.5064712107035066,1,0,1044.3239577846887,19044.77057304899,0.5298912183670808,2,High
66.45645816101373,452.83400935811835,8.885323193111017,3.3200184914016972,150.79072557898422,0.43578747249904864,0.8608954487212299,2,0,3880.067776982122,18206.435276602064,0.6920409549843546,2,High
67.17674581999624,2863.956578339386,-9.613911665642668,82.82614359733323,474.7521441360687,0.38701347992945584,0.8434769351710468,3,2,4454.827522698808,2312.9447920110424,0.7732741187910732,3,Critical
22.296540321099485,232.1705698567436,9.307774073268593,151.02026647608187,190.2975371156113,0.029091707388175264,0.8752868048162886,2,0,2814.1816022018447,18168.341261346555,0.5427931769535257,2,High
17.249531547243038,2340.4054993781256,-7.014762060223876,43.70967551230351,155.59134715835665,-0.04466865979480142,0.7688739548066733,2,0,4789.858123678377,19290.580460778405,0.5141833175123075,2,High
30.847797904967344,1026.6963459723618,6.3887616358653645,37.53999281935665,257.8940878130793,0.6348585185805011,0.842992354546995,1,0,3640.151256027303,6491.437915206797,0.5581052805941474,2,High
18.039868888511155,3063.25531440763,-4.481548938637938,322.71747685874516,265.8761067486199,0.15484509076459713,0.17602520720120363,3,3,2818.4191692011445,14020.136188065351,0.27225557083802376,1,Moderate
50.42878824687777,1748.9737675634985,-2.985953451385452,210.76921044824013,530.7555846591113,0.06844458722646768,0.30385314887494164,3,1,3057.952634263646,11199.648310272594,0.5126986310093407,2,High
61.95485134112141,1138.9599617146075,-5.664845773560301,336.4040472346013,390.1439095635223,0.6116661880865877,0.2424861708072964,3,4,4247.670766232087,6740.993171015577,0.5348770851956701,2,High
50.48190981834127,1859.9723813440773,1.7102808496215935,124.49741896284452,273.2788009867742,0.6096755612252802,0.7424283037280605,0,1,450.9035371044706,3066.7156183704014,0.540212268631114,2,High
61.82628354370121,1398.657264753914,-3.038089049842519,243.77217743849874,343.9133803571718,0.10404182196985207,0.15364311936713593,2,4,840.087434991924,7338.404482108937,0.6462282806209863,2,High
29.77441216556056,2018.6236198774227,3.147860789893265,73.68900286384454,574.6808783289008,0.7598253073770391,0.18222779037778858,2,0,1331.4749188754083,18555.93142877025,0.42410836342910124,1,Moderate
11.723772803164564,489.411752309584,-9.68705364115868,222.60251422077883,112.26807213544245,0.5570751815795767,0.8789647207219425,1,0,4473.879279951511,16224.967511466926,0.4029726685653184,1,Moderate
55.34632105481941,3489.7677095626736,-8.712502329699207,46.650862803594386,164.2435369485803,0.18034063960369195,0.7058821929128382,3,2,4724.724855603276,6613.490612858089,0.6076606403818569,2,High
27.03558788561654,1546.8899841688396,-8.006776945375027,0.7490301034628732,579.3907886226054,0.2702386152031248,0.8753799779190867,1,4,1780.8527423433095,10953.507040216398,0.6272787941063457,2,High
50.34531189218494,1283.9841750050534,-1.6201262937953782,335.3514485074484,576.5286666899623,0.5993806545236797,0.1393552582606905,1,3,4619.286130056215,8119.233574191629,0.5476867717506034,2,High
20.298295648632426,2514.7134842753007,6.295923453199521,199.76197542307534,147.44098169562494,0.032742216185041195,0.39898040456130235,1,1,2734.2390048357447,9324.756959856222,0.40558371981546165,1,Moderate
6.09222261050045,1337.2579820841304,7.763558207567655,333.6986386015342,129.809849418914,0.3156368717227465,0.2831511700763176,1,0,2366.3687208937968,15224.213720110034,0.33594355848451124,1,Moderate
74.44363466158225,2933.132637097776,-5.103785198781985,120.17934853274593,281.59682388624094,0.5189141764839096,0.009681085279649504,3,0,4163.823389648,10860.124019017208,0.544295520240094,2,High
11.715113094794946,1644.520462825446,1.48739448478028,118.00298489823244,77.345060868383,0.39344840280958454,0.28452296043870684,1,0,2730.4171844292487,3620.889268235832,0.2595104397945623,1,Moderate
74.13157454726108,2546.4986051024785,5.3672998538520105,144.2358006382914,410.19694275682707,0.46916118049494265,0.37958325197787945,1,0,2272.411494339404,5380.712556090781,0.7355877570339991,2,High
73.29599494248355,465.34093590241423,-4.223411401607827,254.17475422494059,92.6228119139582,0.40083374942445765,0.09221963724271187,2,0,79.8175213516733,11355.877237552046,0.5071578367395916,2,High
59.53635779310297,2976.8052308873803,-1.8198452652745356,203.69110830702272,81.9162949018544,0.019150188169022114,0.5664875578268198,0,0,64.48831201954108,13856.391198583991,0.4460540236146997,1,Moderate
49.456722156149816,2601.4411550455734,0.4794840537142786,333.12776655568246,316.85281491486705,0.25122587946988356,0.38317266247263315,2,3,3137.9570006223066,10162.408547651583,0.5642592190719325,2,High
43.33552876883135,819.8370467706833,-7.3025030718390465,9.158724407678168,576.7826498605558,0.3851840450253003,0.046461662277545446,2,0,367.0846542345807,12404.210646823902,0.6090503453382575,2,High
64.9576159033376,593.9724331356746,-9.480354125484393,254.9505376701131,284.73776483473773,0.6580690165805407,0.7039788648679768,1,0,3684.726543681316,15787.539031509596,0.6480309072436717,2,High
21.707964121461597,1175.393985667123,-6.943883813634335,118.91796817195956,246.0646372633031,0.519294660886497,0.7292798338411035,3,0,3111.7073164600088,10907.838324161237,0.39643670723844227,1,Moderate
35.07609093636578,3418.6399925084747,2.5370724250706687,64.88411465464603,598.8761935262572,0.26925003970452827,0.834471442969435,2,0,2288.6476635607714,19543.829001045986,0.6957918705720718,2,High
46.45424770248764,973.2273535279993,-8.527634769326367,183.74242410723562,342.5829284285509,0.8718398153750602,0.4855405998669826,2,0,3549.0182155584334,4711.37303605447,0.6759791951323371,2,High
30.83928569021183,1650.832510418553,-6.206072702997433,181.82296230479855,256.3827737896367,-0.08142492615230232,0.9686587973345098,3,0,4965.356722347243,18393.765007801074,0.5466638483847239,2,High
32.0614840567701,202.06876743894347,-3.2429222860939255,49.323970327834225,262.223447337881,0.027485355410465234,0.9140641445324564,2,3,1231.783868162602,4953.195895947156,0.6412624472255914,2,High
24.77135006265633,1450.5736005251906,-8.442598713872673,72.68258020784035,157.22772281843078,0.17544387103483045,0.5513516251001316,1,1,2785.2785007363027,10632.891528674036,0.39237302696232085,1,Moderate
42.3173862513402,2042.4880524725493,-6.166014576767312,146.93927936455975,331.7226815961464,0.05142928468670116,0.4449519310694172,0,0,4214.279531035945,9118.135416052195,0.541462678119877,2,High
63.7930896011337,3340.623682527081,8.225395779670222,147.1721084612335,291.3702654924032,0.4879861964866125,0.003034427902922854,2,1,84.37452269879797,7457.665382388099,0.5858138023751974,2,High
15.114628350473463,1856.902552796219,-9.614017355460305,114.3209302630865,198.93741299107737,-0.15649419773011924,0.7109945317392338,3,0,1017.5416435125611,19254.693372016485,0.42426610827858696,1,Moderate
70.0824779065081,2884.9649090041385,3.068638483487243,53.476254543593136,138.29704763096788,-0.004819537299242477,0.564954504049691,1,0,2604.7932807994484,5446.031217319804,0.6208420227891854,2,High
51.68157403111722,1960.2339847342619,-2.3118213816963014,1.5745244763526278,221.18137776715452,0.1226819614244648,0.9375441454860807,1,0,2761.230124662502,13497.382086861233,0.5877619772538123,2,High
61.74549095100226,238.66904568076154,3.4529747886474222,349.2846224740874,329.7758302282511,0.5516803525872482,0.5942321252412441,1,0,431.66632026178877,16081.371440256198,0.5340157037441409,2,High
41.714301947250874,1171.0281356452317,1.7738344072680903,339.6597226934137,82.08329975664091,0.763451370839241,0.9928560938927299,2,2,2037.1476283320633,3940.1369121873618,0.517711062208917,2,High
58.46375260680476,2056.8683266257513,-5.530024912907114,174.11413650340867,134.5592157211758,0.67834094760836,0.8538192718632904,0,2,2598.9237899309055,19463.05852811064,0.47339911549962127,1,Moderate
1.2150298004600408,3332.0194841658226,6.944189751467771,358.21863117900205,571.2114968330025,0.0002890265752803767,0.9535979358149531,3,0,2114.8784940517235,10932.809514115988,0.5870967580123256,2,High
61.37853185846514,3021.043223154193,-0.1611923478128663,242.51555908160756,348.57044306723645,0.4219463342851761,0.32766277128503896,3,2,3502.9812790189662,18289.81323226113,0.5191474378201365,2,High
3.0104144314024888,876.409088208082,6.450720378269434,24.788713538714955,84.89711701302083,-0.16697509012084405,0.14933599476726644,1,0,3856.8194432218374,13277.621193276811,0.3278406943387008,1,Moderate
66.74350322721469,848.373422065156,-1.879749276235616,42.37855166974585,431.1982673232651,0.1415904528881473,0.7968721137951253,0,0,2301.308096283885,12988.53701553545,0.7247281105829195,2,High
74.39720604289825,783.9880881872626,9.69371107830478,329.7999037930696,83.9915785434691,0.6865821743111595,0.7861971029691325,2,0,2128.298639190566,6911.7217848036635,0.6651648622647115,2,High
22.055059663258337,3236.4962474285107,5.4097871700259255,226.81879277386622,456.38082487550514,0.30233228511767346,0.2114489394055632,0,1,3526.818353930614,15411.802868521758,0.4419598409540982,1,Moderate
15.773891721434524,2999.0649205458503,9.31900410225147,303.5461055966464,462.47949694601476,-0.03506454549658197,0.7647446541349128,1,0,2776.5117944356125,595.7263439975535,0.6807493338956961,2,High
57.40225228935305,2734.603669660026,0.28652957819717706,323.3770738681839,408.09343666208895,0.282408719637144,0.5819733580414062,0,2,4352.1972330698445,11116.409642395309,0.5522336470981675,2,High
18.976975569018993,1435.2993883623737,-0.5261773541859895,161.25912406165898,452.71249954064234,0.017836218008451116,0.10952514490167298,2,2,2405.730757073365,642.7812640686948,0.4322500529433597,1,Moderate
64.91717873791526,1814.8943946158072,5.109076186505156,17.469342567609495,98.38117955718175,0.23251060365035914,0.5017835975702087,1,3,2871.637378360814,6137.437455576444,0.5662427963700452,2,High
7.713194411810753,1678.7279323035195,7.6058252602686025,67.78092560303594,449.7293037953972,0.33661682002262777,0.9311380008386785,2,0,644.0260157035416,1925.9156042297998,0.6491382942326677,2,High
9.446639728451869,961.553565701867,9.282915917311161,23.965901028876637,125.17857584813562,0.18451392376213127,0.5064575454452288,2,0,4179.9862092246785,18231.820567022154,0.3793591572746866,1,Moderate
73.43636663254617,1817.0953569058076,-3.5089618793500055,67.94634445146264,236.7282489995141,0.8306658454772471,0.7886989895534721,3,0,2111.4606584190133,12565.207330777082,0.5733826480000557,2,High
50.53791737025035,203.68826269936517,5.974091476852779,147.79185352411565,568.5098894253481,0.4187833273120202,0.028909986641956542,1,3,3595.3164639466086,13370.21233748328,0.5539223170036276,2,High
63.51654183217146,548.1552698913612,-5.7870880472892665,42.550851785394755,326.58151271252706,0.7271819413415865,0.7280814128625936,0,2,2147.4137454056545,17022.56848582124,0.57852425900363,2,High
24.32470330136385,3114.4046269744176,0.9114869349089041,60.02396920992358,582.0845376456576,0.6368014017611383,0.9468373861374773,1,3,5.061148684628036,14660.649505249112,0.5137119906648338,2,High
50.736281214045334,2655.7112079068393,-6.403037031816017,160.49584154580452,98.90735238770566,0.5272829401945542,0.4995277848929358,0,1,2002.0512513320105,2483.9115229471863,0.44132075173280755,1,Moderate
44.56813704814479,1537.752590800896,-3.0520527649932223,122.46154213985623,312.65612975974904,0.3465776231328405,0.3377099130255864,0,1,737.51097539283,12350.766665191151,0.46204484537681345,1,Moderate
45.23625900922102,1858.3112317651826,8.627167344129184,168.35692470769476,84.32127615227886,-0.19760883784025376,0.6466505048868972,2,0,1993.0753965083347,19563.414607859417,0.5855396237471095,2,High
51.18993446532912,1357.9962122639233,-7.078186004538278,154.50192999326234,396.61564431960664,0.47481436060729226,0.9162612150932193,2,3,1606.7197011382993,4282.317818534282,0.7832193286860379,3,Critical
43.15193798468239,2618.6515483462863,2.6480179027039306,232.01208935275804,93.28885075268401,0.19155319830274747,0.17676965053334293,0,3,1012.7368933780068,12394.27862238301,0.3915188183118277,1,Moderate
32.179677697699944,2766.2364093890706,1.8590854585480656,337.3882375953076,146.45229139720752,-0.07046161651854932,0.4036942100227098,1,0,618.8604858313706,11272.286282426645,0.40368751251958107,1,Moderate
20.694202078541014,2695.169646690741,-7.5852329458202705,38.83116183992729,192.35667053810425,0.28908888997328547,0.15629028098184117,1,0,3642.80611124703,7832.920915896207,0.3754297152367047,1,Moderate
57.64359981849015,2556.8798644371286,-3.480419124623757,35.73365375131017,461.8091184154658,0.6091086545116353,0.4966542322198928,1,2,3774.3015114983436,19092.707673313762,0.6176566296840185,2,High
16.970432250238964,795.3147515555058,1.2596300903053148,307.0101999927247,140.17916534994112,0.8578455741685744,0.540422013030559,3,0,1324.9875260857873,7128.0077123001265,0.27806322391705773,1,Moderate
51.926572961581066,1249.097929417628,-6.256427820230195,182.30281367488527,515.6476293111873,0.21151538023429023,0.9442036147216601,0,3,2475.951123584094,1873.6088537245687,0.6998373550112783,2,High
17.499961698699497,1697.4744789444946,6.012473128256307,275.9058084846392,122.54716635694048,0.3969956285754744,0.4125151537676274,1,1,2320.3547373011556,19250.859675882613,0.34704154934018405,1,Moderate
46.899762746584045,1224.696170854029,9.443130190694998,77.55188529862131,69.38444698858598,0.7363688216999436,0.5669566135396983,0,1,1776.237855285009,14584.404136308629,0.41503790997295154,1,Moderate
56.03087003467717,2666.7966805383185,-5.704812000750559,298.3905263403186,267.2749804333173,0.1673993619450163,0.8852625740541523,0,2,1388.1859089837744,6848.9975123645745,0.670057387930987,2,High
16.40354166799044,1219.8019824498458,-6.2617607041884815,332.5847847093705,588.6929030842123,-0.043517030532103096,0.3214050001761587,3,1,930.1587134084688,5610.232501794283,0.5593845050607226,2,High
4.495747564598121,569.9890950701463,-0.9012985640511069,228.77388559673577,110.68822528382748,0.11007001435595798,0.67416386896759,1,0,4364.463100343214,18560.533292201195,0.2713499565914392,1,Moderate
9.823030724563056,1456.7375369642339,4.955305542800643,38.11644773056881,105.94514422179597,0.7890351127892268,0.7571618488220965,2,3,4166.562438286723,5470.9995192039005,0.4711706252640678,1,Moderate
45.44977254532691,3431.709071460093,-4.367987795294972,322.306133096282,463.1415809375932,-0.02466758069197847,0.3305282346870094,1,4,2085.897051183583,10743.153453926025,0.6106505219226603,2,High
63.70848046693016,867.9968039741581,-9.602401826054392,285.29558185322566,221.6889316964609,0.1621431671074603,0.16434118553064447,2,1,3606.006282637753,4299.101424129794,0.5623884453144938,2,High
3.3747615926568275,2181.339440406979,0.8244125606578798,270.31599954521636,444.5048894741443,0.31110434155037464,0.5029095419022733,3,1,2491.6604119960934,19904.29227830365,0.3581458078014452,1,Moderate
55.06134442812347,1572.1083694550014,9.132011355346151,13.2221480061296,160.00582419384983,0.7318245458400121,0.35680173013330163,2,1,426.9163264636416,15390.171725433382,0.4391780411187893,1,Moderate
25.59889844625391,341.48353000771056,-2.174462891861088,287.62650909250965,303.0395968089896,0.8314846120182722,0.26646243179221396,0,1,4111.952542215256,11352.698803074212,0.3794841544047996,1,Moderate
35.88962774396419,1758.7804603934023,-1.597308916337992,49.66236376860852,195.90943276190484,0.2683913405965803,0.973421310694105,2,3,1096.3577200704926,14916.528983656222,0.5608888346190588,2,High
69.66446623841742,2487.3587174042623,9.37803434228076,80.05902343087982,298.3405181834978,0.8251494531888672,0.5021530187015332,1,0,3534.087553640716,18327.359332016425,0.6059439519738302,2,High
24.89786285518841,1844.9479178145837,3.892152232534567,207.7685405529327,473.0034009219171,-0.02239499565646999,0.8564776938434238,1,0,2636.9898245758295,19262.483888411778,0.5783029391613733,2,High
34.900270045461454,3065.1606167383757,4.383438456842503,95.39307825007789,469.10546726271394,-0.02746247891399256,0.19531741054335916,2,3,3452.6998490725005,15720.37768850917,0.5981293883054233,2,High
1.026181107051083,1082.385856635781,1.2540401074213534,238.08535427229108,333.674758220548,0.8441759015982777,0.9394427648991306,3,0,2356.0152786198128,16981.319366664527,0.2998199657034696,1,Moderate
6.119904000362878,393.24718243348076,9.492184217264832,218.90536117166937,560.6045140465781,0.36064814688116437,0.7944314345690218,0,2,3512.8057423849336,7955.878491727941,0.5387439247395812,2,High
19.394369335108802,3284.323079637221,3.777329688511122,38.933855284774545,195.0812563465507,0.004498618889349354,0.8086921561891424,2,0,164.06276472543112,7836.4599034593275,0.5375844789314896,2,High
2.0889180615805802,1385.8675883959447,7.900655032103391,236.16524865294227,182.1712431155782,0.336789407633118,0.3897648751959286,1,4,204.26469550456017,16165.933054873845,0.21185145470659578,0,Low
47.353149453618826,2059.7788749423535,3.987577314664424,332.6237675369748,387.59352064648857,0.6615322709169567,0.48563699307768626,1,2,4481.699826077549,15192.502777261547,0.5544017410120634,2,High
31.97987676012169,2792.810628842666,4.702316496807919,57.99956586689993,391.713368819234,0.7096124022958761,0.5933543258986801,3,3,3748.470079857786,18019.634072421286,0.4782064563951457,1,Moderate
41.11089020460165,1202.666457176974,-4.191781557155069,214.94232753943948,75.59702176073569,0.7503661823141665,0.7897655362050647,1,4,4142.33759941451,2660.1938832661485,0.5019915782744487,2,High
13.098538942224716,2534.959429803878,-3.9304260397236206,123.07153389720987,384.2777418127937,0.4265279933961604,0.8490567520604376,0,0,2282.9269346065707,13816.26237384399,0.46014762266891773,1,Moderate
22.19490220774621,560.4240893806153,5.6596929915205845,165.46020183849743,255.9398865419579,0.7536406158046685,0.07804530935193443,1,1,2298.234309414387,12952.964676166279,0.40083589361695005,1,Moderate
49.78683561395438,1090.3987404987179,-4.065874216602008,103.32006446842917,461.0933889263075,0.36103322968358015,0.9040623875331745,2,1,2670.0201777553652,15970.396807070669,0.6938196228354016,2,High
72.39770427227998,592.0161628641677,1.255401416030633,127.48702908517029,494.4581154999001,0.46776589263018514,0.937496652504261,1,3,1218.3102337992525,491.0476981302425,0.78279738911174,3,Critical
3.78125802016569,2858.183898564617,-5.012953781865961,10.40825637596062,353.6846007508701,0.6345917824988099,0.5928874043567856,0,0,3667.512492442806,16525.048913315048,0.3112737947221372,1,Moderate
66.77882406414496,857.0073997710703,6.339667616181387,353.35862565019943,50.9377673262458,0.26797882198155937,0.18675061325490594,1,3,4147.272017002802,6528.533065570976,0.4632272202270928,1,Moderate
43.266090098340634,2539.1720883777148,-7.7899729754462,224.92797194618936,400.00119559165313,-0.11906036414734776,0.8184148327034895,3,0,4536.12046327698,13742.442620401438,0.6702051141307532,2,High
42.29396750667178,3307.2145506352185,6.588932795233291,180.2540125777987,461.8847038162639,0.18518299254346737,0.5485876145495989,2,3,2585.169241877493,12331.191431460069,0.641292002461084,2,High
37.520890140582026,1894.4255108341818,2.0545960101520357,138.13752582011762,186.94079642733283,0.4863386384755564,0.8171964537163796,2,1,2072.882528636709,8803.96641659043,0.46157955446679577,1,Moderate
5.204556442813754,1936.0992536863382,-6.261809303458454,194.17484117664995,305.55530062743384,0.011565606603424566,0.8148081265893166,2,1,4154.666221724811,14920.55067783725,0.5051996724658101,2,High
6.74076388021205,1667.514131532561,0.8407077101223628,136.83815953768942,581.1496428764835,-0.03677610015039595,0.08672931568579245,0,0,3763.3289003218733,19224.37860831021,0.3692813357244119,1,Moderate
45.06840042443146,1208.0264875383853,-4.350023263053191,129.56685389772238,213.9635543667569,0.12238859905058141,0.6070214283706641,2,0,4336.366098545964,6469.499598437656,0.5999593714360987,2,High
25.57189285766687,1717.2271051447183,-3.530653305390068,167.0207550199247,172.73428807295744,-0.16467739149439653,0.48314429926872127,1,0,3278.655287262043,14968.717663383273,0.45668652143925975,1,Moderate
68.79510499332605,2149.545609706982,-2.9694391680623937,99.35389212162869,165.97013476290556,0.6177651878956119,0.9461194699995177,0,1,4416.566517364333,6290.74089687031,0.5465444558792736,2,High
30.49429030196042,3452.371345380242,-8.733615060553582,64.81796398804276,357.340458894698,0.08458716240717268,0.29664129192539634,1,1,445.20833022660634,16913.062806321646,0.5540872984230966,2,High
10.746109402698082,3288.399501681962,9.719233688028346,200.37812334490565,572.3829057194035,-0.06333776369974053,0.20600010619092501,2,2,3397.807888427479,8745.463317788537,0.602098563187838,2,High
53.6039125126527,3031.320058196614,-9.369307437375518,303.39555701410836,384.7795710601951,0.5690423575597787,0.8970868560191547,0,0,443.9754424361092,8985.314681224087,0.7101509820760623,2,High
22.001506608075736,3123.0438213965185,3.249937463685569,55.01814398132123,216.827716130713,0.7272208137976166,0.14871556890010473,1,1,3744.538216467573,15437.6116227297,0.2862509707510289,1,Moderate
39.41027305169199,1690.687223192946,-2.575447044851389,11.784362617518713,401.2133779370997,-0.1781368445520437,0.6865194587244617,1,3,3142.2193506646995,9923.39398954159,0.6418496761147104,2,High
52.337458912887755,2335.3107124033804,2.9202058189339795,88.85222825545301,393.6632636787831,0.05695974781534735,0.30001981384181087,0,2,79.96010790788266,5332.892358817909,0.5064284199751179,2,High
67.51980834015528,3143.226857983128,-2.8750349382483247,352.6994316433719,378.3088246513098,0.8397555573565418,0.5678457554974776,1,0,2996.304930367223,19910.738673388496,0.5439595722711571,2,High
59.41433961012571,1436.0326009706005,3.4750129251771753,298.3529065476022,137.6844137885661,0.22377954952605278,0.6162194328412611,2,3,731.3990427933692,12404.507858300487,0.5497056158632952,2,High
50.72708009045431,3369.992426374594,4.584710189367216,214.51177927029477,399.0117396397468,0.8324512697201245,0.41736928195796674,0,4,712.057098895349,12902.991134964572,0.5137848617915524,2,High
50.97248867963577,1513.6726110352222,3.811052807992896,334.52960948752894,286.5904488829748,0.10163379220774515,0.9749649802370958,0,3,752.315058283089,12931.638356755153,0.573151735187621,2,High
70.9443483024065,2143.681062336933,-7.7207603728369545,160.30048206140808,60.225632242668354,0.03987439912912519,0.13183316808497914,2,3,2419.118011234212,17667.18132174129,0.568676778374737,2,High
22.1868073122402,2513.3360251260647,3.137864693093693,353.9810169270626,346.87046793112233,0.03551925290079547,0.391399089036757,2,1,577.6012701593752,3677.440113036068,0.5382022896160348,2,High
0.08340706471405557,3332.01284445819,-4.400249010918054,106.66873624294226,594.0967098701296,-0.10624847353256792,0.4303953268743158,2,0,628.2787422636388,1183.0301034907343,0.5549134521236645,2,High
20.396591954864903,931.6953317777046,-9.42397258861333,86.51006982573807,242.35677496419095,0.7860755173600382,0.6310469489961815,1,2,1280.8399306693825,7734.010236899209,0.4006979912578723,1,Moderate
16.3418534720058,2636.845326011384,-1.7033865622209206,229.69735241292395,581.057570075262,0.8778185248961914,0.4072597581945191,2,2,4.291119138801203,11298.103610169363,0.538888403504515,2,High
49.63759388354986,1870.7729928898793,-1.3291379439239783,136.13542846212974,102.913157914427,0.8499596879988018,0.09703601137216322,1,0,1378.9488347868312,5714.192423528197,0.38426341391210495,1,Moderate
47.52836998241468,1013.0942781101796,-0.6565173329510703,225.49159511145282,452.84756372701844,0.7372309538100015,0.9474299981808262,2,0,3092.038834010164,13784.140089824197,0.699265746244091,2,High
44.509603702854285,2740.463255307728,4.096483307814324,109.79838658896688,112.88149706455943,0.7315766984160728,0.4160790816386857,0,0,3007.8528029768277,1478.319578745657,0.3878453557973347,1,Moderate
1.2182582407090274,1977.5557525910783,-3.823123817150817,222.45057246167678,200.46436545540078,0.5271940138858864,0.34267372721707257,1,1,4847.668240823231,15814.18942166955,0.2571836180849071,1,Moderate
54.658354083798564,2347.3109902088977,-3.694389737921549,99.26865381061309,363.9624594271684,0.7088350831456749,0.4467221241740047,2,0,598.150394898887,14361.720393979944,0.5854513939764601,2,High
24.264780936411864,1197.8636331648634,-8.788954875174788,18.349944774800377,376.0288316872119,0.02917660077735254,0.21659568212892244,1,1,4327.856657327896,4278.8957434831555,0.5952089004005925,2,High
49.879199175497334,1736.3314362138572,3.73642431984592,328.368924692346,476.3662244787942,0.2267038934258414,0.10022168466865089,0,3,1955.9487994829421,5969.0847721227565,0.6221893178969073,2,High
41.7433821376615,2199.004453359428,1.3565218279916795,317.9538726744464,388.4212739750916,0.5049199226242227,0.14857847910886257,2,0,1935.1814398082283,16140.040896770812,0.4718413953666409,1,Moderate
25.704819407093037,1476.6967685174695,-3.0114977461242383,349.4873337381619,376.48808740930843,0.762248465817756,0.1666548270035596,1,4,1744.0544181217183,15466.756860362157,0.3444646833253218,1,Moderate
10.09322003280808,774.4666354821844,4.103779578347094,257.9497834397057,551.794197844026,0.5265164086056622,0.19767343821589511,2,1,623.6826572147925,16275.323146678526,0.4435556679837461,1,Moderate
7.081417324536071,3369.5776738720338,0.7471549845375431,245.77962398470905,298.68841371503646,0.7229241541676266,0.4199602122261923,2,0,2392.5251854947373,6444.8568978362555,0.4166264105631426,1,Moderate
62.363874983416764,1838.9896361448991,-0.6151010825892058,201.24110522693906,173.8961782822803,0.32134446743422723,0.6238992690441536,1,0,3936.8898467350696,19391.42366946656,0.5379571221568249,2,High
68.87981565611685,2595.3292589781818,0.22649087322252903,45.33926988690816,138.98372176299665,0.5890341114755488,0.6288878380267325,1,0,4377.16203573849,14306.764587479423,0.5483470202693226,2,High
48.734103507322466,1497.5604580905976,2.726962505341131,68.12471194173722,269.9970282452249,0.8779788870125955,9.756956192685795e-05,3,0,4814.296290636814,1304.0157479350944,0.4586489299346853,1,Moderate
7.7575586145362525,1307.4479976874356,3.2000520914919903,104.20908792211303,442.01401535653264,-0.031162587157266497,0.9209576668983999,1,3,3926.462428502262,9554.69708021888,0.5795798932246351,2,High
30.152041266618053,1484.358614788225,-4.220843617185657,320.456290526422,73.3989167114455,0.8196127615474791,0.8228471805323216,2,2,3115.4585282738444,13290.940909452049,0.48312775742270575,1,Moderate
54.67044000788679,1491.2685888712092,-7.185132732176935,62.269028857107045,120.97936258017337,0.37460034262609304,0.9639380394360398,1,3,2487.6688985299857,3373.0038469405076,0.6666961250207911,2,High
58.48656630075511,1950.2123942026421,-6.867316376189625,332.2343428156406,108.36240305700169,0.5075398338030639,0.35998634473019286,3,1,4374.486258006979,18035.37853319682,0.5192096071000752,2,High
8.866396671831644,1947.7975579366348,2.787817718060033,188.20286389851017,371.88758417830235,0.7656559076015641,0.664799276689397,0,1,3697.5680342908017,15082.174023008665,0.3034953873117192,1,Moderate
0.0023039134036811904,1790.3229740017637,7.457465715342519,257.605068770306,183.57555779219643,0.25061958980754867,0.1680207492560971,2,0,806.2908798575708,1628.635354663379,0.47527223029310134,1,Moderate
53.41027844104538,558.2716687192894,-1.810074433088964,39.68801520500395,141.44268556576807,0.2605618323790557,0.817033027220336,1,1,3412.7524639810326,18263.96216491734,0.5802585409813955,2,High
26.74471319896542,1786.6566269018058,-6.609596793410752,96.85207755932792,376.0238958586623,0.3799000199818104,0.16136772295436885,2,1,2155.192989650059,8087.393602189139,0.5066938706315963,2,High
19.08609987136952,674.9532614302151,5.132049965877092,345.0666989453135,468.7204534988086,-0.17898770705346437,0.3259857008077496,1,0,2978.9983871090735,9049.389551367662,0.583153302345962,2,High
0.967310234214408,528.8616734056016,6.649789488388972,95.81398089470329,232.6852040489654,0.34633279903768593,0.4908348559469833,2,3,4491.765419087145,15662.16320853379,0.37490581261525135,1,Moderate
40.522455507112475,3270.99543895997,7.6116488624193295,106.7478193408126,368.0125331221279,0.12019599149365334,0.5945316688527504,0,1,3262.8527436695204,12879.953668003767,0.5967271917472631,2,High
63.83630515694863,2156.8300447021943,2.1366285782746637,71.13505854278861,103.9684272597031,0.8207496006309596,0.5596330242867316,1,3,4693.621425881401,8750.573904910916,0.5320163714611948,2,High
71.82237347044409,2342.2661976235863,7.214571187761692,46.466519510458625,564.3550667516635,-0.10349117137166555,0.10209601170999727,2,1,4331.848376320379,5192.493153093116,0.8451002773531172,3,Critical
42.43087129599669,1466.0984791334367,-9.691700831031847,83.97275092343926,235.29290192312507,0.305252508221782,0.421676002863851,1,0,644.5062558172388,10337.914639396493,0.5338445217689765,2,High
38.58459958049206,3190.5350325105383,-7.85528396460953,231.2376811022874,598.6281312454257,0.842214987415097,0.9229092642058225,0,2,58.25956889476957,11583.594947607842,0.6657310263830869,2,High
6.379228911693083,2268.9636645708624,-8.148478658958025,163.93238406128287,588.2232657173802,0.7911387753503254,0.8723685277518516,1,0,1922.0570432444067,12618.646953452051,0.5066792303549872,2,High
41.165460115694984,2715.1775563801975,4.2520936850946605,199.3521010816435,478.3528971346963,0.5714832866120052,0.5907835232546398,3,1,4326.6499417935465,12101.264991711581,0.576483280341249,2,High
28.498430922404598,1353.112394694227,-8.60836432912842,44.05133835576874,61.036902473831695,0.44829715719568225,0.5723245754536014,0,1,1150.6299635508437,12346.069926059847,0.40029884264542115,1,Moderate
45.53514606626827,3364.040394785027,-0.07271255067385951,288.761920978644,348.9112062113998,0.10880403084612417,0.11167518264933018,0,0,3456.99960949748,9514.751899210596,0.39863687134144965,1,Moderate
29.154476090741003,2889.568386538271,-0.5458620272742181,282.2740922087453,97.76003124200632,0.2036528240277003,0.2002594523103034,2,1,2379.9768461150534,11237.756779984305,0.3644425889045924,1,Moderate
18.022434258777505,3003.4247742494485,-3.7859295288351813,7.77236801136314,542.3259142788338,-0.10085164877046003,0.25263974260409605,1,0,3730.388802145334,5772.763693913911,0.5748538353168458,2,High
7.122395642128238,685.4605092475646,7.408103398841995,138.0654340237098,484.29993895607157,0.6647191275340614,0.48819572852380566,1,0,824.884394889786,3167.498305688785,0.46271290772535917,1,Moderate
23.61888334416718,1021.2749067621464,-6.5913359624000805,24.757416709613214,584.7872071276256,0.15625674469419293,0.7313560480957187,2,3,1195.455194916941,12138.713717048533,0.7122694386859812,2,High
7.248362571581421,1071.130438924162,-2.9507443120152033,285.1580805893849,384.61062423238747,0.534560088933228,0.4607253556042582,0,1,1212.6223474833337,939.9738375393719,0.3446341250896172,1,Moderate
13.267271311798796,1021.0913590393619,5.483430000458583,265.41708592525356,337.1950424663859,0.1933542549184748,0.12606104183739775,2,0,2742.3290675410535,1304.1392710765542,0.5021896232110857,2,High
74.05021189346594,3008.387751154579,-9.391553712134314,324.7157139455362,335.43562076941316,0.310763485535889,0.4393488770113805,1,1,1448.1222890251345,4946.319923759328,0.7287577223241345,2,High
33.3077667679964,208.40830370921316,3.459008004927373,85.10542522312126,262.5466059498897,0.41050271961403456,0.16263325374888837,3,2,4058.6118641734415,3886.54025086272,0.4082890827159098,1,Moderate
39.89038248787624,358.73996253463264,6.327954527231412,164.2665179260076,307.77953697602754,0.682037649229664,0.7511473516928845,3,0,1733.9710955208477,7482.262628825818,0.48392653697566806,1,Moderate
65.52138965529115,1031.3105601416728,8.645356776763343,66.41563577918319,399.47692072444266,0.032272015294748435,0.166500860404579,1,1,3304.255743951937,7425.776255559442,0.6985659108099873,2,High
74.66766753680159,779.5681138081084,7.525932809829698,133.64457641068302,563.1211841559524,0.23864192551284208,0.4825339895444567,2,1,4742.509430484026,2337.1091149856425,0.8165653439814643,3,Critical
43.70358370085111,888.3226872016844,-3.612317663326296,188.00757056407824,377.7363860408171,-0.056910270919000666,0.693413602661093,2,3,3034.618588404104,4930.060190196128,0.6666304255137168,2,High
60.93553657831287,2813.00684346122,1.7272828264590512,19.19908434189203,521.413768274552,-0.11666344458661478,0.22819806394520858,1,1,1210.767611069214,91.3833923856866,0.7013144953904243,2,High
24.520576825250647,2014.6304192329594,-8.454130136990683,257.35334784385867,524.5289512163754,0.4651417917856711,0.07603010763732643,1,0,4152.283365677386,7019.2762049103785,0.49625219141048,1,Moderate
22.930796808546834,119.62024839609117,-4.842599929039828,195.5856097335871,335.3579717165426,0.008000148794792938,0.5632994760747487,3,0,62.71260348416963,15928.703551263712,0.5113060140676261,2,High
30.202779074592016,1559.6974033942638,-8.115552425049852,298.4252461958424,241.10830282369187,-0.1342207238812913,0.05420266350439251,1,1,1282.685807155211,5323.199769895399,0.3954201127257443,1,Moderate
50.43804470052368,1486.8087512912205,-3.696254196920723,97.840980428831,401.76563033264455,0.7868077243270462,0.587768642968168,0,0,1937.4524427389201,12866.962920908294,0.5225592220813056,2,High
51.16437669413241,487.413916111448,7.503744269174579,325.1955978969316,295.23253805316347,0.3877458617639355,0.7534985375862014,2,3,979.8943068393485,1965.1035754408451,0.6859594947056333,2,High
23.64295759870881,2398.8820812449544,-3.0566632065141475,359.5299310909596,94.79247702706309,-0.05190897185671689,0.3293159916723065,2,0,3020.0904626950546,245.69343521908982,0.4740105565386698,1,Moderate
9.990744310247152,2487.13044049027,1.2379620600285275,330.9474378159628,257.7950052378385,-0.14123125980769533,0.48834940908069213,0,0,2790.0030847012586,9967.930440927596,0.3665151320958284,1,Moderate
47.429719234913144,2551.0369447771322,-1.3323830377011845,280.0412912999355,596.7396759271287,-0.06815394124497826,0.9287618382249465,0,0,2032.482842193848,9229.681523241608,0.7540721964762858,3,Critical
9.62443966415734,2576.801214899213,-0.8216695140252934,292.4527690345611,76.68152851445797,0.31847096435267547,0.4711088641755524,1,2,1471.8972332719754,3830.3839682702123,0.3157360003093458,1,Moderate
43.386938117199755,100.17961156980913,9.391441036731166,206.54792731605113,433.16680154550966,0.5353117806857877,0.9965540613933889,3,1,2169.53621681011,5731.699127360576,0.6742770495440398,2,High
52.006659604223174,3343.3307330788552,-4.076910634722841,68.45539064853978,512.6537877891859,0.5054080824846501,0.1570024113576729,3,0,1456.011283563677,613.4281385864892,0.6180793068547811,2,High
52.545862229583875,2868.309807985854,2.5464893904634263,243.73464665317823,406.7992469114583,-0.04113460510905165,0.7089339024832891,1,3,1106.2925413917612,15955.997531895358,0.6528427690484542,2,High
56.51040829946975,3173.5377684035698,-1.5987466084110586,256.59108074157535,363.3615271398095,0.49683784702147976,0.652618598197254,2,0,1756.3506615467322,6025.653926761001,0.6063029503726473,2,High
65.46445661742484,153.18720404527608,-8.777076379046276,354.73865049644604,439.15492933831666,0.24535218663935937,0.8723048135263272,1,0,3011.6779097539493,4389.128388544595,0.7823445947218898,3,Critical
37.49692439735913,3275.119905671514,-0.21338336751528075,194.86847385227586,286.1385055148106,0.31121816272941155,0.09244321199054073,2,0,3241.9542835953152,16093.154021351813,0.43852820838468,1,Moderate
54.76868921471784,2853.2809975395558,6.2668665809021675,97.69284540902031,100.24895551988222,0.6815734468698489,0.2802065915018167,1,3,1486.7358053181295,785.473995491568,0.4378880057267811,1,Moderate
46.43795515243775,2946.545086059575,-8.024940626366233,246.12210782622245,579.3044648668599,0.16574930994760223,0.13217922576033525,1,2,4736.990181647904,5690.516341575305,0.6279156083010109,2,High
13.997995484826193,417.17710805469295,-8.60816305207382,352.57529507992365,287.76542349130784,-0.03830104812031085,0.9330951222719215,1,2,1309.7961495880195,5255.049238778162,0.5734501261843451,2,High
1.9267233652056126,2611.845298323232,-6.927369592134667,63.79700697687384,415.9640804424097,0.7607984469229745,0.4266353246452571,0,0,3560.6605508914836,5259.452289664028,0.4517760722588335,1,Moderate
21.340603925770033,3363.7167447831093,5.288002227786121,117.35925067281696,342.22074028911237,0.03334363345297178,0.9100658455350691,0,1,407.4002844899999,229.91518304425807,0.5889549023792223,2,High
33.22752797532146,2407.060960821746,4.479907682894758,195.0771433581652,80.07018958765501,0.12343285761010697,0.29440699435882267,1,1,3324.2227304919015,18693.434379750266,0.39813974254739126,1,Moderate
46.282945832149224,2039.908775723662,1.3003553781222106,61.27726855752174,574.0106305458962,0.5772490647928847,0.12636810136165189,3,0,2299.743743294426,17282.903980148854,0.5552367667568959,2,High
63.746949787740405,3315.1409043465897,-0.6354719181473527,7.999430227177808,485.89547436287785,0.551905348763368,0.2965372729860164,3,0,2845.539223216977,8289.861137769169,0.6058261983436461,2,High
14.718428752962422,1605.9862138970825,7.76651629405244,121.31392407885022,132.0038419581672,0.6804400234122117,0.597174359328049,2,3,920.3632975693271,8908.69870618807,0.4545146295587314,1,Moderate
9.416234242385782,2137.5981254556273,5.33395647666965,311.5334885403809,589.9068819585467,0.0022533055927351775,0.8452325917845909,1,0,2167.8198428981555,10483.08490307949,0.5805651458568053,2,High
72.26099606057457,1719.550197880845,6.238845026036103,15.648623756537337,455.2957546944394,0.18750788264562362,0.38539069322499686,1,1,3831.3892827857676,9566.317453331845,0.6756767209339543,2,High
8.103341953230533,3271.6771526250172,6.2652460270130845,154.4144612460903,309.77690773556986,-0.06152843714811282,0.9148086592534842,1,0,3835.4241640079135,15582.673826650787,0.5150949915036749,2,High
35.88683025803919,358.6880710027247,2.85434309491116,274.3922782533897,386.25353110776524,0.3951430618854647,0.24423205967792871,1,2,1187.7798061579804,9768.398573395485,0.5609523134351663,2,High
43.91727965949764,1803.806982806184,-0.8397075136810823,343.1457348879187,108.70517510802864,0.12182765179257132,0.6935406873037668,0,0,1762.9963755651452,3776.493410404964,0.5577737296075043,2,High
40.60308156805787,2435.63830071049,7.293555051713007,354.7711436415956,358.22633050858605,0.5578292051094191,0.7357133504822723,1,0,19.06777696050743,2339.4377358490306,0.6428692254699382,2,High
6.45241177747074,2792.4822306356054,8.520148352065014,151.90897701914702,90.51358960938268,-0.19962119521700483,0.273962919330616,0,1,449.81087169088,18365.428666898923,0.29345540682901106,1,Moderate
4.277018550271452,2082.2634013100633,-9.52387913483314,342.1383459764823,349.67039141561605,-0.13434870169446284,0.02696987830052744,2,4,633.6517632437743,967.6531837793134,0.4319241096099774,1,Moderate
7.911257059577675,3190.3203300129435,-8.968902534674974,12.750830381110948,353.98262881953195,0.2758163305712777,0.3652373420507554,2,4,1468.2566294795001,17951.210868904815,0.42287529704150867,1,Moderate
43.919076290445936,3302.770919405164,9.174865938168747,268.53009767948026,530.9413318384092,0.8540025715731254,0.04519614730613608,1,0,3795.0774337123344,13809.583843351753,0.5378097620806841,2,High
40.825866572574085,318.685358858184,-4.456787723116104,231.38857246810065,448.7816251497617,0.7799365260951012,0.9007537754021777,2,0,2551.2506607799346,8094.09372237476,0.6285012818119992,2,High
17.53055940275582,1468.0598344406728,7.467388792988373,89.82786873101483,187.25381571831602,0.8934099308681818,0.9535252629340579,1,1,3963.040682761247,3743.568973567539,0.5029468188562416,2,High
47.83306063841937,179.7606738519251,-2.224097620771948,182.6346602446736,538.6343782033213,0.2585132473504494,0.7353799159460005,1,1,3774.528537985216,6209.644226940445,0.6218242011830539,2,High
61.505062654173706,1220.016635073106,-7.617998847812888,46.63934559377842,365.2834656664032,-0.14877466509887333,0.7266845853138338,1,2,2935.6910475383775,10597.47397502883,0.7403640494526925,2,High
3.1184219884945326,1925.3519411000473,-8.391135995813315,313.77497434256196,383.50871321571856,0.13655175622173865,0.2408926694117306,2,1,2499.3010059803923,13137.018873771662,0.42327063026121775,1,Moderate
37.35974576610318,3196.702763733826,-6.86984201839087,128.84331079643326,142.93975307219807,0.5433479373913468,0.07392557655808463,1,1,4656.6043077464,13829.448499154547,0.4300467789842594,1,Moderate
51.69828090770177,2978.2846963823695,-5.002136102652706,225.37600936765796,521.7754777830127,-0.0513198092558432,0.8021046358609166,2,1,2846.3511130720753,8945.874234597004,0.8065769271042875,3,Critical
18.92339453022653,533.4990706847515,-0.22963292138347668,57.159463063414414,562.0308132590992,0.12996939663600116,0.5591619315533676,1,0,2414.119923078548,7479.481867937397,0.5063331870290326,2,High
23.08281789698618,416.3032741190454,4.029958011315671,74.21934406723456,476.24485722219947,-0.13821721900065548,0.681627530787175,1,2,4345.60404769918,15366.349819882636,0.6097712374166536,2,High
46.022842724203784,2103.508951772668,9.727971529706,357.1042934891347,567.4138489547533,0.3224637422292577,0.77964106808623,1,1,357.1935737615289,18508.26874585064,0.6360634000861601,2,High
67.34514700828026,1909.2011063598611,-1.169865134216579,271.11110199887855,216.26494726729024,0.029812745464596724,0.40943426895226886,2,3,3280.131597589521,18289.30021311671,0.5437893413787321,2,High
60.74433152271745,1005.6839808620811,0.36369884686219756,346.3098731186655,523.6155425995241,-0.09962717041109741,0.1445465899783177,1,0,565.1362507986968,11032.415423898672,0.6080498761478558,2,High
43.73476643246876,3158.1404874830396,0.4363140276651123,106.50641947633589,318.8912285750584,0.25233739043072695,0.7950367993628954,2,0,4099.108139430523,1580.4063517108768,0.5639009709608946,2,High
54.76662883179369,3253.045792169282,0.7886871097587207,59.24263558313534,140.1544616189717,0.18634794481157047,0.4537656392284074,1,4,3963.330925248194,1465.7962317400509,0.5418913946754293,2,High
27.3616852655849,1468.878890356553,0.3548131420892453,181.10464685237915,417.84032946837067,0.3912695106400416,0.8269242308559326,0,1,2518.0001712662324,8055.11389472151,0.5050526189121253,2,High
48.07241460740683,3127.028694185969,-9.824504898761644,178.08058160184362,426.2661488882334,0.6239425208450031,0.43769914676001276,2,3,3305.220750429964,14657.070297852122,0.6187151401453279,2,High
34.96361933456677,1405.4262404941069,-9.965503557803185,62.98074495287563,207.80848256617958,-0.07617438993084426,0.21701640845730608,0,2,3863.1084565208234,9946.880696282069,0.5157604455571542,2,High
14.245210234317069,2605.1772282209804,-8.046673637477541,263.9590450493077,65.12133239516353,0.6702381492310094,0.17100501665378232,1,3,2416.5193500818336,12547.246083366892,0.2588372483434026,1,Moderate
52.63037054079429,1718.203539662262,-7.9688679314164235,130.23991239794427,159.91599249705985,-0.1710810221373019,0.7439217565591678,1,0,4529.789568946636,16866.381299070348,0.5753363476771255,2,High
41.73484780116165,516.7827321244222,4.097938179095921,67.09148313498622,269.87765122063774,0.2874120927454326,0.5748891227939967,2,0,2185.1500462931463,806.711673736864,0.5824615114412903,2,High
26.896618646519354,3254.976284205873,-5.901679349680005,119.51402203558382,142.15960108292768,0.4461733155744702,0.4046029004646865,2,3,4460.1125758634735,18476.331668633236,0.3747773453790376,1,Moderate
68.3504392558973,1643.9284174836246,7.894282095112256,202.91713186860545,156.7164715317823,0.8526985404537775,0.492116756191332,0,3,2913.7202442420516,6617.947807450204,0.5297094253337538,2,High
1.570058837004995,2597.255937096172,8.572126591540389,261.52953558495955,265.26486541024826,0.4313153295566147,0.5496386052865398,2,1,2131.216319697703,935.747149608217,0.4931587059152306,1,Moderate
23.6829863437122,1348.3909690663934,9.517866757917975,173.48071898069443,578.9826378697082,-0.025375887401472536,0.23941644182579602,2,1,20.487671563012565,16708.570722889708,0.5435824203268524,2,High
4.266104833323492,164.19498715919786,8.781626097740403,189.21419633821446,470.3339334742066,0.3692959858783001,0.37816557969768916,1,3,1477.7796027823747,18683.080519143692,0.4149123019910905,1,Moderate
57.48954871662204,441.80321955224207,-4.562233561629507,50.02053693938942,225.86162067461026,0.23536234191055783,0.29241146510973504,1,0,4339.607461708292,15372.440237427412,0.5765699442232275,2,High
52.65805905853445,1787.146230265743,0.19553689407024955,329.2887328949636,573.3822379052015,0.327291124360268,0.38842384674562724,2,1,2143.5639453184763,16090.308864609797,0.6854107463919609,2,High
24.851416405223777,2445.878814229632,-6.49090059606118,334.340711277136,405.10573574230295,0.016806716124995985,0.5005622135179049,2,0,2107.342635870186,17426.16707184073,0.5414991640457694,2,High
50.67471766553048,1238.100110369549,6.124193103448661,246.03357255048132,300.4973045520771,0.3509097465423991,0.1733575390543659,0,0,2447.0534053355213,10447.270628431446,0.594734348174914,2,High
29.69529196469624,2464.660761204011,7.768634102881922,6.347307216248894,307.5651094253309,-0.034956259280035484,0.393515062648888,2,1,1431.5201576128895,13609.25759692709,0.5262780828251017,2,High
56.71903435668257,2475.3610040686503,7.025776785950299,193.34671772519738,275.90945730946555,0.6184473887599569,0.3854944433069235,1,3,2457.7563487873504,5729.031638333347,0.5718411818672758,2,High
34.06377470525295,2493.382084914625,-1.3326610260633025,226.51882995190087,178.14562890026681,0.4532968862481577,0.2860038168422627,2,2,1878.815582200384,4994.010298621776,0.4095786029429876,1,Moderate
30.920979587374916,1774.5743036697286,5.17347769373562,358.0755202649196,262.64770571753814,-0.11361953924903838,0.9984963248024521,0,4,4547.212652162566,12178.852932717546,0.5884548281259413,2,High
70.10474366162258,3210.6129104131137,-8.04841660847461,358.58410387012685,340.3430112238659,0.7785759147218778,0.07362750899429138,1,0,2819.8338559827707,14692.155326740312,0.682066798159223,2,High
18.815932491802517,1763.268161134093,-9.195104587614987,308.74004471720065,340.4150429016216,0.4780175650772022,0.6429511392857358,1,0,4170.754845712124,7942.8111554446605,0.5868869641830858,2,High
9.033550499742407,1630.9016578885698,5.064728286175217,22.97915712940087,468.9552962168849,0.1477177606406146,0.17443860653643561,1,0,3434.370477881703,8005.8216086192215,0.48019985034822904,1,Moderate
43.840733494459364,777.8947846361317,-1.4928945134263252,343.17950068034276,247.33882143654392,-0.14979336051995867,0.8395239892851823,1,0,1063.0149202804896,19084.671359196003,0.5495643311894157,2,High
72.69913592131341,1146.027297011544,9.910985294791384,220.55804897471967,444.23891611717386,0.4954493653487964,0.9141965360093008,2,0,4338.328048504447,10369.207875449085,0.8327390619030985,3,Critical
28.337941029539,243.93727456223138,-8.054915682889352,288.3192373725046,367.95051132277655,0.21078428748317057,0.40147798260895884,2,0,436.3539869426192,19725.685516254038,0.5851864848063797,2,High
4.652757272158614,2254.019998294979,7.112553630704674,146.5894258869073,579.014972489759,0.7983799153663365,0.8234784494207097,2,1,2243.1893028644463,17256.853333320247,0.551781488943685,2,High
25.447895048217557,945.0215293521157,-0.40033868942016504,115.08100964445232,261.90670931869045,-0.161634384014408,0.24990944935006043,0,0,1195.7771276602236,12793.153012028728,0.40448704199969227,1,Moderate
37.944874073966886,1134.1278652505814,6.543003910077541,166.76789237417088,545.6690553434346,-0.15698732112353234,0.14006850732926157,2,1,2687.777113161023,182.71185852850368,0.6977592257519989,2,High
12.144225497416027,2720.769373658692,6.342545643402897,52.87482466877769,501.3534010140592,0.8442292155976292,0.31587826640261096,1,3,1500.247897223983,5918.503233362444,0.4809071573746201,1,Moderate
49.357666354236905,1212.5520227489433,8.319840027241547,128.54380995119018,400.7153565242013,0.8613613402474569,0.34167401389104723,0,2,3614.131296123119,8352.875688924052,0.5855762851763663,2,High
74.83120417576505,923.4660328446834,-4.042999774277945,308.7422999165803,409.98295670816447,-0.16948355055009756,0.39735754478557894,1,3,4684.59350576902,13056.298194703704,0.6691552282893045,2,High
33.88046069860829,674.7963470545996,8.995987069240062,13.662175053917336,96.55746403352587,0.5876365584354604,0.37295894195781876,0,3,3545.449891076184,7910.461461778904,0.41825031981810257,1,Moderate
26.604641754765947,2734.51856741865,-6.966660792847595,54.31609685685761,572.6235330763878,0.04364433756172453,0.41114445285050394,1,0,1776.5518338790275,16556.477700838073,0.6055128557783063,2,High
30.052812512584996,541.0012771660914,-8.360624448130189,45.04181747381479,108.81483492265914,0.5715320429146797,0.71003336580513,1,2,3000.349808289769,13258.105430737984,0.4350300399400686,1,Moderate
8.635963379640085,1642.762784851202,-1.3676896525530164,145.1071953720821,359.77831980892887,0.755606076323782,0.2455801328657352,3,2,4442.630458990605,6943.201705312145,0.35354751271371254,1,Moderate
66.24552010696678,1823.562394662461,6.566459372836853,358.9152843207102,231.53894024703496,-0.08908537325149707,0.01857559576512169,3,0,1350.1419489345278,15688.680946864417,0.5399370660945362,2,High
31.1119241641014,2437.1257031314294,-0.5315773873310885,62.40885487609776,286.4185880594185,0.06264305843824625,0.48968055138127164,2,3,591.0238186913535,6061.806287396652,0.5924162365922835,2,High
29.045580856863097,2253.1638399321846,6.585733550610282,52.37375385573366,385.60065596024936,-0.1735145648408557,0.448291244204864,1,1,653.8199430549596,1255.7321447317781,0.5928681303919985,2,High
49.47677046978558,2856.450288013594,4.593736115886104,329.4200627194156,549.8682578352768,-0.15178717001111514,0.06006498984343045,2,0,2474.2650517167385,3451.1257279433694,0.7104309023501997,2,High
33.152506569834266,252.1548753492097,-5.8114322772213285,317.53818610774766,301.6619179647658,-0.1674203559604484,0.13380140150141373,1,1,3660.681305649214,54.80985545583961,0.5557663397897388,2,High
48.61751016058845,1107.8984642499504,8.977632497989276,11.6065331987596,593.2512554185427,0.680750592069056,0.5099208946848939,2,2,3286.2887104320325,16647.005604890463,0.750695142509467,3,Critical
4.608471759809063,1052.456003836291,-8.784376627411932,270.6141456645534,376.0466359433249,0.12812194627385437,0.23475076001957929,1,1,2269.447502423409,12542.169918191556,0.4522004847053652,1,Moderate
61.02925077916706,596.457479013168,7.965594150875898,235.96765253151466,138.30466845319597,0.3425325835291881,0.877598294141447,0,0,3646.4902009068155,11411.386215064349,0.5930841344568392,2,High
70.5377964659552,1083.2060631119066,-3.91113102019252,276.3866915469752,154.50511215718876,0.666628689956718,0.17329248645949513,0,1,3169.8497807050853,13240.965091083266,0.4670393796984443,1,Moderate
48.657403961953946,1153.2020680858716,0.0029616632879854166,178.02088372653196,443.86106957408805,0.3444380289773899,0.02012263184851626,2,1,3141.153778004238,13071.966500031327,0.5243829385359736,2,High
71.5924446644108,1874.407170553426,-1.5529625459853094,356.8965186413864,77.71878683385997,0.27211566888705574,0.44756376939106035,0,4,1011.8819864710243,11309.998817113898,0.5257776407771001,2,High
11.357423577747246,2356.5952283492707,-6.563308861661676,15.78492673594675,314.18786692222477,-0.18726947286159532,0.9861631106082555,2,3,1562.9171651314095,16848.200913373374,0.5425661213038175,2,High
35.80621421102653,1395.741746280168,-2.8370626719661374,84.37377110537007,131.52051039193412,0.42484345279043184,0.6338725263064764,3,2,1722.1216264460509,8818.940200726409,0.4282385085553282,1,Moderate
45.135505045908545,2546.198786465496,-6.141311274144094,142.75655531050143,288.27024934781474,-0.06278261404920496,0.35402972126192445,0,0,4040.9537914194766,16096.188941954464,0.5835316412052288,2,High
43.630248556589,1242.9621511705718,-5.922270490789523,161.92005896365313,462.45458213944573,0.6411130648701289,0.016868011467858324,1,0,3875.5524548268054,15732.673693644869,0.5423512254128909,2,High
30.109633431678244,1086.9645028701852,-6.2588632794723935,331.6922649718267,302.34711053278875,0.08351149619652154,0.4849484397422268,2,0,1263.3637870745217,3990.0967170871218,0.5291235624684605,2,High
25.356330702469602,1940.0393899138828,-0.2196523930681149,201.60157106781318,139.89810993950982,0.5416061518895205,0.20646600213843025,1,1,275.7613715498991,9075.267592296512,0.25593328460272446,1,Moderate
9.511801691281411,180.63562503968808,5.958627350226312,16.239958387341797,188.55895369615334,0.5108458806071474,0.647754085446646,3,0,3838.9190460322775,16698.644479237217,0.31247721697768954,1,Moderate
29.380683792170863,371.28302035560125,1.3794006752248205,146.83066683323827,252.1467737587003,0.4783431632230221,0.5830084937313013,3,1,2049.330893971592,16617.10383724966,0.3228997723400694,1,Moderate
12.199561132911384,1521.096448194192,7.864131771016837,149.93654845286517,88.25865091752809,0.09364720829091189,0.26521377538718494,0,0,1099.0158449514208,480.13124415670075,0.3193322335830628,1,Moderate
55.07742573691638,3305.903218731972,2.7308897715344838,347.57673783760254,371.385699844617,0.09379875489312495,0.06888273421867164,0,1,585.0843528554772,4461.002448591742,0.5653394370615833,2,High
15.662320162094248,2553.14005146764,3.786802312652089,215.71095276759894,384.1435852029276,0.749352847785463,0.7550191980403347,3,0,64.07325294250477,8477.487933082433,0.42812262692027114,1,Moderate
4.392397896340039,399.63033630189636,3.3521445945400625,228.83438561721798,84.1835599229121,-0.1859119341065303,0.5854640945929422,3,0,2138.6481740694308,943.0870666821867,0.3067204018080979,1,Moderate
41.427460336292576,2977.481243454971,-1.010816136325177,256.7710912504575,271.2712266457891,-0.0003251032006462984,0.8421262495086284,1,2,1698.8190719341274,5212.4924578938735,0.6491291555153138,2,High
44.64222995395512,2589.8226200678155,3.7867764440016565,277.21415364556435,277.70037558659874,0.4711880094061836,0.2598000156367163,0,1,3482.350753536414,5165.996777635144,0.4583216963544137,1,Moderate
65.3934795960379,2177.218187389021,-8.605845070620777,228.61838527289612,233.60076270393066,0.6987508798434869,0.6528620647804121,2,2,4883.327160937041,4291.367639749739,0.6705909228298517,2,High
43.27362093132614,2888.996066071203,7.197029438313262,85.38996640821678,356.7568571821115,0.1941800595401445,0.11868050052868495,1,2,1033.9130980807697,7933.179573636117,0.590869844891281,2,High
25.91106402925843,1473.9734823260542,5.556242868878346,314.6565291628191,240.27661953306148,0.5187878044718801,0.2918099079168437,3,3,1215.180701869687,16260.215478352884,0.3796035283920347,1,Moderate
60.22589111447404,853.1035729030993,-5.095400835366424,263.5631281478269,279.02510371279334,0.41287206158226003,0.6565391118773696,2,0,1686.5128843219823,4882.27282481158,0.6830840147085936,2,High
40.52091698905658,1840.8795229697816,5.360649085081647,267.0733746349041,488.6379510928831,-0.12900588506976107,0.8255813051447931,2,0,2329.6881744165266,11641.34623982532,0.7140577306058365,2,High
5.94602134733938,1966.061969017811,-9.747147971999631,358.7604261245097,139.1601454866108,0.48392521662374594,0.3209255017433469,1,1,3488.493476702677,11151.561205659264,0.36164865513820227,1,Moderate
42.4387920234935,1930.309664833701,-5.655068550382392,288.90955255079376,390.5130824168815,0.6952938194997429,0.7988535565565013,2,3,1760.1576091930333,16358.481658083314,0.5908982082597588,2,High
68.10139090662467,2021.250891032358,-8.697255226582081,298.49450513585515,328.07692092996507,0.8916931523293503,0.6777524602732825,1,2,521.0027148538953,7879.98811065697,0.6571214649141959,2,High
29.72344691236654,3325.5967220132147,5.604538332357894,342.505985655657,217.789400613642,-0.16739592008310486,0.34867477150759985,0,1,3651.708186238703,4471.37236269038,0.442657736621139,1,Moderate
22.224435142485007,3167.6351185271865,5.117483023567743,54.40823994560179,450.14406106972586,0.5260639898422548,0.8763969377444393,1,0,3973.208390089266,17830.412979695844,0.572034734734441,2,High
10.760209276351503,3077.437924300394,6.272720476036614,179.18185553210444,353.1535977476314,0.2560045084627584,0.5092290660354312,1,1,1238.2432779395708,16658.94126173563,0.4955219113885304,1,Moderate
11.3584141451518,2824.8171570893323,-9.910366133489424,209.00412849268355,312.5488398283824,-0.1892333224231742,0.6482468225460822,2,1,683.7812187115328,12430.073592144901,0.5800303591667123,2,High
32.457861325636415,3307.6555647019704,0.024654533568160275,118.53926252008475,417.21812312416006,0.4757970380793625,0.4956313419034801,3,2,2639.0052573287517,1864.7875224688094,0.46989369809284565,1,Moderate
44.675986812114715,434.88178170997105,4.09672395034673,302.185203802022,491.25966938974847,-0.06532997158880094,0.452719960490768,1,1,1041.5715043567325,322.3565842646847,0.7159616949135377,2,High
6.046155387720131,1001.4190889155143,-6.891977425219691,274.4710637924604,584.9678345184669,0.2164235352080503,0.8479777172388564,1,0,1870.8171667431427,3652.4924228265877,0.6206263367480408,2,High
70.46764417688743,1783.1902152255886,2.9958145502524935,259.51790682292466,396.1427026070054,0.08750380173724254,0.29470441503862577,1,0,3886.806100644252,3932.7711687300894,0.6718244611144384,2,High
56.635021308389696,2978.2172766195777,-8.317798013806286,358.97379831294006,530.9419919702107,0.1972797424982093,0.03662922236372468,1,0,1098.035215922944,2724.948349761689,0.7223379580970795,2,High
43.9967938712747,1817.5634191772904,-6.3734828779137365,93.37729442702059,50.60034756262632,0.34196513965104464,0.8797826435449612,2,1,4031.296305593555,5243.627426034065,0.5762817333645889,2,High
62.13290032042431,2643.3181137614015,-0.4840637001079795,264.76461060315165,341.6296309992402,0.19513048573846598,0.825023953051183,1,0,3370.0999390815523,6757.771225127225,0.625423906060086,2,High
6.014006760908497,572.4636778463151,3.0713030536220405,198.5056109661242,168.05615182360896,0.4080050576484932,0.3665604745696127,3,1,1098.629318689504,15088.76799412379,0.2633863698624123,1,Moderate
35.76291582998433,958.2069641203046,-7.082617460922078,112.67610569779539,101.80585139572544,0.06251465925613914,0.18545113870521124,2,2,2632.023005230417,14190.442772723323,0.5189213031946539,2,High
47.256984514624754,2588.038723128086,-6.295533383381242,57.811273460325296,342.5840593854156,0.49889794417121974,0.675533643048471,1,0,3070.3538125313357,2087.5864338799042,0.6318313259148607,2,High
62.148967958871694,660.0956302182618,-5.91107265868674,322.518181344317,460.75457838200174,0.7391393045373389,0.07876090363563926,0,1,1001.3801890682172,19542.139470675505,0.47206664235258555,1,Moderate
58.760217003695075,1294.610177826751,-5.2259839060204305,214.3639737748243,276.7498873609088,0.04647375160673364,0.4237547555388085,1,3,724.7466790625845,15042.785083405683,0.5892398160178026,2,High
20.780193728504972,1000.5452765661429,-5.468923029474175,296.9761815506861,418.5590971394392,0.35866493744118483,0.08586232154003115,1,1,2655.8396721313234,3268.6651884002817,0.5098169851359516,2,High
70.56601271694032,1289.5297603564268,-2.0970178300472657,196.32419424055615,319.3455896125225,0.5135587630048777,0.5979096753287628,1,1,3469.2058306783047,2489.931418599247,0.676057518448782,2,High
9.325938107315276,2508.301766865099,3.0757930167344583,79.19174903544703,290.3972262776843,0.4210887443347578,0.027208383809629977,0,1,2325.344200357741,1750.937725210322,0.3137980837826268,1,Moderate
65.63502139658641,1350.6804158855234,-1.2393643373106062,121.51757271611709,209.64115223972334,0.20221439081144854,0.6292383756343116,3,0,350.1962426596017,14635.773333178846,0.5600579702683238,2,High
72.82051872034639,1987.8952968669967,5.519478174997763,137.35398329047675,260.42643297555253,0.5064196788063231,0.6732055732893966,0,0,4626.06353348399,4725.731209446575,0.6992406077674582,2,High
13.286514241696917,439.7683819849928,4.385370118972297,350.2565325013328,242.38759693693532,-0.16892917316891615,0.4871444746251511,2,0,3474.827229272553,1459.3599036644189,0.5644684200018799,2,High
54.154954815283894,2837.0601569977343,-7.469461719018486,2.0279802172977,405.40295120818485,0.20689685519607637,0.17500732929761187,0,0,3105.9814289344745,8436.5521885628,0.5314961758205387,2,High
3.021413908349885,1357.6213272036246,-9.023167533585122,354.83976828882254,113.81018120352675,0.38587343610510355,0.10139393862720725,1,2,3218.1350596533866,14173.968628008144,0.31681770618105226,1,Moderate
30.40671188543662,2305.016140713364,7.558831279992123,352.96618863953904,100.95000277829331,-0.17732552528054887,0.31329234813700324,1,0,1993.028004540347,6091.1283169230755,0.509811866515821,2,High
38.721247439825554,2566.324645650231,-8.403378668742532,358.61428459084914,413.0071468146532,0.35841371265272987,0.4652066796000124,1,3,4922.002496530509,9652.911448359639,0.6536549419599713,2,High
43.548391943222555,812.8471351797814,-7.033216385605739,171.5717444110685,350.4639384333844,0.5196799068421911,0.6422083168448445,1,3,663.3960585925597,3853.499363800843,0.6053913608762711,2,High
70.19529361864197,3107.89494884139,-9.55733448883764,346.97122906355986,286.61005320846164,0.6351284674843496,0.001250127518499622,2,2,3695.706887416133,8582.97041742504,0.674820119418023,2,High
50.418801547064604,2195.16245546364,2.5667273059730746,142.41570546593783,133.84358642434694,-0.07528851044962656,0.7110639192353632,2,2,2104.379801335494,7178.844628502618,0.6446433552417874,2,High
36.09584634144277,1557.665481955037,1.6474112631669708,9.465998640619215,276.06491152812134,0.8896213623808644,0.7127119321252765,2,0,4405.480238040632,8678.368303750103,0.4625987712309244,1,Moderate
60.7256277199417,719.9396241659464,9.738073328705113,80.76498709383523,484.35246982600637,0.4667844714686052,0.44453780649249985,2,1,3586.306371085239,9314.231976958212,0.7804842391176384,3,Critical
71.28996157158068,3303.823188864103,7.73864792634344,340.30664817745844,539.2916796840914,0.199513171873563,0.34340644574795176,3,3,2811.2611167984614,1845.9768341784334,0.7843085047098988,3,Critical
1.6549611511718132,2667.231894047525,-1.7831364503818055,4.955289600743993,436.41711348032106,0.07400213990238519,0.8423085646703586,2,0,4688.468171940902,1867.3670454102642,0.5227705368069565,2,High
73.6890954192029,807.2835132930462,-2.5682831817493,196.55788875227103,82.95169673448444,0.4301865478517561,0.784587482031228,0,0,4562.216804698684,5212.211677098227,0.6109604156212528,2,High
6.459910429776025,1248.2166340623633,-4.062959314400299,27.216572002084458,418.7253771306152,0.7698828118832279,0.983276088517724,3,0,261.6699797612282,2315.1670823176396,0.5446286528813816,2,High
61.0790084451571,2852.892477499449,-6.951861599242372,103.10276823392826,182.542074250462,0.37262193575550123,0.37193080533895206,3,1,962.9402336969639,5055.686272948587,0.5422892552175684,2,High
21.025106441355938,2465.3040549321527,-7.2383268679598185,31.7134262562792,223.38818366452278,0.5276192611654564,0.9068326048570984,2,0,3380.232924522893,490.87967167720683,0.5970613975805972,2,High
9.913474331540382,2703.666595233463,-7.354325839807892,309.4303036007003,157.7302643779915,0.19346608349461625,0.08740188589295228,1,1,4609.197132530423,7014.788215045433,0.3064819758081274,1,Moderate
32.98917297853762,1600.0837475239703,-7.7177048562644295,212.7854554731741,476.6656848411125,0.22696751689786993,0.41146606625085225,1,2,2151.6500126757132,4268.20399086733,0.5838589824479967,2,High
48.296743458571015,2536.0192929833674,-5.189759151889262,324.75832765859263,406.73116745050345,0.11479261634908117,0.46537411874865897,2,0,191.52622680204013,17842.926997557195,0.668581250209511,2,High
28.571388376760627,1414.0786577373067,-3.866627393737671,247.8071518344822,386.5092800295495,0.5762010238050637,0.4408743162034582,3,2,3216.4862999001866,17163.151895911014,0.43276226075939067,1,Moderate
4.092405621202422,818.2939175898679,9.231579420778317,349.5704872482359,417.38493531810184,0.1951063087582216,0.6250981884311237,2,0,973.4349862057179,6008.3767986743105,0.5445258451489156,2,High
44.959585474403745,2251.101918460624,1.5694650200377147,183.55595571374636,180.22474377214687,0.009788044445363159,0.17020783883816892,2,0,2761.6086665834196,9509.702290353878,0.5818372524575822,2,High
67.6802457083006,3418.4473470359003,9.75191549026562,229.93580943463485,294.5544278789489,0.20634062828286176,0.866452171726252,0,0,1923.416293122766,19115.842108234036,0.6524769282592584,2,High
28.741152446043877,1156.0433027441206,-2.550661043486535,207.47117516006037,398.28954685194407,0.7392099286160319,0.5517640185396393,1,2,2790.1351955101554,10481.927472776772,0.4644507754904607,1,Moderate
16.224958322312027,1667.2966135226347,-0.847467348211179,174.3337546007806,400.1267151900652,0.6120772479346157,0.9042095480132644,2,3,4662.181597316999,16968.66540735998,0.5097594229474376,2,High
33.19330094496115,2391.604661637502,-3.508426816694417,304.54537155228456,485.5185245153218,0.1681049289099203,0.002631644021484747,0,0,2429.0029522148598,16527.495536260438,0.4135578421536735,1,Moderate
3.6272033286585654,1941.1213592164588,-6.342246982068946,232.02904884132965,207.9071816784608,0.7974898613203727,0.6299881135929964,2,0,172.64411886061592,18825.779441954266,0.3737773952269207,1,Moderate
61.536568836020614,2967.6545054107673,-7.136705844448416,288.4724153479702,473.68486693325235,-0.11768410137078635,0.4124578468548329,2,3,2904.589931397219,6114.012863179934,0.8263599377893752,3,Critical
61.975560821264004,2689.925201996354,8.901583956156639,283.0910171768688,292.10146433931465,-0.14527082944499248,0.5050990617494575,1,1,1628.7276508765897,868.9135249406887,0.7291487330203393,2,High
44.10003475722213,298.21049313201394,9.736213635975115,68.7762578359063,418.59498063241415,-0.059782609736234615,0.7438045107802853,0,0,3890.6744219790257,2079.074674931096,0.676683305834034,2,High
26.48271667037921,3494.6321953408315,-9.101810069825369,234.05887170635174,300.6456590359077,-0.07189976855553659,0.2271517483366896,2,1,2349.6423514733774,11425.950378238862,0.5377348740993346,2,High
59.98375233343375,2658.1683426461886,-6.9930825053646695,71.87328690528028,571.7355933850188,-0.10338225348642543,0.20489943521438803,0,3,3706.853689158211,10605.559443215056,0.5832755586764005,2,High
41.60152685912754,3037.271275399985,-1.5295181539795486,209.99537216775752,148.61624560790443,0.5274768731977917,0.703007817737143,1,0,4544.104976741569,5969.060663480907,0.530237720784998,2,High
61.944923141251216,2314.0722211241778,-6.273330473111853,243.87648640066817,421.25279872029637,0.46092661762096626,0.5213657589441801,2,0,1811.369956362255,4974.265947986513,0.733669820466175,2,High
47.35940944372655,3011.3694353589917,-2.722392127462334,359.00462577153127,367.0942504224874,0.5123660616398862,0.23363909806169036,2,0,4946.889561954018,14187.628592258952,0.530677030865873,2,High
58.8304104909598,482.102114757612,-7.418073002807333,10.99511213390581,145.00207252125955,0.5572026595782331,0.4840186346694154,3,2,749.0643296989258,6810.05744005186,0.4693759685196941,1,Moderate
44.892224491331994,1282.308640901673,-0.8697648655641963,32.847261880939534,86.30348469641736,0.6325677277287478,0.45955840577715956,1,0,3219.658409465943,12079.035718656094,0.45305678121849746,1,Moderate
31.060580116174965,3079.831208255275,-4.5661076766148145,27.729610693643338,489.529413934415,0.027894620235051404,0.6914444274153115,1,3,173.83801565622414,14245.871730165542,0.5875104370292542,2,High
71.84593949446031,785.6277183074336,-2.961898884826784,143.41006305602642,136.59823350544585,0.4845338645582798,0.0026611036192794035,2,2,1065.2833292556795,8609.30754599622,0.5710346247317025,2,High
40.58353686591335,366.0231351720773,-8.113746970745048,295.7718101348929,152.5786755321768,0.4380535252700107,0.586760265771483,2,1,3168.8929572828756,3868.125309531221,0.5783182005473675,2,High
45.38171389054038,2779.6043958137443,-1.437438985797165,303.8602798033688,588.1388231939717,0.8380260283838212,0.6056781505122755,2,0,230.95869780548338,17215.603221076013,0.5412712135739708,2,High
16.536572956106195,2940.652929187207,9.665152219231395,265.3126544596146,444.49346831214694,0.055604496663613445,0.7455101371879198,1,4,508.93542644179337,1870.6189849759603,0.6720926276722272,2,High
46.923809207045736,653.0175418456621,-3.4233390623761935,322.87616705878116,187.76776288067236,-0.13540477218823546,0.8892304660354491,1,1,1455.0529745760698,16589.41365847533,0.6396766460600045,2,High
42.870573711220786,3004.7763414612327,7.528585496848702,116.22957990100291,375.0219280833807,0.5188445766859975,0.4401897971116888,1,1,2878.1856799112543,16733.591522952043,0.5728560726315002,2,High
13.862879846026871,2435.010505030377,6.8639828324737024,31.735671930827685,343.76151112138234,0.6141901242603831,0.3425202243088844,1,4,79.91277695574561,11419.98530437498,0.41753351274274636,1,Moderate
4.469032301485779,1868.2811229363854,9.041168365944213,20.935090076346043,514.4602971326162,0.11151560638830577,0.10232037751128631,1,3,2411.7712878890607,12589.521028472573,0.4039262641294502,1,Moderate
45.32694897860783,2922.850655456709,5.80219024534189,306.76777906297906,451.1264113079434,0.42793327403363596,0.33683584489323304,3,1,3128.718743725524,7160.341221688184,0.595530206770698,2,High
57.27692020127404,1525.4474476844837,3.1919365411762985,262.95706596732884,507.44661902125216,-0.13451032791243436,0.0684846644444077,1,1,2012.6139441616476,16831.684442528447,0.7068048368155156,2,High
39.255102819150615,759.5794511595506,7.131688884549153,251.50151016400352,166.32862338754933,0.856049325285118,0.8028202053414548,1,0,338.19903739453815,5274.07371122778,0.5205210683078556,2,High
17.00794689897343,1068.4991004760864,-8.487106386853007,122.28348187644077,402.12056240185285,-0.07908252937091452,0.8070061478458365,1,3,3054.3731759821057,11195.521273562292,0.5951712090116773,2,High
49.98914825197762,1817.5576621972702,-0.7433868560238448,136.76586790256144,72.13247213010918,-0.12567241023280473,0.41723765729477813,2,3,3029.176984572337,35.89670920110643,0.5309015292760104,2,High
6.007929495720169,1906.5246950887974,9.785124772301177,344.9208704037549,87.91733675357105,-0.15147882455591904,0.25964123387649085,3,0,2530.211775172515,18796.862118437042,0.23710754955445001,0,Low
33.1375278601466,2838.9748099001945,5.392003025894645,22.969707875256606,442.4398679875285,0.269999097153688,0.11802007545227178,2,2,3465.7273779776997,18965.930484201483,0.5031238127126069,2,High
12.252506879881514,2790.5992604179373,9.241507560744463,278.5434252976053,63.431056454162245,-0.09312428219709097,0.8512371660218464,2,2,1039.0086657664217,14208.333702941289,0.5606213354048722,2,High
13.834428829491252,2076.6462944955547,5.592687122669581,111.46799653502153,368.8707548952801,0.6191130650511327,0.8774952783854053,3,0,3392.7037117527884,8464.796637131636,0.5168726761682364,2,High
15.172046186865273,2754.6706434426196,7.497639348842885,14.05966262852019,512.2228041444915,0.7887615766890463,0.26628961458981404,3,1,807.2736982512629,3572.222027432859,0.43735841054261193,1,Moderate
29.003029278298342,752.0297581984813,4.130592646063819,267.32523986728415,258.9679946299157,0.08624082555734275,0.6217605484677636,1,0,1963.4681551739347,9849.25772080675,0.5327522926252255,2,High
3.8362654215298218,270.21939211720075,5.210040088344796,119.12827884421486,74.66224026195204,0.4916504311765388,0.25865366479038865,1,2,337.8332313929905,15828.209446944744,0.1974125991151605,0,Low
29.834508069682364,3070.3549969579803,0.4635601967900129,259.97310674740675,442.61609729579976,-0.15342770828700047,0.22512662714357878,1,0,4095.6366604010336,12105.47243688052,0.5117768746618426,2,High
38.37805853360256,356.88527879341655,8.484754016282658,254.75557792252323,561.3275488552829,0.22522091886207496,0.021208050631415287,1,2,2691.1671050747045,10549.931429015174,0.5612565592074185,2,High
36.24707137247439,938.7406611295908,6.500778212467232,192.52327515592143,444.44426563204735,0.12223632477050123,0.5771594175860625,2,0,4855.246011818442,16988.88426653361,0.6322186311332384,2,High
28.708807530228043,2464.0844287229074,6.877699313312643,279.85432651579754,368.1459836515264,0.05148100608439471,0.1499415431855572,1,0,4711.633005385405,6262.67871818742,0.5070097702787921,2,High
62.93599560530644,1492.122987932851,3.4601820192610475,209.17379670164763,176.515856433483,0.5091958385915691,0.012371182866931951,2,0,4992.805681159259,17199.279404826277,0.48730242744399743,1,Moderate
10.899501931537808,3079.46749771273,-3.90840105825502,103.18926702537385,58.456593224473345,-0.056749259005610064,0.10485116433681729,1,2,506.3308514111986,8789.06805476562,0.35484756713576643,1,Moderate
37.927255783603044,1113.1313018517164,-9.287404092197214,264.28150838319084,432.0696596634793,0.7467815756266873,0.3137691915878138,1,0,3032.90189268331,48.27662681979206,0.6508066386776434,2,High
4.6531062717415725,140.3625786758216,8.713102588190893,212.09033371598048,177.06439671436112,0.5313194970056081,0.6691631901117117,1,1,2037.8760581708027,14638.840154001371,0.3665670734480838,1,Moderate
5.336675915843231,1122.22917790653,1.7224069761099372,4.581821408371396,521.9894724502966,0.5818086965568638,0.20262305333212516,2,1,2663.32293701812,17556.86769290389,0.44663121714342985,1,Moderate
43.03993872578222,2065.455167228428,-4.037140577037195,324.59190399731136,306.5002653579362,0.8288787395234352,0.8875905625316718,2,2,1543.8368300165912,9687.216780385428,0.5433065142367652,2,High
42.45138186658657,1378.1904763711973,-7.017297843049244,196.4317025967528,341.84957030485094,0.8366101586527663,0.28848841038295003,3,1,240.34419029214936,9094.95738310211,0.4639841177168226,1,Moderate
65.85251346333428,1918.567369579768,6.5904633100150924,312.7058155726314,464.6650993465017,0.4068175562011594,0.33122628942364996,2,0,3538.7513480349735,16108.968510619714,0.6417951795159809,2,High
41.840525674505486,3080.4336040390635,6.730403888951578,317.7852620336081,478.68683429183875,0.3449177990145786,0.2179771799519773,1,0,4829.085369165851,17695.494939122687,0.5345436230401555,2,High
71.98432653036376,3202.449184383253,6.2901593626106305,160.18799642463188,403.4579581943125,0.16891976904960115,0.2538053370718384,1,0,2661.909130422025,19488.402115795594,0.6843419375975149,2,High
3.6521136299947328,1004.3118198239812,2.901653839335726,182.75759872244313,566.1374984770086,0.5871287712227151,0.07413511455314181,2,1,1647.8997523094763,6913.005822411831,0.4694914194206063,1,Moderate
7.35057635855558,1671.2776091176625,-2.679692248162482,149.67157956321668,590.2641399762307,0.39202977567779423,0.2947705787161895,2,2,4691.391243659865,11893.775334699692,0.44983793386532644,1,Moderate
3.3049396177786043,1967.089651820934,-3.91859430439486,161.79723911089638,570.7869944060393,0.8261625877141372,0.859617459600623,1,0,1823.33264737428,16458.366897426004,0.4718755812295705,1,Moderate
13.895763775015501,3326.98235342004,-9.828904597636596,322.252977229822,503.29855193916893,0.06248854358386591,0.6884245413956134,1,2,4572.645963701914,10637.038470470801,0.640965441971723,2,High
40.59525832062586,3495.298885158908,6.6721511737648065,283.73184502844794,438.0938711343383,0.14127795487553985,0.8752682038656165,2,0,4278.454274125354,9237.066663853659,0.7601313387294725,3,Critical
48.4179136070571,900.3846460611906,-8.25134605012715,45.54924347360807,414.8292218349171,0.1476994921619656,0.10485901437935663,1,0,2643.5550287437077,11438.641623834732,0.5992407681372953,2,High
3.41888684615016,2571.7315625757724,2.6150999608153533,219.71080135443452,107.06259730629364,0.6865983000123779,0.4556166308421591,3,1,3384.3633333422863,7137.339985346031,0.2214184847028174,0,Low
70.94781673841995,1385.3056115928634,0.08149893680176667,358.5263905390832,199.31639075051186,-0.09105563497363243,0.22925487298011504,2,0,3501.587218078053,3841.5218819324236,0.6233770953777092,2,High
63.16240324877858,127.56786941312497,0.5337871785270227,214.39825244369487,53.12852294115737,0.3012140330878777,0.721215590556148,1,2,3205.458525136288,1332.6222681977029,0.5443201759470945,2,High
22.245936161781984,131.458576282068,8.534256906155466,282.913785213518,125.57542862869553,0.2703388106703521,0.9702378247258905,1,4,803.7497748597933,12199.615288943867,0.5036549570096975,2,High
5.789064766985097,1665.9244257116695,-9.367699774575158,276.8621304172215,291.5762124430536,-0.11954641688486556,0.8153594790502878,2,0,3463.8810585341025,7582.687229639886,0.5400828683140021,2,High
12.741530491429295,1760.3387042147376,5.467844492575447,126.11430931403828,130.59510293399035,0.2518766983987819,0.03527816675100637,2,1,16.090420558418916,17659.06006505539,0.353659498564748,1,Moderate
9.52083103162295,176.73696834970502,-8.958952032653858,133.86574897342518,545.9148780722169,0.36471578161237944,0.31665969464423416,2,3,3550.1840918963153,4459.18358204688,0.5662802679231407,2,High
9.246283447421014,2435.5532170326283,-9.236927881292456,260.6675118445452,493.13455193440507,-0.12838483824459546,0.028579690450523554,2,0,2774.180673126004,6214.233000178244,0.547955037843947,2,High
38.89212664993004,1099.6115212228406,-1.4036460371723614,179.99407137774062,89.38655164923503,0.3608483412891342,0.04016696693098554,2,0,1298.8021107141922,19410.124724538193,0.29497894466246966,1,Moderate
18.43855818700502,2003.636545222228,-8.738496513140666,205.40545528693968,186.90254350699632,0.8551616951517413,0.07951530416441388,1,0,4018.821723719242,11125.824094300488,0.3245449908163335,1,Moderate
26.860478739685835,1123.1248487624239,5.782879025858241,256.64608453134156,500.48953653632987,0.8768057554776856,0.2763269289705619,3,1,2026.3946943826045,6935.060856986351,0.4316658109696923,1,Moderate
74.21290000382419,668.2566705556444,0.5912618729667436,279.92700973405806,491.6753696079304,0.3848477564487924,0.30420276763813114,1,2,2428.885923080662,17217.88647616988,0.7290132266674334,2,High
51.323568669400856,1484.390711236176,-9.419224346804512,97.74596798390569,569.9978025647838,0.36660662586325493,0.4004535132348882,0,2,138.37277433567328,14867.501790705728,0.5908205435118733,2,High
71.1735500285251,889.7294402877026,-9.18998627036161,52.84575339730666,598.6512688895482,0.11405898305803058,0.40493109446629616,1,1,2006.5984288326306,11462.858678318597,0.7887612904831154,3,Critical
10.691741627483669,1918.3233215251714,2.253370594789587,105.04607282054108,586.948534782617,0.8968270188833118,0.771409011843181,0,2,836.8139624157989,17781.99381810859,0.43555905492029057,1,Moderate
28.660460612442694,776.0170029740318,6.122236353168098,182.7137970331472,275.5758921467928,0.10165208812774867,0.14140324357889977,1,0,1380.716559173718,1879.2304881522791,0.4510378234751322,1,Moderate
41.60488524617657,1828.580320591732,-1.2440093745045289,123.17087422693407,187.68064409111773,0.298191430483952,0.1577406158042577,2,4,1260.6974934336968,7889.878870598171,0.5522893114245886,2,High
5.756854641655352,635.0869505541497,1.0916134307124885,204.61059318513378,467.12560473488435,-0.19677253641705583,0.626589051672234,0,0,230.10396867046867,16211.002076514465,0.5223474908297444,2,High
0.3140582720968399,2381.314012251669,5.996589080998032,19.24766068522624,214.60009100921692,0.1841555200000506,0.5717421521924967,3,0,2302.4727262380893,7718.859879793232,0.3267553641334737,1,Moderate
50.28257503476881,2663.3881271008418,2.2101234808363834,183.5101481809562,493.5201980722314,-0.12141566933029373,0.15400470548211243,2,3,2612.962065649444,18534.730535234965,0.60001640877301,2,High
48.13646376010765,475.34039644977486,-5.50479524682361,132.47456649757484,343.6751017188584,0.6182072474236455,0.8522644268539191,1,3,2855.3131434065835,3050.4225609568957,0.722357560328384,2,High
30.809160749970882,1690.5282009269533,2.2610405173895725,192.48003176143766,486.66000137922464,0.41711589833292556,0.3290594141012074,1,2,2311.098852461774,6732.746124665441,0.5734385097329884,2,High
36.72330570240245,340.9637822265702,2.5655891813042704,152.11200775859163,201.73393384435573,0.4293890650164222,0.3669673485444862,1,0,4347.634470085368,8514.851242986264,0.4321929282330199,1,Moderate
31.15822504440672,2133.8203148428083,4.682139617622534,102.32130622951529,329.4150235546015,0.11516241448967329,0.4204600808345885,1,3,188.39872554321346,13739.241725399295,0.5226178813718322,2,High
1.8003783633666641,998.9746129607943,2.417483751136025,325.47884596474887,360.2130864812001,0.6963859192782711,0.32270187073893575,0,1,3069.043028966302,3906.9896418436765,0.2562355027990643,1,Moderate
25.152870466309682,1893.9231532516067,9.38484260916076,66.5153958316885,568.7094372460726,-0.19640198213562482,0.5574550522726265,0,2,4330.658398201415,197.2767075977755,0.7556975534123694,3,Critical
13.281169154796737,1859.3674319065901,-6.05423382565863,245.29160720900148,196.6286672567295,0.1669612970806113,0.3886477231581985,1,4,205.20120456180234,19530.186283744522,0.37326127516838475,1,Moderate
7.381814182602656,3242.8047770589214,9.021813591341527,332.8720965296691,565.1785316066921,0.5254472395047545,0.2594347259452876,0,0,2481.5349971211967,17975.141977917014,0.4369755534505627,1,Moderate
71.75403254170124,1966.8829567336577,0.7667898070003254,193.92118548675592,492.6724035061437,0.7987147911586132,0.9044748677107743,0,1,2945.135964409491,6004.441707755162,0.6547569509012127,2,High
44.95197937816242,2082.194831042273,3.4391228098982403,315.50705588861354,451.9917297476824,0.05807755261775638,0.30835074014015473,3,2,954.5287478833897,9669.616797601999,0.5191423751034183,2,High
54.6492213177452,1465.620627598893,-8.010768050956203,44.946532235982374,482.77864805181883,0.3952100569001599,0.6984889254688219,1,1,1262.5005441594967,9778.404207740736,0.7226808154984146,2,High
23.652280744958812,3326.8706508215773,-2.38848117243786,177.7639572923069,382.9837752340313,0.3917905625866532,0.3472267703568962,1,0,3927.9666877167606,17384.511112525244,0.5000893641625177,2,High
29.48603471205114,2742.432092094673,5.387582929263452,164.52910097313818,184.2440057543672,0.76159180594807,0.4352199868774719,0,0,2836.988908547601,11941.202822933095,0.34816994083696307,1,Moderate
17.76929954225426,1070.3779870296612,4.138220301979807,2.9227705333181486,154.222232861919,-0.14443142148417343,0.23594352340133162,0,1,1578.893486210315,16528.620455157397,0.30841075186507433,1,Moderate
7.272425322406856,2970.312591639189,-9.197212236691797,159.57264288936042,526.4877897177148,0.266923117177778,0.7523296193872542,2,0,3823.7761113863517,18239.88302690098,0.5826861048943557,2,High
13.427372808118784,1570.147624629306,0.9318852699448925,132.8507122977352,448.8266714277083,0.0007122422711247078,0.7372032514262531,0,0,3733.5778710212285,11319.062634251955,0.547153729507081,2,High
59.81355339723644,2917.4682880142195,-8.23443614063181,241.12754199886152,167.26235551852199,-0.17631413967154216,0.02223994580810018,0,0,1727.0089265419454,5709.649354774116,0.5363238985504264,2,High
50.81593538878319,2897.8194321979067,9.917128583563247,337.7987202875467,388.30135123092083,-0.038265965427468907,0.06019404030129183,2,0,2443.23815224637,9974.15611685958,0.6499849954132851,2,High
41.01966569891077,742.1586349937049,7.945931770665894,30.884791774333145,296.1505647778231,0.8741177401330191,0.9223764547449396,0,0,3322.5946676879853,17017.392174483684,0.5512317667232988,2,High
35.6317404650076,2483.8798467041615,-9.57838679142926,117.89149921726431,137.26034347970165,0.03633336047229471,0.8888268472378508,1,0,1716.2460894100795,11672.383487965113,0.6215214721290928,2,High
69.18257127420934,1088.1860956422056,7.172991578052617,159.86330546193068,342.5214101464404,0.82853385066938,0.5060871927785303,1,3,3145.047055005885,17914.438134683216,0.5972694308734596,2,High
5.4551210834001305,1111.475077975072,8.388592011168154,163.86673609237798,204.8355008565295,0.02577977689403585,0.49335739155833647,1,0,1255.3686536588648,17908.720185639628,0.43981868043106,1,Moderate
21.0450609928437,1107.5834613939746,-2.929035548730898,278.93149950321134,102.93426828666435,0.8244247501229329,0.8124241743837926,0,2,1460.1041374412948,7467.192400926761,0.37636066300686716,1,Moderate
26.245339017803555,2566.932041703824,4.390033100955318,159.62243970003868,306.82706419997595,0.520083028720346,0.138450146884879,3,2,1553.3632168722195,8962.277911921563,0.3804162005378845,1,Moderate
58.68193591595909,881.4085420946227,-1.157925075844421,9.778068523315211,374.559703651459,-0.07545956474788056,0.6536991213459591,1,1,4680.273852077569,13558.275204819392,0.6930894970400323,2,High
74.43859651214785,103.07983983670677,3.104649691526882,255.63747405341928,75.79852570963278,0.44010667063923553,0.47598299448725956,2,0,4168.360710538248,2221.289104259798,0.6680542204927392,2,High
18.05028860678648,2531.805301840953,-3.1936519140361703,318.5386902524418,271.15101217604825,0.1503654412943065,0.7433310293156229,2,3,2825.82987794584,9311.14434877512,0.48012763581973195,1,Moderate
65.57305006028105,682.028129039426,-3.548815267334633,185.00569651788223,191.7140559101769,0.22146847157587723,0.03010279131199045,2,1,2819.361047057696,2987.708902862787,0.6558394879584947,2,High
62.29670703238435,455.2401440466378,-1.5113222228484187,209.19906781146193,66.85782488897783,0.2841880536184704,0.5927255497239385,2,0,280.73261027571186,16959.12368252733,0.5685124203897799,2,High
16.849304823132496,907.5548100198044,-7.088644826949977,58.65711802885659,119.11440228632819,0.264977724783368,0.5567282152155576,2,1,3247.5403163525575,18855.688615353116,0.4798522725441184,1,Moderate
29.949943514941694,1391.6617758971936,6.622779288707651,79.43254008442453,126.46878735010765,0.5305197795313319,0.8408483295891853,1,0,1640.5992866412428,2830.9775106291713,0.5101768678960257,2,High
30.725465196938934,1718.0815134088825,-3.026042092767267,84.66128608486024,150.58083646488413,0.6452048754498394,0.6768362975550278,1,0,3061.496810650398,13346.82850791779,0.42750044026522105,1,Moderate
73.36655013949188,251.5381384229448,-1.997008921883097,155.0671109572663,491.8576642908567,0.1620954581212335,0.8801603583956376,2,1,4201.168738856181,12730.864581970296,0.8306067748792768,3,Critical
13.566892603417374,3399.9493309330255,7.8810922540428905,334.13227952243113,291.7205265629766,0.8168003578542589,0.8872733216425589,3,0,227.4915292999241,15201.49602069324,0.43463619057084624,1,Moderate
59.93684783285865,2534.6143816264976,-0.06752371873657381,187.84251601735897,130.8972957487128,0.8323129454207643,0.4081640008997178,0,2,3035.3175170546547,13915.593057441329,0.47433671954051526,1,Moderate
25.064453562983243,1198.8598221027428,0.8850781870172586,69.15515227248694,105.16333181033909,-0.15524051913374226,0.13743413375181313,1,3,2821.0030728338147,4342.58070630793,0.4119906783828372,1,Moderate
54.81527593321203,1183.570674770351,9.129962495541971,95.79158491282186,213.8672523009715,-0.18360033222867966,0.630283655822188,2,0,1033.8327761471678,5824.253084906432,0.7249880165652978,2,High
31.500825322174713,1625.044667852762,7.734527662899783,138.24541070178634,488.9085352874488,0.26757296316616713,0.8737460984085104,0,0,3232.164744823395,3304.6443133621196,0.6839687203713716,2,High
43.3769822337405,2229.232397394312,-6.61066582223121,224.37323124940778,250.45291636680392,0.44970977608642443,0.07495334419476074,3,2,2774.176169726455,18422.879981233484,0.42888626437745025,1,Moderate
62.44588299945983,597.6684264024904,-0.5356994016378991,158.41193508144192,137.94354816166594,0.10569522219726779,0.5579232730846642,1,1,3836.6006201115906,10436.469302379692,0.6848629601511991,2,High
60.31241737379131,742.3613668008379,9.425924548570912,141.280143903693,272.26389985038793,0.08535512619435182,0.11499952665982394,2,1,553.0928407467472,19523.223041618505,0.6294515517348767,2,High
64.98173876547752,3022.077581634073,-2.5526740354279465,203.3022961436381,355.4213565078816,0.5461672126801098,0.026995991755201953,0,3,2218.036768520103,8986.437028656846,0.5663088607215743,2,High
4.471299400849427,971.2667412228467,-2.568537829675998,87.06059818360757,66.27130100090761,0.46187471312112677,0.6796353539408335,1,3,4989.664668840865,11054.463424855907,0.342874429201136,1,Moderate
51.90379147798086,1392.6629931156035,-6.099395364216913,28.405178130449585,395.2029907920952,-0.016138437507579373,0.6818496118721639,0,1,3446.4042410223524,15785.878439929495,0.5547894388321827,2,High
10.499053254132216,3062.324293230398,-7.713537717617496,8.789153335999963,267.3054141581341,0.7729510595916749,0.600658044996362,1,0,3421.491113182443,15944.473196439341,0.3503327329228297,1,Moderate
31.186392601380824,2354.7026199593965,4.806095815119635,90.45329884816574,55.34923132215691,0.5479736771771768,0.8592228039017972,1,1,1589.355501761715,4622.991845978668,0.4519726856347806,1,Moderate
41.14413112910164,1261.8203897617404,5.40060937403033,32.973132292008735,420.6391694205095,0.1988338740859092,0.08087643979347836,2,1,469.44052110591497,5765.657322595425,0.5300766785477868,2,High
30.205461356012307,2424.5784554637107,9.380259270059998,121.08262986747604,441.8131995594565,0.551987158990265,0.10526026169875935,1,1,4747.471876180103,1956.1367509507788,0.5110685537859829,2,High
38.970875685225565,166.9229322968066,5.46836421810726,278.25607452951203,395.8618837072756,-0.07608160455540247,0.8645354379794472,1,0,527.3570148429691,16109.290031506307,0.5876429228444393,2,High
74.73947315989643,2601.185044038642,-5.132950119328026,257.8659589752618,238.06161967913224,0.31508173703146175,0.5032767198862631,0,1,4963.531553021658,15877.230433866845,0.5634217971000921,2,High
10.141298528464105,1755.8545377552143,-9.19766843422969,219.93394420369037,341.28266973627865,-0.014117149484484781,0.27305280883823724,2,1,628.9048621096782,1625.1761631720728,0.5442522395861715,2,High
50.65920340023192,2864.8193007671684,9.708747687393206,306.90008779661235,262.93673837338946,-0.15442562925871972,0.7381569779852873,1,0,854.5367426296391,5148.651813701473,0.7828741227182165,3,Critical
29.70007247892114,3345.768016821992,-3.190986089127885,101.54434483593961,435.34195158783194,0.17215889731712974,0.894403722604402,3,3,1541.8347752501604,8997.34020192343,0.5204077290590985,2,High
9.975734918049659,3247.6810682815326,-3.760569151351585,318.61935109078763,370.9691024285288,-0.034190968171138425,0.6896032862029622,2,3,2561.875967447691,10835.578871658272,0.48395954676815495,1,Moderate
11.905257253073215,3191.5011477481585,8.11910419498765,143.7261010809045,94.98951260509736,0.49686975264920724,0.7919325966784491,2,2,3952.008260553829,10450.884381272876,0.4254522767539447,1,Moderate
71.19548296842127,1841.3778501752163,1.701997970899722,144.32159457598556,403.7014570204486,0.5414746834194815,0.2824972401951925,0,1,4855.041509674194,19661.505753882717,0.5464898423759655,2,High
65.97011225338215,1324.4831880723893,-5.702576523017308,145.92658090518773,427.98112788579084,-0.03643846315073632,0.28877535941054244,2,0,1794.1244047871623,15282.508996117911,0.6539474598690831,2,High
68.02814703112664,1681.1201040842875,7.781924854324792,35.31397184675332,253.88619933808468,-0.1729256938362311,0.8641238803546324,0,2,102.06546612579636,2263.7564444371237,0.7300213262988224,2,High
74.36495818705399,2445.6464112654267,9.867217101094866,351.17657939918007,531.6821795278374,0.6720916177986764,0.6148628486552153,2,1,3083.3976149790165,5870.047558821818,0.7964420357692963,3,Critical
15.623654250638847,3105.592441362035,-8.266428776983386,49.86244001705731,513.6578951647296,-0.1977372771985815,0.23416275167373646,1,1,3553.9493062438482,6908.544732936188,0.5732980871487671,2,High
26.65795030230463,803.7534302004065,7.245032566049744,122.71886080890643,146.34158814485582,0.17830439810216758,0.5241618154622122,2,0,1987.2210776783327,6302.961349015434,0.5391312074549246,2,High
50.191427244365,3221.8567387697904,-2.1896860463121204,114.94811531763257,547.3464696672277,0.3440416278502368,0.6858604714722493,0,1,917.3802448821167,15718.913129506527,0.6080802898054248,2,High
36.28519048954854,2871.612788697623,0.4814489301340874,26.88459581401547,292.47980432229264,0.7005064073922762,0.21854908125078798,1,3,1530.0779736901866,7211.225307780937,0.3988674707521942,1,Moderate
31.379215003375013,3428.1104516059977,8.296319515299615,54.8136468402756,448.06230894886136,0.7224145070207548,0.6549064082077359,0,0,3278.9985465995646,9848.534381770196,0.5043781523256359,2,High
26.83584370016948,3092.8560291577364,9.467583915502345,16.149001026738894,497.7533538319798,0.597433384671501,0.04214484981776778,0,0,2470.9143488398418,10669.083356853705,0.46030155127262107,1,Moderate
44.533547395758916,1051.7869209524827,-4.756721791824012,105.26561768178485,327.8118315883294,0.07191738479388765,0.3036916230041612,2,1,3717.1201432612697,5408.473465766161,0.5758474925015832,2,High
43.16950714800615,460.25009856976214,-5.742984580801725,311.9964926504063,269.50606665394866,0.5922056277510879,0.6739718117261148,3,2,1090.8512226165712,6453.915935606138,0.589633284186741,2,High
12.109337554818007,481.6196447714013,-8.389668828169762,122.19919406545841,553.498252738304,0.07119311766463587,0.14934906548990157,2,0,4209.928091518581,15599.951376414663,0.47082126576010735,1,Moderate
35.38048781388293,1090.1592831661387,1.2359570532427604,44.52905954425652,176.96945411448274,0.03606901090487183,0.2221990306424989,1,3,779.4245909836217,17333.65927812891,0.3832024206380535,1,Moderate
41.51038321573874,2188.2246615474332,-9.727912090986635,232.44979261821047,191.33354274552946,0.4018407496535857,0.8790932903583893,0,0,1649.5771445622204,741.6020541342227,0.6314550467309249,2,High
42.771520404854286,2834.6891087303866,-1.7620340478012686,358.7763283397678,248.89117270739038,0.5467398882174688,0.6743210994316085,0,3,2956.038149276106,12103.0912075066,0.4563139425517794,1,Moderate
15.758039468426386,3157.45104373732,-8.532319666959829,83.63656423149392,522.706177883811,-0.14164305749715136,0.4989187102566738,0,0,3684.3159582623475,12668.710235485734,0.5770666631694221,2,High
55.670354418921505,2220.7615068553914,-1.8954843414133205,100.645561933405,566.3335453171918,-0.1339751387629307,0.21089339212745228,3,0,1330.907356020113,14746.184030950597,0.6887307731383372,2,High
1.8899321115802226,119.14646334338268,-9.201356214687815,349.86493954108386,171.03724311517402,0.6625877554984689,0.3414096565822581,1,3,4740.598677409205,13876.935464238533,0.33789050875970417,1,Moderate
26.6123891657372,733.477040163014,6.704345212175376,64.35946351817537,525.128581197185,0.7454469760620279,0.5743304982873592,2,3,3530.5564159846253,17548.489823266435,0.507231334881077,2,High
58.51594864017252,439.069093101451,-5.8052201212286825,184.03706428529898,192.0116277077131,0.4648850079760834,0.15531259390466845,2,4,1088.3751587945612,1569.4462450323133,0.5396556285882133,2,High
42.29196907915517,1335.303216934634,-3.433825792841761,86.27476788579416,583.8526857124384,0.2717108106775746,0.4817440798981889,2,0,3628.8276781428513,7767.444770594043,0.6716645023819721,2,High
19.587182438314517,1804.5933783547362,7.4009599321278365,335.6466832444478,378.57434058987025,0.7298481275591044,0.4089743941380224,3,1,3481.6684735894564,15641.788962803463,0.4150848529733714,1,Moderate
52.12148395072858,247.55040716710687,4.925321226644101,353.34756524746587,53.89755709606032,0.6016987360528632,0.47668734142761826,1,0,3763.4203590577954,16931.600238555184,0.4961724071552259,1,Moderate
42.5543208117055,1284.825117705228,-5.619232767158831,293.29122460320554,68.77144723914783,0.4375536182743955,0.10556082128029942,1,0,4579.403623632179,5295.368765613164,0.39024046171155025,1,Moderate
59.71827070922904,709.2108937260967,-8.56201162685008,113.3221736926118,131.11649194258968,0.15173283414363975,0.10649708704502858,3,0,3558.585926895996,11705.68088080284,0.4915099064550922,1,Moderate
55.126888964236755,2300.0385652801715,4.31347553710679,145.2554911009818,153.1652368003162,0.01779456782249786,0.9641109527463213,2,0,1759.5514644205357,3615.3003096860957,0.6962280698479709,2,High
45.7580941527176,1678.5260557027561,-2.185948986237813,87.23004611991169,472.1905175546281,0.26054034319866726,0.9793677337247686,1,3,3952.5873887335233,17017.886996984995,0.6383766999743828,2,High
36.613325648311054,1784.0799995752898,5.321599982364425,320.6728681232369,172.52123202932245,0.1155048335562327,0.42616465791181823,1,0,3479.3087890114634,14608.602981020771,0.5376030928959801,2,High
9.988659425064256,1554.1520793137677,-1.094104552495791,329.2409799677369,583.0278910274229,0.17318444650790704,0.7889954536508373,2,1,2871.295929292889,4441.301579982762,0.5943745420097101,2,High
19.59997634140378,3350.4670156543275,-3.0799517405544723,150.79343840857698,399.86163146161607,0.3671941608432357,0.6557914269230769,0,1,1769.164466651129,12475.463056311784,0.46043403343788547,1,Moderate
31.432460468781397,830.099425413315,-0.9758918357520692,236.35190516508067,430.8846300894348,-0.013996647353229225,0.11691685461838897,3,0,4605.245882041397,10186.407519970771,0.496909285297403,1,Moderate
44.94744652547915,1856.6584834691728,4.971179713413534,59.59914471888979,169.79908560686414,0.686794348081208,0.2966786573346978,0,4,2563.773713762224,5176.534624325901,0.4975069269693659,1,Moderate
38.52808914114786,2602.4590524421424,8.044405730807483,156.57692413082725,540.9884727522966,-0.03991759211375581,0.31365140864452046,2,0,3140.516885186175,17862.452029588185,0.6559101464933123,2,High
21.61383944696471,1993.2710046575128,-9.004656068228488,227.33967840245916,417.29801505096225,0.32909300336304764,0.5957744348592239,2,3,2076.8154401363727,2956.785953896679,0.6640677131815029,2,High
0.4848268342282913,3258.6710114371235,0.48223082453910315,138.74512266648705,525.4230933880251,0.6205684718884803,0.57997671231447,2,3,3904.0765440739306,9349.196052973653,0.516266489359342,2,High
37.217941642561044,1385.092409180366,-9.343291418322448,128.73582924712557,576.0646034771748,0.3335227784585559,0.9235086937027556,1,3,1705.1975319355283,11655.965693020096,0.7056041903980844,2,High
21.42194914216823,1676.4977396288052,-0.6318090995128252,0.35963721609935995,119.10253741027803,0.19712426994750265,0.7900363139762739,3,2,4053.171957544755,16470.912926541117,0.3490424014483201,1,Moderate
55.09562255329013,400.9758717300766,7.705656581938008,289.5456469597611,103.12297664792013,0.32238043640502606,0.8568476646029737,2,0,539.7071433579038,3003.598247351671,0.7596612719929126,3,Critical
1.795969895286262,2170.596977576557,-2.7681946715938066,320.16154032772135,491.87430462429967,0.7335377687615545,0.8912286136110094,2,0,3544.809470622943,12183.492163969197,0.5258191170609839,2,High
43.86208584793432,1079.9206927235605,8.649008421612866,349.00687063649957,526.3693325017937,0.8894748681123534,0.8012766725549804,0,1,2384.4107461553676,131.1948778970451,0.6513813168066395,2,High
70.61056781295491,645.0507343529341,2.6121694330121876,258.9376986249176,371.0687814828921,0.49425761821837916,0.3328812610571077,0,0,3493.7678146095404,16451.626284688624,0.5959534210722062,2,High
13.080695033362463,1951.4063958753275,8.683106875860126,197.56523245315844,251.30030126278632,0.6727884469135708,0.21501297133450004,0,3,2656.97821523334,4694.648982845629,0.3122971848066769,1,Moderate
35.37371180629465,1909.854895491696,5.143332508250394,96.94242713113537,408.94629984137305,-0.1840624452247825,0.571767338021047,0,2,671.5316385180098,14418.306279020877,0.6170409666177913,2,High
6.856649386285363,357.9635801617617,-7.931296667024754,359.74781134685946,218.1152399258515,0.7684008504770299,0.6895683164533187,2,0,2384.9577127521266,12037.555785896235,0.3460445523130199,1,Moderate
46.926143419601445,2473.9325418812073,-5.376972648746459,212.311027631558,181.1121306844075,0.8494547359207101,0.3865679689631658,1,0,4822.794853323443,1002.5476591541516,0.5334475556354724,2,High
41.28987604471692,2220.8254482128996,-2.1165909083298757,245.21546603896064,318.479865239996,0.4326862759333276,0.8483386499645102,2,0,3774.2030061839423,3664.600321427762,0.6005398205782334,2,High
30.552414315962427,742.6587613380905,-6.59786235975848,245.66621830391435,168.88460518350882,0.6291853482662417,0.9605665928179834,0,1,1500.9464101072356,5354.81391775438,0.42755688591907126,1,Moderate
39.10327661053059,1696.078531323749,-0.10176790446679007,304.2906464725853,316.0369845733451,0.3640192172560824,0.569395726137352,1,0,4720.570739534227,17734.55375978754,0.3994544193945909,1,Moderate
67.24309938517577,2549.097916027104,-0.5726368859701871,3.4821139848909155,576.1335780049645,0.11482411450114871,0.4565920622162183,3,2,3894.731385945538,9616.06777345241,0.6699020761241022,2,High
14.722072673330027,1900.0815178403402,9.125183960547623,79.28889855529385,511.88121958956475,0.7374727691813141,0.8428871169425179,3,2,1822.2356053907934,18270.06436210613,0.5197019539610958,2,High
1.6923383779010426,1444.6628590241387,-1.3254423420804446,239.59224006120502,567.8970057250123,0.45652038319553606,0.02426954698938666,3,0,3017.869828880925,948.9980108294826,0.3057431203891868,1,Moderate
64.62486635243258,1195.9507574752083,5.712536085759956,322.2524652568444,493.48093616604723,0.4373213921705477,0.12901261583424806,2,1,2133.428020181948,131.27747432235105,0.6644307779047539,2,High
43.28378117909298,2175.339146589782,8.838210897029597,246.72196149168823,245.1130147704522,0.5250454242253271,0.8456576590062678,2,1,483.45196945981826,18964.9324141065,0.5837431738677143,2,High
66.79938415963818,3292.969574254818,7.53977661947971,148.85686493772485,496.6248812033575,0.7416034824117332,0.7320285856479924,3,1,4030.1470318091197,14478.338134015705,0.7103292533785699,2,High
44.77089175598795,2383.9324576234435,-5.826647509768163,130.15997851329416,557.6036589542678,0.6050967383480608,0.41613669820432597,2,4,955.3906256376082,15666.335964273057,0.6659444678749349,2,High
60.762081746977685,354.13607236347275,-0.07940211492911509,265.6612829819953,570.86968331038,0.03223661363731978,0.888851857724405,3,0,2290.191480795225,18316.112282033566,0.7055659732800302,2,High
32.225502251636094,1666.328909839255,-3.045204354081486,266.84557096938966,425.75881787674837,0.3135058988480515,0.3514582876453871,0,1,3513.1906044428906,19690.773845969918,0.486968479938857,1,Moderate
56.23949484662016,3128.8020471361338,-2.0028260972556904,218.54087730204853,166.25165409831226,0.8783281651848269,0.6338453578669174,3,3,4661.068444134332,1954.2433582393958,0.5243063710214569,2,High
68.4781100167392,421.17224772369536,-2.783863475084976,104.92812867504134,71.85103435057997,0.4100167851390521,0.634334470325916,2,0,313.6304522353134,3165.8268824421198,0.6165222987669238,2,High
42.90922227916547,3462.1774212676473,6.527184203500084,333.0557346205957,130.96012548808568,0.8320698888178786,0.18433189261423621,0,1,1966.167783920188,3771.468979076229,0.4351308759144934,1,Moderate
13.558886292178466,3326.8359383944326,-0.9572188975510514,198.6767791627101,581.05080484167,0.6947064349443617,0.284851736164058,1,2,3073.2386244317768,16368.353175710672,0.350177679323856,1,Moderate
20.159821127264863,366.1332344815779,0.47388664489376353,284.577248249399,304.1532533060232,0.5326257859896348,0.9160069226960857,3,2,3896.5465272597266,7110.998263984951,0.46452421724679066,1,Moderate
14.898343267305433,3273.605289528487,9.648947140941495,77.15097437825939,520.2423081576317,0.18430172292573077,0.18341485379341704,1,0,4604.655880502506,11865.428944658714,0.46111153181106806,1,Moderate
18.51427706967997,1334.6508068821715,-8.80041455616967,123.85468390130202,305.7742844570601,0.1347512822779829,0.1735746218476245,3,1,2.486575265615576,17104.438240029613,0.4047927389985657,1,Moderate
22.98115870132773,2972.0111680579325,-0.24084720418502314,314.8486258994433,413.4496709029117,0.5077631718273468,0.47961547373387403,0,0,3138.8169134938876,13663.196795090065,0.45375549252215197,1,Moderate
41.635034006489136,1522.503348225123,5.481234138922321,18.038530778388626,63.277427417283505,0.2758173649310519,0.09219736823784097,1,1,34.684625973316344,1308.307879469981,0.4516792033041284,1,Moderate
44.09937220978746,1598.907383188554,-6.976760836235469,184.43351205239836,187.42571849565172,0.6786289850984,0.8946261889843734,1,1,3936.276437703984,8913.477134496468,0.559317568904969,2,High
31.987481043139585,2256.426509323645,2.2306318922954773,173.41397274384326,289.9481040234241,0.6365024134942154,0.10014913831247108,1,2,748.3329850718568,1350.0010321457646,0.42813271708356926,1,Moderate
46.15655848656266,2733.2232255383433,-5.210704409310665,270.4428680069096,396.84707593478976,0.14334353541236572,0.6165574768407944,2,2,4473.103196722629,9576.870893711182,0.6997568274059351,2,High
6.1181194208524445,214.88311322404536,7.348082264491353,101.48175741575966,144.33665342924817,0.5730016613679383,0.3397818564453181,2,0,775.6211787301936,4386.054307860012,0.46504535660792656,1,Moderate
6.584117779361998,2116.7303847922567,-3.4580066919984143,78.86405586945581,470.5033053487695,0.3440052091069025,0.8042728854710338,0,0,3821.6449095629,26.163990501937295,0.5230814245299789,2,High
12.887209526824384,734.8921799310614,-3.418743661981809,333.40782195836414,250.42258837493054,0.15562131089539677,0.5898107457675386,0,0,1446.5196390697581,16263.0358358409,0.35826128571698607,1,Moderate
38.855812353025854,1276.22836073489,1.9638775703578695,205.81547470504734,499.58939807863646,0.254263252041104,0.38830614107943817,0,0,2786.2694091512703,19387.65688805719,0.4942807480631924,1,Moderate
16.049600902373516,1283.093464927736,-6.328741837601825,37.68824458211562,103.88299971728702,0.7848870539334882,0.9838729845448108,3,2,3042.1711755231613,19282.653635418308,0.3150138947747782,1,Moderate
21.2463302619433,1694.8051567519224,-4.302227221938779,69.49301839715558,423.86612322530453,0.19546946133479454,0.06623098846553066,1,1,1033.8032432356836,5983.703875266475,0.4105670592375353,1,Moderate
30.023462712974556,1236.0638003789895,-1.6673629976117699,359.5773814251294,211.3305832635806,0.11613920065140382,0.5777863032306767,1,0,1493.4844176302736,16575.472201256864,0.3536171088058734,1,Moderate
60.889959300778486,465.0278027322704,-2.9272427371977923,70.41923865078927,487.46074576743985,0.1869879427811516,0.9895683115440449,1,3,537.5389121859575,13575.538028298351,0.723222680048765,2,High
1.0396601934645089,595.1377109865349,0.4975443601116485,219.77118408732434,271.1937348733258,0.036080279829560885,0.6909526432130171,2,1,26.445026885410506,16001.527805986729,0.3563889239025735,1,Moderate
48.70341151774668,213.68915090773208,1.9928028813793262,151.2461084384225,415.94229774496154,0.3990984861359616,0.739769631642193,0,0,1197.3401925803157,16924.760965250538,0.5651045675814257,2,High
50.1657398280514,1698.8468901177646,1.3333490750032908,318.8156741459407,563.8678977500604,-0.03781992004521456,0.03209114457948592,0,0,2580.011779195185,19605.574781026644,0.5188828797312818,2,High
59.89918352674774,3345.122162500161,3.0833662398386448,271.860693226318,61.344647607570394,0.699188165080608,0.0213631630969624,2,1,3567.986297124907,3034.59275334089,0.4339555930817453,1,Moderate
69.95647042952349,493.29576040359626,-3.8450096678435948,214.90250265425368,56.1142302839055,0.04813827197018872,0.03611011198219283,3,0,3967.798125459659,15394.920479686038,0.3918709545498147,1,Moderate
1.510338671196737,3317.2992762104786,-7.471475456899439,3.866033447273698,473.6535886971924,0.45786053029361024,0.9917239021762321,2,3,348.82980368321046,14683.072081640084,0.5313059164219018,2,High
11.533777913491214,2593.429150089118,5.216150828621542,316.72627469764547,405.516178329443,-0.062471951188117075,0.9795197607408515,1,1,1362.064432744457,5754.716753770348,0.515974666775194,2,High
66.46284705419947,2267.495929976155,7.015607652613639,160.08028950193787,211.13884627743798,0.8762984630357591,0.33450892576426183,1,3,3851.1198937083223,7851.75111606897,0.5856677024497463,2,High
34.38889216402615,2293.944368100114,-4.859875355551355,335.3679550866876,321.9181865258443,0.3000330047830119,0.29098181626582886,3,0,2404.3443745895447,3535.16095348986,0.49520744507728853,1,Moderate
42.344297920009765,2910.874004547359,-1.8581608768396052,178.39404462751244,73.06461607937781,0.704388474834696,0.14595874551784427,1,2,910.9349366327585,18265.46386171534,0.31705125512731636,1,Moderate
49.72704027923606,463.5275388913927,-0.0286156607288941,249.92081610578117,155.84508294868243,0.6455126192149823,0.3291402991647584,1,3,1961.070039482456,17586.71449598543,0.4623816199891492,1,Moderate
50.929995337172805,1816.1647001228419,0.6665368550587285,24.945353807991175,283.4730059899421,0.5850623518602467,0.3701499305472703,1,0,1350.1709544997798,12280.700292028438,0.48797014204946226,1,Moderate
69.88053024873811,2470.109870086579,3.1898034217530373,268.2545952696429,508.7244289218153,0.7101013583250708,0.7482828167590336,3,0,253.26752627110426,10232.59999769413,0.6954768310389304,2,High
74.77120630587522,2095.1895132501168,-9.167935332893574,121.67857127229225,313.81695057304665,-0.08949003047432359,0.8662935529197348,2,1,3818.1357279903423,4657.767207668975,0.897123386923818,3,Critical
54.01180956982052,2931.4488414792017,4.429541654680341,126.48924515944111,372.4993774892883,0.5463469172191584,0.7467351197413881,2,4,1458.4683046007935,15792.071140599348,0.6270780638589569,2,High
21.54159069038631,345.72381063859507,-8.760579860411795,42.71610409538038,530.5645855965793,0.09240995880115926,0.6464751010955725,1,1,4725.656639665298,164.0982464078422,0.6298101578621986,2,High
65.98143017207578,2448.3835342971643,-0.6342286465426419,52.86857351047282,219.8504024738649,0.6644588304732488,0.7659000780887979,2,1,4440.625202230093,9255.733831440963,0.6299849544134675,2,High
3.6915685905571207,1915.6942833080402,6.553422711383881,66.87326023423564,435.3846266061307,0.8525556358326778,0.7384974791518053,1,2,3581.38740116854,17211.02354252714,0.35374133882775527,1,Moderate
17.331063965587216,1389.1469375318077,-0.975693734432074,118.15422068571206,523.9169922730393,0.7916384828269654,0.4757496937303948,1,0,1633.1719361315445,12369.70668865506,0.502085989362068,2,High
67.30392880977861,1256.934939595705,-7.018205024635044,321.109168599218,161.4386353828972,-0.07355255527896729,0.3358514024613578,3,1,1399.6177634052508,12702.456831432575,0.5988797266965903,2,High
19.21436358295162,2210.830951432256,9.700676900119195,132.57368576282897,246.06299083130787,0.20650766274010313,0.28278071687759954,1,0,2376.357400792007,1414.1485123888842,0.475263027510188,1,Moderate
16.548829471631134,3129.3842737905,7.785709241485264,260.7705743627586,588.8955956391453,0.20075503291735974,0.6793554595127816,1,0,1773.0125016382042,5734.094588918104,0.6999590871669924,2,High
10.359396985518543,1786.998148743792,5.42627266450028,29.789101400353704,590.7702106379161,-0.06547410700451634,0.9593041244452252,3,3,4505.791620127299,13477.24411192364,0.540984145199621,2,High
64.43338182351874,2904.0587578615286,-1.7697679420157915,212.79556773791734,172.77646166166585,-0.09206134131848981,0.5810547189356301,0,2,617.4756964061728,992.3460250616545,0.6838209845514587,2,High
37.504369439331505,1467.3316982694896,-6.323085462214044,173.48084325735823,86.54521139094547,0.22337914846609985,0.9125265024722661,2,4,3622.3378780752123,6618.715069712691,0.6233578750234954,2,High
50.61699022906161,448.14117349680026,8.828223628370026,352.06486090362165,199.00688622052908,0.8912787055461626,0.01422937097294752,2,0,3054.4839716292886,7078.891271197387,0.54234097386003,2,High
17.929978805627226,309.11950395937106,0.647022530342781,304.63479715642666,268.752576517028,0.4258369161729027,0.7944706467360058,3,0,4031.505956681839,9974.36778068487,0.4011349108142906,1,Moderate
56.853031575841236,274.53686250050373,7.047109207749703,163.73871807791392,292.55308051214,0.4839597914646819,0.8536026579600796,2,3,2712.4366337510332,7247.505047693275,0.7078194582077996,2,High
57.00041587215739,1392.5104826560778,-3.1580998848114845,279.05139505632195,390.343469031733,0.31812080102055057,0.6309938379436958,2,0,3147.7033880773843,9082.350749278063,0.6706979874883487,2,High
23.44485186812251,1246.608352841863,-3.2942336584105885,69.49394686575991,544.7265180723505,0.5285636075344251,0.9340609993617296,1,0,4813.703159832377,10939.946928912055,0.6205254459887399,2,High
30.801197475771215,2540.9858803167363,9.710809613480784,202.4410778610401,231.69140654893934,0.8523282888192467,0.5899129928812996,1,1,459.8077634958081,2566.9568307307422,0.5180609343890368,2,High
15.726770807265064,2625.593105388544,0.4366609698969963,26.862860004734944,517.4914945245646,0.447567748975831,0.2405369025267493,3,0,524.3282940853167,3609.5082934799416,0.395248610858359,1,Moderate
73.24207674921782,272.90349403471544,-7.186091522785074,125.3120516106059,101.4134065096448,-0.1284576943066874,0.21571722944819427,0,4,1968.0384236394877,16650.21988711356,0.5506867586468815,2,High
48.42019327938087,851.8190938226509,-5.606506440105852,81.31038538398131,73.0310844352681,0.34217962608501856,0.5558362666927152,2,1,2363.663967004964,9195.358849395952,0.5492577219383031,2,High
70.09079105366366,1032.4902905402591,-0.36111441214558404,258.8075335170759,327.2248507179037,0.8920264005771465,0.9064839304962109,1,3,999.3602103133131,7103.041476928871,0.6309449963795177,2,High
22.75391577218499,1961.8807460855521,-9.150581790231772,176.43264883717012,82.8142228318327,0.22614299265368965,0.07236794575507699,0,3,413.3389849143443,8677.630283633584,0.40736515921006367,1,Moderate
58.64181847476673,591.3517612836308,-0.7493202924339908,270.38537238528374,265.86939067882656,0.45326936093591946,0.604390512210911,1,0,110.88128282079835,3496.3710562399197,0.6246079091834087,2,High
57.43939829135565,555.4001459600013,-1.6211831583974483,185.50635754732042,543.2279642780788,-0.0826995602283013,0.7698034729820246,0,2,3822.9612522291927,4796.945095051979,0.7629986928508655,3,Critical
51.874173889990615,3308.8822233070573,5.58672530638974,31.13439917458987,182.81566991411034,-0.04470145138977641,0.11540206962356914,3,0,2425.2869683191257,10310.470851330689,0.5081795501908948,2,High
72.42292314501003,2834.2898848124555,-2.901160710215165,264.7323539037096,438.2866763186967,0.7621495984693589,0.11676969071201293,3,0,4217.017149165846,7178.529926029289,0.5421119435910496,2,High
29.516650207973665,714.226667109979,9.650975230791985,299.96253503561,216.3009658145368,0.1303790910767726,0.36612799666958806,1,3,1804.1861751928545,9509.122060104224,0.5338183899456104,2,High
9.803799269231797,1482.3305468786693,-6.384601613981937,325.2712413286053,74.70603038317458,0.1359964006900523,0.27388117354971686,2,0,3517.230650139875,2994.0934564307863,0.31826992557068656,1,Moderate
50.378164443304556,1309.1147974757228,1.819733699362697,205.91710031041492,356.1798197756701,0.225934295602561,0.19831415889368975,2,0,2442.6026118158024,3129.3666464606363,0.6079602529809564,2,High
54.69823503579046,2789.413851822385,-8.206014059834907,271.29072923981823,509.16941979521346,0.8631265401949748,0.19869417361134523,2,0,3060.349993065952,7678.860392652589,0.6082948958914032,2,High
43.1295430094111,1834.723916025615,4.677279679879639,270.73596127774573,275.20764658844064,-0.10717045435943594,0.13066903242483585,2,0,1850.984205605577,7577.152653907935,0.5399049832663579,2,High
15.51134198500472,534.6891057777879,9.89507376123943,56.06991352761996,389.51160455194787,0.7006405128064686,0.6108540130819524,1,1,405.84885223670375,17666.646870495737,0.4422405799513965,1,Moderate
37.83419562520165,2612.5730147312293,6.382772755032644,59.11944748544547,545.0129787117492,0.1757136641125851,0.688125603584087,1,1,4736.867911057378,669.0276147763474,0.694018360692891,2,High
23.414230242684706,1449.4191259647243,1.1140708144060252,25.518782091285402,484.33198200534326,0.7344148285840224,0.7029362268790446,2,1,4180.449264593071,19857.10883305087,0.49557592686023155,1,Moderate
32.05998961250168,993.9424419493,-0.30517285200615873,115.16890865050853,156.6320196660506,0.8909312144549968,0.5323539761386061,3,3,1559.4588657748698,19130.46118453004,0.3383049014287538,1,Moderate
48.391393188349795,1376.6953148704486,6.700599225336937,170.46309158678324,453.3611776507532,0.18353415123292266,0.9529062696655667,2,0,4793.51467771972,10845.019013159932,0.7479603266842251,2,High
55.89110570181259,1792.3723162634476,8.719481694214487,359.2432269915181,326.0411638380836,-0.05770799716640923,0.8805327775900658,3,0,1502.44365707558,14375.155239100546,0.6854689959119428,2,High
17.416851817600733,1266.592755817832,9.78413051596186,155.15760314454104,460.2817443373466,-0.04118695221877891,0.95763114266628,2,0,2214.9501010843514,18705.093149634904,0.597838728259182,2,High
30.3994020485215,922.4796268119766,-2.0692154487103176,261.4473318626535,321.98355278722,0.6346149800441045,0.38879547812717796,2,2,3775.6783034443856,5023.878117071743,0.4421379081699051,1,Moderate
20.187117824372187,1454.9068979335332,9.818349495890246,249.62292945811248,120.37699025956657,-0.040586292428049814,0.8777831599550246,3,1,1545.021241661902,6312.61216128217,0.5245356531045351,2,High
14.897371039640184,165.18789654965403,-6.88147495652337,73.61350209020866,363.45019567908156,0.08646372538810027,0.7628746994068838,1,4,1622.5398931786544,2218.4936679623156,0.5890381888274275,2,High
58.75404149968788,2726.4926767274674,-4.929004481361816,21.06257452179711,320.67369581853694,0.02483817802828775,0.33997290303401306,1,2,2050.4107938633347,11276.922346501091,0.6099634482208015,2,High
68.19395208277443,681.2126381297917,-8.219677505322077,196.56243055209148,334.856953502793,0.1912464204340808,0.1065932585042193,2,0,2341.94679801332,3188.9675134104546,0.7431734919558683,2,High
27.767413926343252,249.27568634416664,-4.565229670310367,252.1100132332114,533.3963495052287,-0.11819676733534379,0.6826212498968077,0,0,618.0812090671384,18617.412327947088,0.518126520470128,2,High
56.345919328032515,2322.5755558772694,5.358751032360223,359.37064446705216,542.1603756884383,0.7424167306479839,0.13645232412188035,1,1,87.45829009696449,8631.336942118982,0.6109318559684414,2,High
67.27464670233083,2731.3828380004857,7.058487163568994,129.09997882122147,299.4454087211451,0.7461609429810929,0.29377580700111205,2,2,4595.785964275271,18393.734524013515,0.5663827220406893,2,High
63.459315789767366,2867.019047415667,5.5778529020514345,322.6912423491948,300.6526227040486,0.2542261883309588,0.5003645764437873,1,0,1765.9431601149656,4101.998032681479,0.62672269505492,2,High
13.711004140441943,1777.9312210460398,2.6213155633539245,137.49568411290713,333.3528273799388,0.4732963259258229,0.6798825351484731,3,1,508.4430077576868,13880.729489726626,0.36240570769749847,1,Moderate
71.7218911135021,798.25182794595,0.2793302504529116,248.1882150349846,335.77410308384134,0.5061467279947351,0.9262276571973049,3,3,3795.8570107002192,12951.841561072612,0.6408043150467848,2,High
28.250733032209684,2606.574102649411,4.174085784272929,215.37105498613872,572.712929298512,0.6241839268805218,0.5932400448489966,1,2,1475.303354989454,7993.51360901657,0.5834461217578836,2,High
25.443049588037724,2479.0244623247463,-2.1833290146555644,19.07236558893489,407.1702570576214,0.3727590962984562,0.6714130996720948,1,2,908.3203710072352,17966.86254211852,0.5000334542727702,2,High
4.682349545833525,937.320495950789,6.826167029994036,28.21983370929306,202.60134718836918,0.3613696499858546,0.31001385015097804,2,2,4813.055164303331,8696.041018445127,0.3791821984214119,1,Moderate
36.46302405786623,3171.586369933496,3.5438018795357085,7.475072300805952,342.34523832469444,0.494434155061032,0.6872926164285389,1,0,4602.714457270548,3968.6106092903483,0.5833686242318995,2,High
8.176021173069653,454.8629574816186,3.9560939698881707,133.5002704538362,394.9729705993906,0.5733532352368653,0.4377901207300745,0,0,528.729289684951,19539.70762292592,0.4034243669574319,1,Moderate
18.64048656955695,3441.1400146105075,0.7187198625814251,268.48837755576386,401.87444655768047,0.18135941473217698,0.8569311828837738,2,0,4496.426049107773,8829.628059971175,0.5589934437228471,2,High
23.770696632546105,3024.84255732338,7.70457968422345,62.19194183666018,371.8898244310005,0.16340752059569663,0.39245051390147434,2,0,4454.337630016375,4161.459553554696,0.5824362463529573,2,High
60.6619742618763,2438.8553946288557,-4.95970532641895,218.10706861820248,147.75488504184554,0.09669024450550012,0.4682720216565569,1,3,3171.872764592381,7272.653209628572,0.5722254614378285,2,High
65.66164877969224,3291.749620151432,-2.3770469327789856,103.97800081118804,68.47625399372912,0.40373121084402336,0.43258775691025786,2,0,2648.690004450907,12270.189130743738,0.5403794274427519,2,High
22.684973809610227,2555.8579723006064,5.552851393553782,286.917344632466,235.81367880176992,0.19617125851134964,0.8111228343073851,2,2,1087.192589006542,10240.55071222745,0.5999105284035958,2,High
64.40235909334304,747.5537899021562,-0.14502207741324646,287.42261364107674,285.13718500813945,0.39434459447839515,0.9536991970119053,1,2,606.9213770293446,12702.34045660534,0.6933238985714788,2,High
64.29232030273432,1603.33086958356,7.7842802684838155,279.14922538791245,83.99233176684763,0.2465832424096137,0.327276300983274,2,1,3031.845254800156,13237.145570369541,0.587501379528492,2,High
57.348821278865515,343.1102827275602,-3.0720136047429536,188.94006496849565,498.2320359109154,0.720407600807927,0.4750279007620768,1,1,4109.786283614463,2467.6206342567575,0.6602355587141739,2,High
11.002133551138616,1424.8352357795923,-2.6133966236071053,102.4440156287466,239.24259063065057,-0.11955673627999319,0.7059262666932357,1,1,3443.2192727127717,6297.6992794705875,0.507284195051829,2,High
51.77421351755467,2621.4502671065093,7.774715787732507,291.39985579630843,552.4980103981775,0.42943165296514213,0.895381622034731,2,1,904.0021183367796,14974.019815765358,0.7445549109416122,2,High
70.87680484354266,1413.907393164779,-0.712593596359179,66.99620229812695,134.92555931324586,0.4331861256459176,0.4937006968460207,3,3,1450.09320125855,13007.344983069202,0.4671576090565817,1,Moderate
51.19053590753678,1223.000196591656,0.3224916840497354,104.31345673031618,81.31422631552239,0.22208904159256987,0.10889350822672728,1,0,2732.087935947597,1766.9667365216312,0.47995991569496643,1,Moderate
24.871263683087548,2124.2094565350603,-3.344725693286412,66.22117421782379,315.27385741247696,0.2631229840194575,0.36867138350132156,3,0,3124.9625877173116,6302.951709956837,0.4741177288663992,1,Moderate
37.543448807312345,3065.495398596243,-4.466601156418362,242.71565773955317,154.02113525413864,0.6801444969712216,0.550361885440113,1,1,361.26306253677797,18626.442987396273,0.44656541756734097,1,Moderate
48.42937825132902,261.78285465678226,3.1189742167678407,247.04497012169452,565.5696015678236,0.10874108128636834,0.4175246059660326,0,0,3070.258191223395,17240.253117668828,0.5836402511521187,2,High
38.29278065463777,1410.5994779791004,-7.603186769175922,234.9035974032311,55.666869149556426,0.7585441705687792,0.1865557267880701,0,1,3681.5969743181136,13412.857051590443,0.39866061695893673,1,Moderate
8.996470629822737,638.0185221718932,7.585452823658187,149.6165280712804,276.9408212824692,0.7859776345481628,0.03698949534321749,1,4,906.7892430391295,1457.276410728614,0.35220389594996737,1,Moderate
23.40480334890155,2464.2044524883568,5.584062735302158,36.06156259251597,559.7112742398426,0.5156812348424156,0.6874086660798949,1,2,1231.0935752653124,12141.10373175438,0.5180078706613598,2,High
60.17970229152244,459.4635054658586,-6.185034725883945,328.0210504254076,261.43001370137256,0.6501434850789083,0.9927371907771425,3,3,1294.4829508935713,243.762636792364,0.5965419873763105,2,High
64.6063534571638,2360.3463791728313,3.8803989164913073,182.78314704440575,101.21010433025342,0.47424228118993733,0.919206633896617,1,0,4699.051262879274,13222.528103393866,0.5854954565694309,2,High
10.297502453667768,1073.0149607128849,2.0526584257126963,146.50999016799292,216.5922185739829,0.37778502512125084,0.6832709108608135,1,0,2035.0806039399472,14624.2309801311,0.3823284703023408,1,Moderate
71.42900642990435,776.317166706564,-6.309298985267118,211.97696156938557,323.9057166089384,0.8633455296752528,0.8415298085164292,2,2,2652.8572819228307,9944.872392089848,0.7077290074197298,2,High
24.6616963386457,3283.5986966049504,-4.535929878995351,69.4045568948781,151.8334280388332,0.1109204606502106,0.25572761846719316,1,3,3621.5717485851205,76.13288802037266,0.5222884946167203,2,High
49.673530404804,162.98356093624994,-1.8202699253233128,47.71756047775478,306.60893782879407,-0.030433958692576646,0.6224344360784464,2,1,1857.3013169348467,13332.202368077775,0.6513644543406091,2,High
56.386885946751086,1588.4427244245344,3.984854704909477,145.9890797248597,509.98875768221063,0.11623389945676682,0.06060421539896543,1,3,527.7777347217749,16394.801710778214,0.5585821209119631,2,High
60.895967597841256,173.53177437009884,2.774468176340118,81.7994498759678,529.9398836081372,0.47608816921738967,0.7071839273124577,0,4,3271.609353593603,11717.349359623455,0.5690706227599637,2,High
70.93122766694476,1744.2163635547186,0.6446969535339591,87.94450603337924,77.09340409090267,0.0037017819112580563,0.9698723390242686,2,1,3336.365832868628,14183.950094635169,0.6894476969589695,2,High
23.468966102161694,1803.561084501022,5.368210862280684,321.30413560027057,138.49684692891543,0.7996954475489455,0.8607973072178591,0,0,1302.7390750060702,1806.4271864434002,0.4653728867128627,1,Moderate
64.38798409136659,1193.6524027421399,5.158754792123318,191.07330378689696,201.4095746717423,0.252126840731932,0.5344408747716374,1,1,176.144549253609,14306.437033523682,0.6753901054634461,2,High
9.876517757715527,549.3500435850805,2.357183081245118,174.0488631564064,377.176217988181,0.734959166121028,0.7887402193127766,1,4,3326.7657712268824,12283.859240832307,0.4078140807674067,1,Moderate
52.87806797651945,1379.7176282972162,5.739801667696504,248.21265374229506,248.5471173358569,0.0741601989816984,0.9438988099481647,1,0,3517.1277622411108,6620.3945006166905,0.7501571093918249,3,Critical
55.64832971354894,2385.6939957707245,-3.314732504415816,342.55732092362626,514.2225023953415,0.14448519059102233,0.2160175779392154,2,1,130.32446286382338,13706.679906096293,0.60614231207968,2,High
50.829243090099034,2760.145749391161,7.624990566452112,40.39148320940307,444.1695275556157,-0.13485426311025378,0.793258512977378,1,2,3465.916342281089,12911.657648188402,0.7159004857267475,2,High
18.923605210136472,1904.5520481196838,2.2982017160388146,300.0724441593326,105.25081271242951,0.08354446140413135,0.2698469579688534,2,0,4694.642845330362,11989.204799978286,0.34874812139503925,1,Moderate
65.47823602614025,2105.436941095169,6.447270276248609,210.2469047524245,393.50662638165016,0.33934520085963155,0.8769474219396665,2,1,893.926415070524,3658.9080663284544,0.8311454330979677,3,Critical
12.664384752779625,782.0956618238191,0.9255820958056802,52.619527372261416,112.15694394083813,0.8407506094955666,0.09835450569014548,1,0,2606.618773009729,5924.434495174089,0.18334734273462627,0,Low
4.022609364062313,1076.9231329740082,-5.631235100226393,106.973754728037,190.26961830005303,0.22779327128064802,0.17821841886984147,3,3,3483.8822735418394,19827.6554353147,0.27519015102027317,1,Moderate
53.80987429589341,650.4450741780187,0.8482025735661729,173.65010992730623,147.82884844382542,0.5037182674316805,0.7206164634718017,3,2,1150.397010581839,8662.18348123239,0.4490312263227554,1,Moderate
35.660678642455025,947.6041900156786,-2.577766724468238,248.82377204787227,145.18407206038773,0.27048112921566675,0.17477750386324897,2,3,3757.744458312736,1188.530471098721,0.5469794571834923,2,High
63.68235149690071,864.615052766808,3.949980720741891,87.3385261032428,389.0175386272726,-0.14852896415526465,0.15805430190304437,0,0,4340.442148190426,17980.106216276556,0.5766621930722391,2,High
28.754785579369422,1866.1258737302078,-0.4841241653052837,192.55637356833236,359.9827074047888,0.353885888486373,0.555466877398872,1,0,4072.7548038491627,3458.641748499338,0.5198312020490604,2,High
12.620894138078462,2013.14176968848,6.722256098553753,246.48178586971022,146.8154840332498,-0.12749498862568706,0.8349872377090708,0,3,1294.494577971757,8070.396389279928,0.3914004122656492,1,Moderate
62.73316443524023,3312.8212307931153,3.5614502464383335,161.54667030510223,594.5950429801375,0.7720699170572896,0.2684674252746291,1,0,4021.0822041754373,5559.978269219939,0.5914337169122216,2,High
41.16822237300538,764.9402001451784,3.690888660626479,310.68934600326327,282.0102028025616,0.6283406581460054,0.841138182705485,0,0,2066.7162220119185,19277.509063235262,0.4531329207605095,1,Moderate
14.189684429276618,2281.6974145490863,-5.6568933301787006,313.00527702254556,103.38813048521514,0.21651661837760283,0.8079533965459746,2,0,1332.317124111229,7561.971578195952,0.5135717667514934,2,High
54.02879989398343,2878.681514557578,9.684995329825806,169.44883835056046,116.31295932531332,0.5042405328104187,0.5791054009593355,0,1,839.8573358746341,14174.339278207102,0.545561337493187,2,High
38.33352288671254,2004.8209768623785,6.833504185429774,350.25325574720387,371.1415425496271,-0.07676902915533469,0.6465627536872701,3,0,4544.907212533435,11967.659438641398,0.6379060789242076,2,High
45.323473668023986,967.0124185036574,5.780097691213893,27.21063326596103,588.48817186091,0.572810485658916,0.04044118661190821,0,1,2134.4877075831387,859.503432037072,0.5090850346418319,2,High
34.56737536549364,992.6707820680008,-3.3956954967994513,1.2104561962571836,364.5731058905588,0.7050056498906165,0.36713555830371325,2,2,4328.655934414033,7686.293569993479,0.5349019502589275,2,High
62.15317378635048,233.4603804413997,0.7126330569446377,137.04057496941087,571.9728121391505,0.7039202133920581,0.26339493111835255,3,1,797.7249446489648,7800.439252127258,0.5643911458827437,2,High
62.217203676228735,1138.5103702648378,-7.257936238513427,216.39494209410336,294.2730679169147,0.11270530245972143,0.1500038607274724,1,3,3834.967330765594,19796.66650809023,0.5446408698775337,2,High
53.204161636828964,2631.6525086114925,0.7695195332541189,226.5120566818779,289.7126070086066,0.09012081480450929,0.38965932915698154,3,0,550.0667389494484,16238.574021171005,0.48665637407032697,1,Moderate
7.90510330473467,261.5603745041753,-7.082215070334255,171.5204650657783,325.00404762373523,0.3735374566929464,0.35490419634743287,1,1,87.82473039971373,17133.085522430432,0.37787018901448893,1,Moderate
62.914039642805164,845.6039605164242,1.0607568797920237,44.95799276663262,433.5840019855554,0.8645493781228333,0.728891678129727,3,0,4975.246538632065,6270.423400423495,0.6320443229158115,2,High
50.32597353996824,2501.1904950080584,2.974437603098112,61.379107843641926,252.18878154823295,0.8125752753666939,0.5980963404767533,3,3,367.6866662849548,6581.092302266796,0.5394976346798671,2,High
52.27681245032246,2761.0153135977807,-2.1960806550019534,306.7732741867233,525.1373179734264,0.19560232993158,0.9131000688020193,0,3,2307.7022603141727,10312.114168715576,0.7038769305693969,2,High
27.223713030290373,1648.0825942105566,-0.029102433374134762,312.44800742613404,66.10476162248042,0.6578124568013486,0.1454075830558389,2,0,4391.926914650655,12620.302654568712,0.33835225406506647,1,Moderate
65.9459667117755,2473.452750827406,7.513067753491718,242.60347362985925,291.8703072656433,0.8134495405006033,0.059748605323525994,0,0,4096.8977403287845,14565.869762300661,0.5707372857965174,2,High
54.40287001761431,1419.037373426633,-7.828737105943812,239.11847002039764,331.04551748895483,0.08701911228936554,0.5346077874911287,1,0,2355.8785647780405,16416.03711572376,0.6625059334016214,2,High
8.444284989689585,643.7050330820335,5.834657859993058,215.1655660900107,383.8677310447029,0.7133252145632338,0.0010271386107850722,0,3,3054.2425333672445,17464.044386811085,0.26755431390869544,1,Moderate
30.5833525804622,1453.708277977882,-6.584908980076072,73.05331885271576,201.8395518012248,0.09468518960009426,0.7877189431349656,0,2,3148.5307583140966,492.5182166808173,0.5725022309074411,2,High
66.47852714701062,2071.890588690686,-9.265840343907431,154.17025209356515,285.11398404220944,0.17761033847593172,0.5059728886850094,2,3,549.1249150532784,15921.917661038671,0.7757928498306992,3,Critical
3.5397526273034248,3323.381158299827,-6.288507945099044,250.52207452681634,316.49576261773115,0.018702759935829566,0.4880655760578936,1,0,1424.5204716982319,12216.739795860674,0.39373220612670906,1,Moderate
72.10624647315372,333.7532371015029,5.300863799409793,193.41081792120193,427.8004882757673,0.35778777897998487,0.3624959787241744,2,1,1504.915805905483,10641.695589349394,0.7075442650606536,2,High
50.937192623967206,1825.139919072866,-1.8974785332627988,6.6889202598357045,475.44930160469767,0.7276419836873653,0.37497383614876256,1,2,1890.6407526733426,12569.326737166673,0.6049060427443363,2,High
47.353198323253245,1218.327245916463,7.450410336923639,343.2804504192354,455.80503003908296,0.38085735117906355,0.43113367825065585,3,3,1369.5876757298643,17638.764915383766,0.5541808087200586,2,High
20.291944236599356,1828.2597605407614,0.4941508236453167,304.1337789259716,237.87067875927193,-0.0642159893375927,0.016032344426030187,0,0,1257.492307306613,10905.817886151282,0.365638884791763,1,Moderate
18.65938415543828,181.51652108020772,-9.554992961473381,93.79620507950563,599.69778764558,0.07695352544988698,0.08354578721620465,0,0,1773.9275635923284,3243.760117979344,0.5960235882665006,2,High
70.65436646164466,1164.2862059853765,4.334272192038535,221.9252166598666,516.7659214829487,0.4191480540094728,0.505048020011237,2,3,1896.1325395159095,8735.5430039068,0.712582128472026,2,High
22.370434067559206,2887.551701591817,-7.7953418255753455,332.3661781421476,193.0128552297329,0.44150620112761624,0.1501222652198041,3,0,2436.1202837933065,18489.190671184228,0.31350073717419846,1,Moderate
58.16289725392495,1983.4018951057676,5.787592669238489,34.5639643609145,157.30819312005514,0.4345964938993568,0.7787626083469982,2,1,867.6770107414478,16289.67513814509,0.6659168449831397,2,High
29.484134865530937,1631.9804755747991,-6.6379490038963995,181.09061308681223,222.71168782086477,-0.11529615824316244,0.27448517400452577,1,1,3941.6833175948486,4060.9120282986223,0.5087094966325549,2,High
10.444055308852798,1070.7852438321547,-3.091072283889731,164.24748930466603,298.7896691498047,0.6290654818982298,0.09789963734932405,1,0,4303.3385018532,14282.87501545935,0.21714599107052068,0,Low
0.8036473271519212,1113.34457749061,5.225428592507207,147.67380190207163,517.9396580757876,0.8003710188879074,0.2352099259034498,0,0,1240.8244174529086,5124.53442978463,0.33457429631139035,1,Moderate
40.819300276143814,1402.5448742079873,9.084627149528433,300.811899201453,478.09924508699396,0.3615708425028899,0.3570982301557881,1,2,616.5036355895753,6970.7399398055595,0.6501091920073778,2,High
73.18341139116995,2940.9404138795053,-2.571320987065353,137.03261281108465,518.1853679282318,0.5907122154490492,0.035316608594883614,1,0,3611.559906317226,9378.347279516089,0.6804944476875325,2,High
27.685214535690335,3388.5249031481126,6.588004403978715,22.918799966762734,199.57641320068066,0.8054170412402064,0.14167552438632902,1,0,4621.225613614672,8817.392557213834,0.3718529269697571,1,Moderate
26.789425049478364,1591.4282965912735,-6.184154690483226,23.7015871791489,376.40367234850993,0.5068850304428176,0.32384675447751965,2,2,175.74169586480338,585.5965336028856,0.5672890150967519,2,High
25.806871338708156,1437.3996517423902,6.143595404049822,15.388058348859236,205.78698425255595,0.5417582968741563,0.31048047380976407,2,4,72.1798951716035,15480.184499603309,0.4144251005920817,1,Moderate
39.04078779786438,2978.2726377875338,3.1498811851250217,147.2923518746534,109.96273839572123,0.5935448547223501,0.8003866965598392,2,2,917.1273069216828,16927.71988336893,0.5256003147658475,2,High
33.049866256822014,1551.4780901634322,-6.145129855752631,258.6262599714096,426.30875891107434,0.08655269659947168,0.8432554753126531,1,3,3423.9624265396833,10618.864793586585,0.6911382706581247,2,High
65.99359700452608,1976.8617858052141,-3.949920792971769,73.34008629498557,128.6486531574913,0.4409456621885102,0.19341859914354997,2,3,4823.905039154459,3459.0216573687726,0.6119962826097789,2,High
37.91405937926177,885.2016596357311,-7.36458222805928,232.7286673553578,417.2337689385593,0.726392625998902,0.12393988391284738,0,3,3751.9047757966314,4958.760509706881,0.47352020666359457,1,Moderate
38.081837864142656,2627.908621648856,-2.340659778713734,247.35184995733349,406.38036769797503,0.12577900328682579,0.6341624843214183,0,4,2865.1630018263077,2526.684215182955,0.5975802724283212,2,High
10.377869604041745,1908.7602821206583,-5.927027177534452,91.87276464561526,495.63664443320937,0.7868875495565464,0.8046235556954314,2,2,3502.7469643777385,3390.125086661069,0.5923787672883434,2,High
73.70546556827895,2850.7174708171615,2.87995907260947,216.20075618182653,126.75503250996042,0.48242014474219524,0.9637230972241315,2,2,1153.491556460946,17527.947875591777,0.6661899124173081,2,High
18.747966815162226,2754.491282097477,9.890102084411176,246.55260240966504,480.914081679846,0.26549233657636184,0.006796284746514281,2,2,3442.7597403256027,9603.255818199916,0.557297352166289,2,High
5.5023050594702,831.0162121180971,-9.759816738314717,167.98090420876525,599.6020892704304,0.4855012575403223,0.4136781134268045,0,3,1607.2247673932127,2220.2693570147103,0.5204981248475298,2,High
49.73596867314066,2533.160871896392,0.8183962657459727,121.21797502083422,518.0733467222462,0.242045896257984,0.7339878340943856,3,2,1112.1106641633914,5094.90523977374,0.7030178896622723,2,High
44.65247776176545,2820.1849870346628,1.473331950980194,222.89455856675784,463.4966419802164,0.721839162032992,0.8285592988743544,0,2,1182.7799925615084,18990.028324601924,0.5585358326492288,2,High
31.13592404945593,1276.7646186601432,8.284175793616239,352.0249514381005,414.1909450820892,0.33055043807435686,0.06228594868309778,3,0,3338.938759280732,10185.313802785482,0.449577705219137,1,Moderate
31.664417541050856,686.8709838677335,0.12010669533875173,153.6629073728321,281.9798165769862,0.7913346957297704,0.6806145194641273,1,3,3836.1286110014594,10312.685926413364,0.4946558639186866,1,Moderate
58.87979407848234,108.94932897059981,0.8740283928983494,141.02463466264356,451.7750923403812,0.36078888893260913,0.28893871739897004,0,1,2909.0105527927353,10512.897276031368,0.5819720868441373,2,High
14.67844800747368,1633.0724205167037,-0.5669439734322275,167.13608487340082,448.29791932724925,0.526405228601126,0.07459695933312538,1,0,319.2763069627941,2232.336287361938,0.3878283900754796,1,Moderate
61.51899892086673,1298.2712872320615,-4.621913908770372,27.438621640217356,397.3240554780085,0.8975188631075357,0.48910258175466725,0,2,190.04666852731,19406.27317321296,0.47702405590613084,1,Moderate
48.65603354212636,1986.6934350063902,-8.879417335021726,199.1387806817004,487.95310806380564,-0.03833757489060474,0.15815334320414598,1,0,1085.8342503908536,1689.714946964289,0.6892084226875819,2,High
31.42273303346433,739.3397148018717,-1.8268463558032781,118.3310593982149,296.8201386347591,0.6104020636067462,0.7370075180616847,3,0,1432.3435121199257,14000.768421747267,0.5131495368407152,2,High
34.352146243790145,3022.8628620660156,-8.94817057518643,43.7119640392545,116.68899167281485,-0.047240549292473066,0.7412617996994535,1,0,2024.099464205923,1155.2963791497596,0.48058501768819606,1,Moderate
19.248540538957183,976.3677331355728,1.0098493893183562,167.8524268022544,357.48725018508054,0.722753002340836,0.8420677649875095,2,0,380.14038684701654,8871.835408370516,0.38963028924531273,1,Moderate
56.40857495227311,869.8606572980099,-3.854127135154137,1.2182351666318736,195.77394079123843,0.4560987192782128,0.3775686851477522,3,0,3625.7938297116266,17993.565460123544,0.5004668229990976,2,High
38.46560567289508,1734.4277920468103,0.6720480305085559,144.6426882585932,261.4382035860326,0.8319755166671052,0.013309797230643627,2,1,3557.4907935674582,15368.890847700282,0.3908395671245067,1,Moderate
24.064090706238268,1796.0934807305325,-7.314060712096266,38.064696453522174,59.57819716767431,0.7525522621393552,0.2597359383744797,1,3,1733.387968288199,6693.520432664075,0.3718014392387814,1,Moderate
44.70375868207127,831.2897778693157,8.652599314787192,8.745373223920904,260.53482335483585,-0.11764075878429424,0.4678116995252769,3,1,2815.0126218420523,11026.955318929988,0.5571668204181309,2,High
74.68008390384922,1024.3264708681136,7.890424870998697,296.81101664802077,494.84060837450005,-0.04896720415325301,0.6940112794160505,0,1,504.5797218444653,3305.493112364717,0.7385486970640223,2,High
32.644670974241535,676.9978131278327,-6.2000698159543095,329.8495691817485,348.49730181604014,0.46128802146750775,0.3820405856867414,1,3,2076.093214000529,19122.40478849276,0.43731447857972267,1,Moderate
69.05185505839647,2542.764606298767,-3.1311143341198022,74.7628734092784,55.39028981368408,0.3701461039362824,0.536048396067138,2,0,4287.823787400278,14173.546874973275,0.645905211867488,2,High
25.876262994342458,2718.3027062638785,2.269855437039592,194.14737498033406,308.414101131916,-0.014578356325210956,0.5242635874557169,0,2,3303.112315607988,7485.875219533331,0.46030183699239086,1,Moderate
4.104953019373942,1671.9168913615608,-8.086275853881874,100.06493656715458,210.2984062049741,-0.05770484890118521,0.16498234935831657,2,0,519.718878369404,6358.691903085561,0.41175475648542476,1,Moderate
15.318157977632167,2527.8958771290595,-2.9086435776769832,177.68787792198557,312.6528604684441,0.4203898617857745,0.6230495000800127,1,1,4237.8901560867735,4772.774991105608,0.3482971273140505,1,Moderate
31.402135749576317,2602.1803325873148,-4.977754263619878,157.18727552189767,272.5809967963324,-0.1461862972275006,0.4392517282053978,0,0,3403.481147095247,15730.390985072087,0.40956173049270117,1,Moderate
16.472619644592676,570.1367941045492,8.310334574333933,96.85837982897483,562.5885707565599,0.761108833248783,0.807918701652493,1,4,2265.281470429618,8692.285008228222,0.6089632897093041,2,High
0.017027866369165312,3385.005284437425,7.050212725784103,252.14168866870716,72.6475144296587,0.6877912117828826,0.6906112081288999,3,0,3460.455195065736,6604.344420888493,0.28200588378409136,1,Moderate
68.62511533106455,2891.5086201278655,1.596654825337275,45.53674535529152,425.97340620506276,0.6639069688821984,0.11146918619755464,3,1,864.1012771515966,18104.43494080435,0.555877069503463,2,High
63.290955842319676,795.2437680657999,0.40692673743148333,19.106201581692165,518.0646279659578,-0.18240313825518484,0.4887584100365685,1,0,2752.432351362743,3004.358951429211,0.7099982907291964,2,High
55.67191736152103,732.9611215366389,8.614515890907942,276.36315589342047,577.5812215577615,-0.14759496224598828,0.7024943584941874,0,1,3089.6350178276384,5276.709881278952,0.7270847543205989,2,High
12.586094673452147,527.2478949705813,8.648555659576306,239.73481123944475,147.69992459936276,0.40482303326580155,0.08701172580734262,1,1,4638.72411471557,6895.314249597002,0.33676504460573137,1,Moderate
9.027268215748954,570.4871126425226,9.38660250703321,179.46940469270328,342.21764108140667,0.8938682577835957,0.7924970325566315,2,0,334.45855400820625,5197.0297109684525,0.4836544402978307,1,Moderate
5.070356210428736,2643.750116697567,-7.4924223178362475,168.40431737011497,73.97426752446655,0.17654782106848693,0.2220045146443994,3,0,1873.9135713042442,11708.060824422102,0.24622296771892332,0,Low
54.30218915796909,1696.82447363552,-6.788843784736596,179.06809661691344,324.5509384502987,0.1788122980458784,0.5030847954736897,3,0,4684.073549654668,12020.622230058612,0.5629320894397599,2,High
69.6605970515914,2761.9761873155485,3.5347339735977314,157.32866739552225,119.00194924754005,-0.05229423645181833,0.9405612874726361,2,2,1086.1052756429663,1094.979449672324,0.753671240997966,3,Critical
32.29018656847777,2637.2666407906986,0.828689532196897,141.44122649922448,510.8431710842924,0.5417693841134517,0.571334234822284,2,0,4066.0016416133176,2890.581281296485,0.5778147367485684,2,High
8.935550399703612,2155.6832259177536,-9.630681902135281,179.88861703900332,112.62850143295066,0.5113443578934063,0.4240544517039474,0,2,8.027674797478902,3970.5751275868975,0.3116164765600881,1,Moderate
38.429461554907995,2433.6464623675106,-8.760499280209613,190.26546161751375,332.3085982125724,-0.08854534198292503,0.0067949273991426695,0,1,129.42034923742796,1406.5613703004033,0.6117107566422773,2,High
26.16239305939726,162.40946288908208,7.7616076451761025,249.0848330701035,336.6028379460146,0.3141535157751863,0.1334136227740781,2,0,1638.1144262655862,2495.239785986261,0.5471249329619199,2,High
28.111869326249828,1160.0439991370747,7.377415910787725,256.03457786424815,584.407773862383,0.5337823997041717,0.5786638850979876,1,0,3842.518554151363,4793.027779712451,0.6192544516086576,2,High
46.59979681167805,2268.595409481995,-2.8545815600790974,135.94646885045208,410.2393817213885,0.3428677499541198,0.4938250406537382,2,3,520.7173461755455,6912.41214775538,0.6289140228052529,2,High
53.90385849466518,131.7728418532303,7.821012338610693,148.87458818765595,208.31216119224106,0.5417999400512312,0.36382917564683137,1,1,1914.2682181405896,15826.180241251337,0.5492482579089693,2,High
8.295269915487063,212.12160852081757,1.8735014879580358,134.5309811050403,182.43962046597616,0.6978974371746387,0.9232158853941174,0,0,657.3408436474771,4358.101577786498,0.38369451929154386,1,Moderate
2.669267310485729,2996.419140399303,6.118112940378037,193.15287850525573,120.5365131047857,0.5543969764339445,0.3324825374259408,1,2,1117.967847207041,13400.516628866968,0.23596051903215354,0,Low
74.57477270142861,2425.684529753044,-1.4513785767957152,163.2072736491103,466.0830982269827,0.4777256594135762,0.5371507564441066,3,3,2514.9709606429888,1157.6203916944871,0.6327287233116368,2,High
17.454626168666387,1002.2570926091695,-7.732033453101826,320.2547267290297,429.91616090028623,0.7389492826389426,0.5687134095241301,2,0,1595.6937097960588,13164.818526074816,0.4193519942275458,1,Moderate
4.037289368134431,2439.0736564036106,-1.3254587470796757,250.69005608993012,385.4324200194583,0.790647424656767,0.5274683900639227,0,1,1059.5632299004133,15894.384113104154,0.3713327168988263,1,Moderate
14.240649682193999,2794.352675073495,-0.8540040400620423,323.5162981516004,72.46224362249359,0.2277750808933846,0.47758539154009927,3,0,1967.484905434637,12096.158976892599,0.27666005893724016,1,Moderate
2.9218384761348166,1143.1005625743444,1.01888387681206,255.2893169613932,469.555876516862,-0.009425123503725458,0.3370637360119081,1,0,3505.2748213681552,4027.8458074976697,0.46744404437730647,1,Moderate
29.385817096287877,222.52708349723733,-7.88834574191144,349.55717346857307,403.03816743166357,0.6996464444088557,0.9087636330396195,1,0,597.090533004942,6608.160277248121,0.5962998804285778,2,High
60.18013383384932,3271.449023938297,9.828037260992229,228.86524017189686,580.1388774607686,0.03512841802943148,0.45080326175914476,1,2,2397.972226803789,16103.62697722524,0.7869717618173628,3,Critical
25.593333731829045,1273.6114502051437,-5.117263583861873,346.8780497386997,372.96117143224666,0.8218457367239944,0.5284488673460757,2,1,1373.5985430696978,8639.437849825123,0.5018950435061227,2,High
33.31375551587749,462.03799516800166,-6.028951929258142,56.94116054739339,217.17354866393947,-0.1748342602559062,0.6564779838302423,1,1,1893.1043676997826,5104.692958567452,0.5288477558535262,2,High
50.66900801755791,1772.313362736701,0.5360583771187315,18.891965098585388,259.8363037041261,0.813398300881234,0.06765604243153467,2,0,4107.775894540965,18653.83073151078,0.3856120962382241,1,Moderate
38.16705525524102,2712.790505258055,0.7441635878977735,208.48506667338933,146.71238795802788,0.448101291873269,0.7812881414632452,2,1,4648.649898522142,12747.097132211811,0.4912635822727626,1,Moderate
64.60842645159931,853.6008696997011,-1.2035852433351142,354.05755408791896,447.6028002107618,0.6522163281641695,0.5125073100860356,0,0,1214.8895256047988,16114.294210964395,0.5091069519622733,2,High
64.95267562843173,1016.2661704534354,5.437842926505089,150.33788902886283,439.24691301194895,0.23834184577084494,0.6571769358449668,1,1,3149.8547841474506,490.03769812608897,0.7185832123489667,2,High
0.7433021618365232,925.2309551151827,0.33308801457205384,76.33561038946546,160.35750851272195,0.8908879210997682,0.7720120654136914,2,0,3383.3863993358627,6786.731663261996,0.2840969754076158,1,Moderate
58.353472986239936,3471.6883796277057,2.193909102899683,187.75492170966504,137.1691277502532,0.050306570322919464,0.8740993907642146,2,3,4212.429994912163,9177.93804765994,0.6475022050891098,2,High
34.55502001812554,771.1726946838446,4.474927708155711,233.5675048483999,92.35271326120703,0.09077802890199227,0.392220416952931,1,0,4495.2123425059835,11748.431082715259,0.42359820244792734,1,Moderate
74.16304059777472,2056.7687376848216,-9.499497968722668,113.46433038572002,551.5866590249673,-0.14342431155877977,0.8114298926822551,0,1,2339.9589876701298,3799.4377294026217,0.8840485189353605,3,Critical
36.242405690657634,3245.8997816336787,1.4128836509008948,257.3169690597334,178.18840853216813,0.8345206993675822,0.2588368955659017,0,1,4912.878226242501,9959.071054383674,0.3703642376292605,1,Moderate
74.01719590412232,599.4483341844494,7.683889424567386,351.0412225364613,239.28993971349217,0.3016322339585437,0.6603356509573663,1,2,4854.144867985315,13712.507353793753,0.6784919533286043,2,High
56.592702090430244,3400.9042727501806,-9.652225141491321,322.9067238158221,204.27747960761985,0.5423376561912843,0.1027073006796394,0,3,2532.3398541923443,6917.521133840483,0.44854571463407034,1,Moderate
18.645366345997974,3321.4225969451236,-1.8963579239807782,104.97073446439029,277.4935314359351,0.5561848002091248,0.020030467424075216,1,0,2710.160603234421,13828.844060761181,0.2293018133554824,0,Low
40.379623446521826,3107.5447559980926,8.5245490041166,117.6205259320554,442.72683966036584,0.7619523015109455,0.09576312611263971,2,2,3338.749197754494,7793.0808074368115,0.5646766673579345,2,High
74.4101729608937,829.4921725220076,-2.9369119543492435,133.75484080185188,528.8275985494565,0.5314177757110503,0.3193824865624758,1,0,1869.0807210989678,9389.268047435491,0.6626950296316259,2,High
64.31479558139428,2255.7871904373433,-0.8254235159951833,142.0390002217123,150.42931224069707,0.41822330053460594,0.031094613824664274,2,0,3310.219569551555,2685.8580114453325,0.531152577959396,2,High
7.302517034341582,2687.0310080682166,9.630827860886257,36.115019709580594,427.5267890576408,0.581350376610148,0.6304912721872625,2,3,2571.426968273543,13025.491321236086,0.522796700459173,2,High
52.97789976074971,3452.494955867861,-6.013522820988523,274.30662200014416,243.90917823336684,0.6260678789034391,0.3165445383822648,0,0,177.18382888619598,4485.513760467441,0.5682255162806507,2,High
25.91846894031098,713.4409950766594,-8.694896217499881,131.52213489985218,589.2899425635111,0.004520740873330181,0.736376067714298,2,0,4263.644683383754,16577.002580941848,0.6217476339165585,2,High
0.5236696410261088,2704.488058365608,7.188451817226088,316.7351916139628,214.40553760624226,-0.07936625712557169,0.04591513626960564,0,0,4702.229005785042,11068.86742093914,0.26665536079892915,1,Moderate
30.26107267702497,1251.923977752184,7.369306824247371,333.69862432323913,53.95612580432298,-0.11766626446588058,0.21670156654749817,2,1,131.14539273497928,11205.134992304093,0.469628637767791,1,Moderate
17.606581629372847,697.1299829312079,-0.5584433063997363,8.79527135076772,333.60198571091485,0.21145884397479037,0.4080034253296986,0,3,3946.3090940364254,18249.530448274174,0.31666806429467365,1,Moderate
61.41519528903537,1532.6816001271068,0.2841434895457251,355.86110517415426,132.90209635176575,0.3478002638215198,0.3826515622940463,1,0,1929.0663047051364,3348.054226189725,0.473571907306098,1,Moderate
25.299795663432413,2799.0421013052955,6.7161273923567215,255.60818334006646,74.4719347501195,0.477214888118847,0.13099867283634048,2,1,2928.159000144621,10604.693557553324,0.4369471594520419,1,Moderate
62.06427704653628,1680.4893325937774,4.771189962315903,187.34120135746645,434.0480775712397,0.8538379716585711,0.9941368135816571,0,1,2499.974734803579,7644.100208917753,0.6261734129281563,2,High
0.04484541260964814,1927.578540690365,-4.697019955659787,140.2299390141192,452.7426053796511,0.16386660222770688,0.2844395808338359,0,0,2756.5532541652356,19326.48150199354,0.2949389258879943,1,Moderate
23.086436251958936,3483.5419946804122,-9.66213289856963,186.66652773949664,303.3844572140764,0.636961457285002,0.7210320846514631,1,1,2475.931523790422,15854.280936961008,0.4438136647637061,1,Moderate
18.087391073082145,1456.9716184952485,-0.40599674932908414,116.86490063224,422.2870342161175,0.38449338155437346,0.2200266972117182,1,1,4266.876857439378,15150.01729258108,0.43132924073113926,1,Moderate
17.517552080145823,2192.3625660114153,7.178246521912829,224.16761293075737,346.03169653592363,0.04209892529560855,0.877851210726084,3,0,3417.5334234765564,4082.4271226937926,0.5282041074891638,2,High
5.113996482409703,1341.8302854922642,7.916693533803244,33.47289952012484,396.3906092470624,0.476835972041635,0.3877583101496924,0,3,2063.1862777291376,4746.464916967124,0.3543626172220783,1,Moderate
14.034320280787629,1435.4711975175967,9.124523941523076,223.6041370482517,378.1871852533787,0.8638937961186741,0.9009024889891045,1,0,3442.842905752745,583.6165478365763,0.4982927275248756,1,Moderate
41.66621774142149,2465.1785617143873,7.591264752255626,99.12414604983988,416.20252023057583,-0.06326087082360035,0.34183491963397106,1,0,4825.239095419407,12770.707238849118,0.6071061856103862,2,High
21.852080462830838,3288.815718722604,1.6008711059619678,6.3485384588446925,159.79685677024418,0.35800774100415195,0.00864382149691345,1,4,401.54131026716334,7416.707636763617,0.35868907184213394,1,Moderate
31.304608674686097,1944.0204316738927,-1.1078880152779824,198.97407581863592,197.7886410201851,-0.14323081043441896,0.5170204310784614,2,2,1940.4498577902857,6240.813887486658,0.5723551220957505,2,High
28.265016026039138,2712.5597584258517,5.496996930681981,208.2411921069707,291.9797322292306,0.1533379287859985,0.5247879361510964,1,3,4352.270161618979,12740.624510218102,0.47204406847943947,1,Moderate
65.6928693749921,403.30229997767697,4.796432687311929,153.56484169615297,295.37040518055255,0.48266294535339044,0.11983418278863556,2,1,3695.2755540573667,16573.752305130904,0.5600554754868033,2,High
67.89742492578866,817.9373272685517,0.7628686016290871,26.023043718114067,475.92644137279734,0.72516262963383,0.23496357341929242,1,1,4674.644447241758,2660.5909198638565,0.7038663633096041,2,High
36.971772874189504,1807.2475791264103,-8.253452548830618,321.60346300950897,252.06651257624262,0.6033612638986783,0.7834955909813494,0,1,199.04943811619614,18373.229078119362,0.5306461744493273,2,High
24.76169627367033,168.03986033783428,8.521626935738375,220.11509060204,139.37783583255032,0.30914245603702134,0.03675582462865923,2,0,4313.8780460639355,685.4245819262195,0.44580801360802946,1,Moderate
8.010052800177272,959.7069277927,-0.8879492499667574,41.656787844829054,188.30628377009174,0.8001450328145614,0.48952668668668065,2,2,3958.993849774359,1902.1268047026797,0.2668635247563579,1,Moderate
71.50521595365713,1859.1643854048848,-2.733324361674714,183.93500757389316,168.10342631132562,0.13298613152614774,0.5304081234135628,1,1,4075.1950804118637,16762.56278243949,0.58316242342993,2,High
4.517020867522309,150.86807407142243,2.591347903375434,179.01155374144972,452.41301059081206,0.6293817512476831,0.688712060676124,0,4,2986.313640560754,9854.076536351082,0.34241779517454873,1,Moderate
22.323770817621032,999.4573731685418,3.4767592233395384,21.74467276545371,308.68678804429015,0.3214099239224288,0.03745626740013519,1,1,259.58517560302874,18785.097085417543,0.32322710555953743,1,Moderate
22.354965087750312,1847.7047862179563,-5.786241659393971,218.4694932970611,439.74688388404087,0.7884993301400534,0.5856463270904639,1,0,2695.649644754182,9233.059931824413,0.4503601216714267,1,Moderate
24.030096460516116,2048.7074431362353,6.7387768961991235,290.9975036117632,278.9208244166948,0.6771761038191362,0.0030980365781831942,0,1,2038.7556849493349,18522.459719115504,0.30167436872578224,1,Moderate
12.321513245430696,3247.5557563880384,-4.2012581267524425,269.64289952945217,539.3545813771478,0.7916166274378047,0.26517836728919064,2,0,2635.208763259225,4792.592512613887,0.4793123816729362,1,Moderate
58.737107319277285,2294.1751190520667,-6.266321481713666,73.068989099106,590.936169247504,0.03567263383628072,0.4996842553164812,2,2,3701.47986810671,12328.992455371528,0.751028391869951,3,Critical
9.18733964744919,1510.1017286019787,-1.8720029429100506,310.4253106395161,418.4133797864364,0.5349654753278288,0.9112813374256171,3,1,2979.8031725588044,19889.360058915096,0.3536711491932507,1,Moderate
47.61799943648721,3263.1940022524304,4.611201617949305,123.31517963736633,525.0969064799203,0.6123097488898042,0.12658981600553543,2,0,1462.8144492964511,7521.256161152954,0.5966697631059749,2,High
9.28845200293631,2768.6021435185007,9.30916356879607,340.7430161850989,329.36329694463444,0.616655691810853,0.16928912900327509,2,4,2997.5367153521074,29.09369017759067,0.43510970337986343,1,Moderate
5.290172819471742,780.0303317833418,6.185625287428664,25.82926712125694,564.0414621946494,0.3544004955140713,0.6692500643838276,2,3,415.69221540512183,1281.0441096407787,0.5132217522788264,2,High
68.20721277644074,544.8640285859872,8.806967553403837,175.03512786714336,507.3725671200554,-0.18762442541725222,0.37486169382239887,3,4,26.829956086599218,17181.192070934234,0.7515691426408772,3,Critical
14.259657473902926,2397.759561525292,-7.187883918469464,214.9647757839177,595.4782144713215,0.0875738622559824,0.6234214019228718,1,0,2007.6401364627404,9837.71270309375,0.5642043795643906,2,High
61.593761591977824,2003.602762961745,-8.576464022726464,89.1540354508577,392.7015544302793,0.15563096250481923,0.9974541671342672,1,2,3785.931805453678,10734.363967754083,0.7615939417004254,3,Critical
40.84731533303518,2784.890286895369,1.154095238133424,277.69686793928196,478.5637071475257,0.7372402790099377,0.9868716613488541,0,3,4113.1711549441925,15988.522093513879,0.5416962981333062,2,High
5.83923897065772,2611.937170267534,-4.194050339119313,225.68244473185814,348.5774769880174,0.7249743988146424,0.3537135794944214,1,1,2749.196566537477,16231.580174851277,0.32623328097589577,1,Moderate
71.65861435785506,2225.7192151155514,6.561099459385456,6.5193974236639995,192.51605734928256,-0.08485188555843841,0.5039253538248326,0,0,4340.034431375526,9548.426159709132,0.6597915051482761,2,High
18.52208752439194,3453.6993835382336,3.439757428046521,219.0126926506449,245.11534412136675,0.8448194699483835,0.9046901586293933,1,3,629.5742528138882,17161.215535367635,0.3522849359443087,1,Moderate
64.47340090144549,1914.2050823753896,9.414563279715889,176.9321643906407,541.7029781022238,0.0007032353166400718,0.09216766240855756,1,3,4820.529276508703,9368.499166793537,0.7372371876587144,2,High
12.660750433842313,484.55957210584745,-4.904152885373916,70.57051261326276,80.77137062924132,0.25579539643101323,0.45230390383684704,3,2,4608.801682539094,13500.427487480296,0.2980492287092004,1,Moderate
64.04571616063896,2916.1301203743606,-0.28431771289535135,358.46936174143065,375.3139373409245,0.03667266272183095,0.37757734831645895,3,0,2996.1862524888807,667.2366212309333,0.6775737794655143,2,High
0.9921609678970489,956.3014319754105,0.02480954850706496,322.9783901379414,254.86621787725977,0.7463657157122932,0.29488277266099727,2,0,293.61062017151494,2759.987737234049,0.35165757442574164,1,Moderate
38.38353424271105,2742.827303689322,-5.216464102852476,105.30277021046285,262.68089590305567,0.624342235045243,0.9942042119223482,1,1,2271.014314044033,17028.400745072315,0.5928336673174309,2,High
57.70819345661676,3354.1641264001746,1.8018679897601544,194.78553148750186,536.514163527572,0.1888816875765844,0.7335492939723779,3,1,896.3648056124318,6262.368446085294,0.655777090122719,2,High
70.10966381195875,2469.10474747876,-1.1342802784152095,113.94077036770467,519.6023060004246,0.550066488628661,0.388746992392922,3,2,3142.1263420533764,6694.87881189194,0.6940535903440481,2,High
68.19016021548653,2126.5025472293237,-1.0655688802025267,279.1784705889881,379.3633065648578,0.0028035725886965956,0.8290218916654192,3,0,949.8259734513931,13259.823942778963,0.6891661514016488,2,High
61.47186521607337,1665.312997295138,-2.7452670405503277,334.91931595072384,200.10536607238365,0.22052680161360183,0.48966610071205685,2,0,2408.9883021206592,11850.763014598902,0.6420784612861042,2,High
66.61435122459781,1338.993544384371,-9.661412951489298,129.17829848917808,311.5009903891132,0.21481834717191906,0.8728244123678587,1,0,1028.13463430095,1643.7728129797736,0.8082462306040737,3,Critical
14.941476437780738,1300.2161533042433,0.44190473829577925,290.01032969170586,274.5613665840688,0.061730349893537595,0.26637984563057837,0,0,909.2256516450936,15315.300685029866,0.3533641884218375,1,Moderate
21.313822178379656,2263.667199412608,-3.295043285993378,179.42671537675375,244.4899160613724,0.7639432545411708,0.22360022738706542,3,1,1239.617879710211,12344.44859019437,0.2635234480668135,1,Moderate
21.672639369079388,2654.328597588336,-9.973602620313407,142.76828207216784,106.53206820651303,0.5467303090270388,0.24728668124744757,0,0,145.98227757996517,17106.63705713342,0.36274003430875384,1,Moderate
28.27904482512741,2406.9580362470087,-3.8411258467613596,337.83186675555714,348.7126376934262,0.1079332416201792,0.5384805761250524,1,2,3580.574636899328,10709.938200979217,0.5366438510097806,2,High
29.499050278889154,774.5943440581133,-4.42743333820486,183.74568793885132,216.00721383096598,0.06633283669194107,0.29131339115513466,1,2,1533.6318817503486,8286.496719670793,0.40455564147251555,1,Moderate
40.84164934910066,1779.5564124878701,-2.131036935527284,168.26778009268736,413.44436861014066,-0.18025118190083705,0.1471196841463841,0,0,3490.5402696919014,7426.809154465413,0.5129816979673066,2,High
11.990982252483104,2791.576245422414,-7.362960207132061,242.0763847064435,225.56216470404192,0.18124047917159014,0.9946279185057321,3,3,3267.3910921717347,88.37852491997644,0.46429254742218673,1,Moderate
51.8434997839492,1717.3938658427912,0.15367649270168826,94.04431236658239,287.13992122414095,0.37944841164685,0.9004332274414101,1,2,330.563293115933,795.6844528937901,0.5716036741767706,2,High
12.567490447837987,1924.519151100679,3.8488070503625984,116.92543348379367,78.79820580692414,0.10548203609921408,0.6350124374930797,0,1,1560.1737906166702,2624.2285056131996,0.4169783188153424,1,Moderate
23.273136157841066,2721.8625637807954,2.6037113810914487,335.5365010459042,595.8959384480127,0.570504104072747,0.8915428739239459,3,3,2834.3026665406383,18590.74773525821,0.4649926779482046,1,Moderate
37.75088479546155,2348.302041301311,6.075098951383811,244.27074435729926,329.1857108013467,0.2529244819123929,0.9354627375078188,1,0,4592.005969948042,17613.010646844712,0.5398695944263637,2,High
59.7330421142608,1491.7727310001349,-0.9598342402583775,297.589373197562,63.330676790295044,0.14794962071173468,0.6761082918658355,3,1,2006.5985522425117,9943.92709989949,0.598667523488482,2,High
55.46019249290455,3144.4032180603444,0.3818346067945644,97.60023429675466,347.6768623186292,0.8329634246693645,0.5186797786913082,1,0,2523.957726077071,3603.927868317056,0.5347641789971934,2,High
48.41507673078917,652.7280334558272,6.208038817179666,195.76446837475393,528.6946996181073,0.08908096501695295,0.8820017922146772,2,1,3750.794017501753,2922.2272116292934,0.8290269928643191,3,Critical
11.682994543512763,3484.755925207104,-1.445976583615229,349.7026561162194,474.90367384641144,0.23808338210632196,0.5677969969129095,1,1,4016.4773690768147,5122.611872215679,0.5350263466147609,2,High
41.02840092116833,504.0987668192065,4.03198699799194,114.73340365015834,435.49867627119977,0.22051986737284912,0.126800542853874,1,1,4616.702518433806,18174.45657811783,0.5358617661001487,2,High
6.558487634991408,150.82990175441228,-1.3079526256401621,57.771531474135074,126.7055600294692,0.06531818023837316,0.36685600045750577,1,0,2485.947186722864,10429.361180711698,0.3269094898335334,1,Moderate
28.30223825974881,3126.0642639058,-1.6452761097687478,183.91896296087904,411.7553934431098,0.039224413791458385,0.44592095173537705,3,0,969.189647509327,16080.836899033402,0.46881516879707774,1,Moderate
31.013739771746938,932.8419284442507,5.204112490583206,139.61559194095543,471.46410790674315,0.132618020694744,0.9353690161355955,0,1,3822.106149005302,10135.087089556433,0.6359175611385491,2,High
2.985857958431537,2580.978733318851,-6.503261690675776,57.44780380321687,364.8304851810231,0.750659786924299,0.6591854723058224,1,0,627.8763230268497,12188.946355427015,0.38774371488447884,1,Moderate
20.549107460247885,2857.4522747690357,-3.2282805611685284,319.8784977732125,541.0119524861934,0.6437911759522197,0.8752775627958908,3,2,2091.711560863052,12202.052301344702,0.5403608025497479,2,High
71.6737100449867,3020.553729509197,-5.516554465061965,356.66060779936004,202.34437998168698,0.5490994655760575,0.7575917008399362,1,2,3141.065249260085,626.7555281398596,0.6744522100021397,2,High
71.52244558722671,3471.4204012581667,-2.817801140648058,204.6895850483992,183.1795848565878,0.30281329190674283,0.30986088652268295,2,0,3459.2809321853697,8905.37036063821,0.6188996165296192,2,High
26.424529068940448,1099.7350141359968,-5.3925035526795195,278.88363661444345,528.2633597184554,0.35852938309586385,0.7187089930641832,2,0,3665.138586079635,17280.980740572788,0.6816663142564586,2,High
3.232508171124304,2514.827362552681,1.5881126217330923,309.25381303666785,393.96903364529885,0.09385273004280636,0.19529973592387462,0,0,967.6619577020939,9781.972637928031,0.3234151180522418,1,Moderate
13.432120449613617,492.35951815481593,5.963416052356905,252.3535221678577,50.79597128654963,-0.11825249478049062,0.40814581171746767,0,2,4908.246006860253,8706.70842654887,0.3617110979660308,1,Moderate
29.41633450751551,1483.151590613288,5.732261224358037,15.896177680223236,244.2222746810789,0.16414461239253053,0.8060918571559321,3,4,892.0928830948,10530.911484839527,0.5297944889277706,2,High
71.08347734769224,2983.1037572628074,-2.7099807090241512,56.748323418054404,521.820792198071,0.34514213159160284,0.6119291619152283,1,0,480.36702628108276,7615.340758736606,0.7603672258807542,3,Critical
10.589929765288868,1350.0373566009685,9.775208117885235,25.556108814499126,65.02573140295881,-0.13695564882873432,0.825412505952615,1,3,3320.2520096443254,10307.999350984916,0.4853805675344543,1,Moderate
57.26368827511592,2109.7242938210875,1.8770872941160164,3.5566583911403615,51.786360543829886,-0.10294336773718292,0.2547035823500513,2,3,4549.99999928293,2706.896322079293,0.520343702166724,2,High
8.151190453101906,1812.8297086637558,-2.0119939644341045,110.15870715260516,204.6926097888214,0.08932775617302396,0.749748832427295,1,0,2796.9185824968135,19358.935708043497,0.3891865924574751,1,Moderate
73.59431830434576,2296.235205780953,6.7107855848285105,141.2481457733615,552.7000203551029,0.20378841095203776,0.20232436144183652,2,3,2977.412172573697,682.5987996809646,0.8195907726953002,3,Critical
28.621237433185122,3407.840923918163,4.597480252852817,86.77070364093326,545.812669808509,0.23264849223057577,0.5453041723980072,1,1,2692.423739671595,9664.148618117033,0.6335070156670332,2,High
58.142590417429204,289.50079010476725,4.985506736482089,23.257673311075536,335.31907019082934,-0.07032532708319436,0.4335345944544313,3,4,213.74097046444606,4199.850647824665,0.671160344652522,2,High
25.694331210834886,2051.469159505541,-6.077213005322568,190.75071270120392,354.28027912679244,0.048403489988267684,0.556475857770807,1,1,3406.5578624668115,1167.1161186180302,0.6222689928965167,2,High
47.07516578691065,3034.297849450968,-0.6335138526288979,98.39495518457099,232.60440622445384,0.08781197726996959,0.1355334240282725,1,0,1790.9956027173662,13034.10757054583,0.4267047997650263,1,Moderate
14.401206355502755,1736.7012199446535,7.236562616492055,286.5733757508824,184.0551641152954,-0.12560163617862918,0.3612278755130117,2,4,4678.368976567263,19703.62516794082,0.40478988904617236,1,Moderate
10.95157644727219,366.9924322013476,0.08076015257514513,2.898943785101231,498.37201981666504,0.15870967064866703,0.6669038308661737,1,0,933.9502377430691,14992.099081025333,0.485392641230019,1,Moderate
70.35481046760985,2005.833798217021,3.669054868421007,303.3097384635397,108.46217327480278,-0.12055626996894206,0.5585307940810273,1,3,1510.578908581403,5080.413347675956,0.7002936174018426,2,High
68.82354584283252,1229.0512288009895,1.7586746606852905,343.7113244205445,318.04490398324964,0.5738036274206371,0.5489697589118196,2,0,2524.2737444102354,9867.78124982276,0.64778905847025,2,High
66.56017051596618,626.802070148982,6.847135754367642,257.80862273528504,398.91849272339647,0.2246525432130415,0.5108301121312544,2,2,2386.7752180950456,995.631119573217,0.7450535711121125,2,High
46.90750876249451,2986.717345163808,-4.3087832047679475,264.11186349452396,107.02415970406607,0.1594276283162122,0.9438849100388784,1,1,2001.5237083972715,10633.405157777379,0.5121393881552206,2,High
60.620115841220866,1873.4383441698135,1.509505557727298,336.08243217698396,335.7839025097904,-0.06082561134603243,0.9345696979397342,1,4,1572.014688436441,1989.2639630859787,0.7503112379113356,3,Critical
5.177770268353118,3273.139802088827,-7.53530663980392,75.26566270812569,367.63670835184377,0.0491540209893854,0.36014497279829427,2,0,735.9236829959176,15892.152857742602,0.46250635990563377,1,Moderate
25.109178141800935,2840.4561156504346,3.804215533989357,358.0436045550876,458.37283327905067,0.055975729833036,0.3518950115842048,0,1,4104.609364368028,1134.1279799536164,0.5095207592567352,2,High
23.527734356786716,2456.104098830469,4.639356767054242,278.45323321627507,179.15982703114307,0.8837246363606335,0.5548984565730611,3,1,2243.848936360923,187.2193180116155,0.42136037258787773,1,Moderate
47.673399146445995,117.08671144206058,-9.143253576220031,261.56545499800575,211.33012680991706,0.7188843174593427,0.0956062841392078,0,4,2864.7827954952922,17231.140771630264,0.4129547340579932,1,Moderate
26.696833010298036,1554.5997525700498,3.5158192725597015,129.99260843830538,363.2366306481684,-0.18321147920322522,0.3030067007675159,2,0,2732.76431817884,18850.844222176882,0.5238224368112301,2,High
11.138008623276061,771.4533576169098,-1.7061969166842736,196.4798947460198,590.7195254898878,0.47852024984532776,0.23086756580117274,1,0,2877.4447332410195,1731.080503000506,0.5018223953520016,2,High
44.73503065601578,3196.7128975661503,-7.518062477806353,235.4104037784049,169.62125055106293,0.08150110606411615,0.22338966833642848,0,1,3524.2018592234176,5578.333181492374,0.589088643980152,2,High
61.07879405018111,693.5855478996249,-1.6018490460306474,223.32343007419774,592.2471049179052,-0.0851853782984573,0.6385055258952679,1,0,3146.904975201187,14833.945566650278,0.7191427285870957,2,High
28.65926208449799,1072.6041756415707,-6.1153414060883655,253.79446985192908,442.8883931799647,0.5761597394317302,0.38435033434414934,1,3,1369.5145869928226,10793.069305302208,0.4684004866404744,1,Moderate
9.920153632386128,1857.245010297297,-1.6888093575336693,29.657426068227824,504.34513829651274,-0.05523389558481584,0.17116437475830626,0,0,2768.5496301630524,18984.736258718254,0.34649524557219424,1,Moderate
14.751614798461729,995.4363045934695,-2.313219440829446,128.03343581941084,99.30269752998657,0.28811485748270926,0.8875718449877595,1,2,1222.5645277047308,7783.600220892297,0.4367677709952624,1,Moderate
17.8112478877038,813.539902749012,4.76783273872115,156.24000597437177,215.23110308684775,0.49538168132391674,0.8741486879377942,3,1,2944.182299540675,66.45778568344252,0.4188621278030825,1,Moderate
22.492319474590218,2136.937705349358,5.484311163327176,93.82654723498793,81.75495380803957,0.4099442317704876,0.8624629235322352,0,0,2159.6731010121566,394.91278939100425,0.4331593450355773,1,Moderate
48.209630287973184,402.3603773670811,2.1405730876909335,62.145817296920555,254.3508472517464,0.8753920081330173,0.39074494225779277,3,1,197.0918914829539,11297.089120816363,0.41486825099495683,1,Moderate
45.07091134032893,297.770379651144,-9.54626315635105,50.01389276863061,589.7093129560285,0.6643168744347749,0.05698245351045239,0,3,3669.928436841503,15042.107957559143,0.6049477879559688,2,High
52.20598961752793,1365.6340036326428,8.62044558141988,131.89802121237065,107.90018421348617,0.6516127137402388,0.10674201789443605,2,1,1373.332088684975,15812.34035939323,0.5269754999821074,2,High
27.18764883986349,2550.259145326732,3.7246656019289546,177.6390122025237,359.3050303041597,0.19115493348913437,0.2760480797712992,3,0,4600.971775669084,18230.34078173982,0.3553331816481687,1,Moderate
61.799823890998375,1986.3429781314233,-9.316091001576224,22.671518452797855,53.33884254759678,-0.19076495870744414,0.21997000410865464,3,0,1402.786208309183,4581.490817665801,0.638937386697092,2,High
15.30657458668202,1537.779992787048,6.376657984282357,340.72491405259785,441.97554882423447,0.6078520226377573,0.8739856201488354,0,2,4983.113715675857,14768.118107380576,0.4295429237707192,1,Moderate
35.17805606386155,2023.5553183635802,-5.994676905640077,275.487596229873,158.45598080462258,0.8997052927252398,0.9863581803892595,2,0,2314.7558390356144,16541.961904937285,0.517986271184561,2,High
60.070404115607275,1342.5350478211303,1.584423791422136,263.10663834676797,121.27149541861961,0.24646701851797714,0.8166736623318024,0,3,132.03659794526536,16725.507028956315,0.4993141680258552,1,Moderate
13.511898579946443,3282.8975404691837,-0.667312600996258,62.2297889959417,235.3597966884332,0.8840703488528292,0.7298489027491885,1,1,381.34490918256216,8230.871377914129,0.34456942705057525,1,Moderate
8.239733530558722,286.6766290966327,-1.6032243528984669,217.36827648438802,474.07436386643985,-0.04412107951221894,0.5886241399273142,2,1,410.4400786528445,12519.660135150627,0.48348007755437233,1,Moderate
66.27629757659923,2389.5310287014395,7.79427440248795,190.70098085112028,108.63719747116593,0.12616358680038914,0.7699082991798728,1,1,281.0721050339732,11031.30606886707,0.7249530004616802,2,High
25.719724706939694,3130.361060414352,-1.252774168747706,353.68878448320976,176.41144768928245,-0.012200375083282256,0.9470333121923908,1,1,1338.946998352899,11949.718695369547,0.49755210526369964,1,Moderate
51.2902593681774,2833.2080096998616,-8.493117648536986,269.1618372288569,54.655431889520244,0.32269357021949735,0.601344669907081,0,3,1622.9441457499195,5640.624718540958,0.5385382056635497,2,High
1.9011453197953858,725.7395183929189,8.93277454429905,207.27427813784323,582.6281744825899,0.6766795416579425,0.1546132440198339,0,1,556.4293205025533,13664.688966130656,0.33808274146372314,1,Moderate
51.753516630708724,1106.1495865329803,8.410704624792551,306.292559929244,375.6800799938751,0.17472786069174928,0.1638583172687197,0,0,2190.6574240069326,14200.346205224927,0.5003285517246201,2,High
23.70759836602279,2537.962991604156,3.6886537916319746,55.83393750985542,445.9448000115847,0.7968518308670587,0.5838628031285862,3,1,1826.7541084212723,3918.9676878784317,0.4493999620109107,1,Moderate
4.180564019058131,386.51990121460284,-0.6421494373594996,5.4779506887517915,408.260744135808,0.39931345466276363,0.33346853978480784,0,1,3181.619979101493,8872.64877193659,0.35783943382712574,1,Moderate
45.73595711610878,2860.329779430786,-8.142810541129574,248.48400002922835,129.4005073783209,0.311966855116065,0.9102473752449693,2,2,979.3227975090684,8442.111525625387,0.6321547596317161,2,High
18.060286205487994,2544.283611656287,5.814962371549523,35.39212568540549,377.21696644669674,0.665739426414804,0.6116423338359723,2,3,4569.927451086701,14979.012967768986,0.5262272745127011,2,High
29.010543153891,2580.6626074001647,-8.49044171151942,41.55611039406331,122.27857732769417,-0.08841215325403698,0.6764926134233603,2,1,2579.953894038816,13330.06120498744,0.5633519608331852,2,High
6.0435609214885195,440.82065890981073,-8.627980302097086,268.085061512831,270.68004967972036,0.6511277183317423,0.005820710100902571,2,0,3118.6651974140873,9523.916611286086,0.3561100045162819,1,Moderate
11.037243832120899,2540.385852375185,0.7476768487873624,97.39254388823608,362.92972475891116,0.06724720019010938,0.498848552062623,2,1,197.60169200211675,13050.626194799917,0.4849368435707029,1,Moderate
22.348292662188282,2411.381625747898,-6.7974351963071955,226.30723760480146,357.38461275618573,0.10889380190156134,0.4311647213889117,1,3,2795.443494336759,5257.232104345333,0.532297853383336,2,High
6.731962542011785,2925.136468794292,-9.84539465319302,330.26649339338945,115.49038429050752,0.45939915065208786,0.705871856767533,1,4,1840.5010225582503,4646.957648150822,0.45562548202788894,1,Moderate
68.31196985147365,241.4262512719963,-1.5377313800842742,113.93083138962899,68.9397833055872,0.7921278675508256,0.3826386603333657,3,4,4620.860244076642,4798.393055079091,0.49212672632790716,1,Moderate
0.45352823879838133,178.57627279049348,-7.255655367798681,78.17189682237077,489.0288726305976,0.43624764474795136,0.9765750318871623,3,0,4428.216577739282,589.9535067962613,0.5601042300152123,2,High
36.28951641482335,1368.2241395871065,-6.789691694386175,38.36263814677862,449.25734034780294,0.5138442836739356,0.6702031815564018,2,1,3188.2435001085846,13821.525227212958,0.6486570265334173,2,High
9.243559359941358,605.8801650871198,-8.461787225293307,46.9664501111014,95.00039751060594,0.6542540485658017,0.6599183331425894,0,0,3839.256754028709,19716.96174326187,0.35529913788251416,1,Moderate
23.075931710846138,1998.5072237387544,-5.898124925527801,22.400170336383383,120.07853534085439,0.08525723489173542,0.9193411447579827,1,0,3222.965785579713,6180.642831024456,0.5504154692238397,2,High
69.45446698636991,3218.986265122946,4.309683595487787,31.551256378706448,540.9210770142911,0.7099570400845567,0.9952048338983457,1,0,84.8405580371847,18596.667234568955,0.8057028697257994,3,Critical
12.127091495549013,1431.0310831356535,6.178546144355828,155.52165197129543,473.02089589197897,0.25975616397386475,0.19782068926211327,2,0,3515.632723365838,12130.85218741827,0.4652024520806939,1,Moderate
72.43742397887495,2972.831282726854,-0.9493271194139865,115.5114162086291,597.8881629191708,-0.006778737159721243,0.810533143214728,2,0,885.4538192184735,4498.685306821612,0.9065441798641652,3,Critical
15.434578274206629,100.81897336074601,0.13107631762835403,254.36189315627928,189.69309706276192,0.18512988740723746,0.1623194953220275,1,0,3412.854774851098,237.29274286934609,0.3057936957654354,1,Moderate
55.61745813501222,672.9497877612263,-9.346899308115947,313.2869969689207,318.2916438778482,0.07074422289004789,0.4570434530542099,2,0,52.53392115085409,14474.628570415027,0.7220460590953831,2,High
41.00079486729838,203.4400348238911,-8.613674772573663,282.5183531312583,180.05276683429562,0.051584965649210446,0.10018540433247014,0,0,1554.5340419620418,13931.484699841405,0.4562970674471237,1,Moderate
66.33590456975693,1215.7004137512333,-4.848645487009662,191.0294123996348,392.54007616252034,0.11081951859108274,0.6233709784671648,2,2,2584.6398953709127,4585.066655870564,0.8088274594715883,3,Critical
41.549494162734824,3187.8446253681095,0.8779684142629502,36.879161843755234,113.47783150022488,-0.000976103783701554,0.468518163405075,1,0,1665.8530018038914,6654.101782779847,0.555314088324441,2,High
40.09194143672315,429.63722023655833,4.7910229746998585,255.51622221895926,119.98374500866821,0.5344719327909073,0.628698948325715,2,2,3469.9362601503244,17960.934786323283,0.51872877708954,2,High
14.65935002762999,2161.793240928921,2.100061226760662,130.6183409016745,89.53834027281745,0.43799093273862894,0.677960752615413,0,0,2613.547693752229,3144.666220696641,0.33566286710680665,1,Moderate
12.467202153874405,1635.0861930061103,-2.1574429002642344,30.834141809547667,431.4723452452918,0.5132860822817713,0.619432250031238,0,3,4798.336904808426,16708.877362438223,0.35053874256511214,1,Moderate
68.73668633366357,3290.7919220437625,-7.633518539937237,303.2879065965452,321.7399175882637,0.17809719621097653,0.29402912260737313,0,0,1789.062117554518,3384.4688503549182,0.6791509748572933,2,High
24.587864913752554,516.5650846261191,5.615464697743789,121.757946185702,389.75216899504653,0.6467067428314488,0.8369591572436688,3,0,3609.296657753919,9634.542714769945,0.48890738508155057,1,Moderate
27.906169122217193,820.8946917075784,-2.724278968018858,78.56957970416569,533.6155756241474,-0.05743038495041877,0.5516861993751241,2,2,4179.208322109963,9979.305754095045,0.6614031288226784,2,High
56.98677438212913,200.44269327907713,4.7210802896557915,313.7227432627835,457.18066661544725,0.42825038040749625,0.48985117321680316,1,3,1268.0889355473769,9441.79292871857,0.6254460355615558,2,High
25.411761181710553,1575.3798487466709,0.2595768382868364,324.76819264092177,303.94760499168,0.10299826947112134,0.9870638042348744,2,0,3770.657378974602,5758.591381357778,0.5554650873304725,2,High
71.4046834979252,1044.6318585198246,4.773241071236505,122.02950138896155,591.3957936168246,0.38037089076737257,0.28350790670647685,2,0,1966.5699999149756,5067.294577881551,0.7680205671164209,3,Critical
55.34458267491002,3057.6801752270912,8.145791229051436,127.72851094129443,300.9408556280853,0.1560008927642631,0.5280303048951731,2,3,643.6357581662322,14663.0953799612,0.689179988759486,2,High
44.8071931930065,2156.798764872367,8.420590321076041,208.66626992993187,111.84787027844325,0.669562941600425,0.6823245786079914,1,0,18.235387162566784,5513.53806374489,0.5348590763585709,2,High
66.06713704085644,2187.9085091173856,0.7021356000120687,264.0389377718369,595.9601109889937,0.7803990227219042,0.12522593293323359,0,0,3718.787763185625,12198.307424106364,0.5340654859883216,2,High
3.7204431262112063,1908.4963693964282,0.2301672953127749,22.733712686470845,62.551401508166016,0.6168393457087944,0.3542397241465354,1,3,931.2203943921887,16932.793741692894,0.2717813885236554,1,Moderate
19.279701914190657,412.2911465792834,-4.686430689943255,213.60371658784982,352.4359577182637,-0.00685791586582854,0.8016887159973262,0,3,255.96817105162762,16740.688894677638,0.4888858775825494,1,Moderate
34.877725066568246,1613.0635246662077,8.715996630585828,343.01522224208935,220.0025187848401,0.10235358822719853,0.23675823459983003,2,0,2486.045437698206,3343.0281629563674,0.4756778573676158,1,Moderate
17.023390460364077,3498.3176450089563,-0.8416166560075826,94.35380298478333,326.95368305934164,0.8112938720702576,0.49329036490360667,1,4,1733.490173147081,13094.752859340695,0.39813548413271227,1,Moderate
55.7928890476614,2939.7795888764504,-7.448175214252457,327.17779707489615,357.29212392698685,0.28094214042402144,0.630630605982971,1,1,3459.033522383582,12045.582636307725,0.6557510140306897,2,High
68.94060232902939,3137.7607841681943,-1.345901707469002,342.0606026747137,182.05274295316818,0.8352984502841936,0.6711623533076001,1,0,536.8214769543761,5639.690216859803,0.567798583872618,2,High
31.782758994819254,2898.9696214380983,-7.458934995239921,96.89531074959231,356.272315655494,0.23169685774849347,0.7283104420478259,0,2,663.2658481509874,7829.079619860795,0.556619284089607,2,High
25.65994500839212,450.3417576653411,0.05063368514150213,271.5126717187262,465.8336116030456,0.8469521266497302,0.8659773170429443,3,1,2020.5385415030053,5702.260492585369,0.4761756759220269,1,Moderate
72.11630491031747,873.3240638203188,1.2255102971242433,85.9590029950416,196.5804104841991,0.8183128865066642,0.3928594430336376,3,1,2602.040857844595,10741.303201685723,0.570058237729763,2,High
33.36393246206556,110.61361461179273,-3.2448847701282935,265.54001822356776,260.8843733226489,0.5265795789852779,0.7066319259638562,0,4,4120.969593608113,16072.547959070222,0.4620404643244727,1,Moderate
36.678630033696244,1131.9344245855789,-8.566987715370306,287.07118966397735,197.53348124023185,-0.1902902466923469,0.7321746477702515,2,0,2928.1259546746974,17550.06672768541,0.6289400182539576,2,High
26.373740425642904,469.26516797807477,8.87007071266478,88.9940533358338,501.30785204351133,0.24036815017353064,0.3002741301269902,1,2,4512.98722572991,14456.471863954064,0.5334552367947533,2,High
68.21613547591038,1707.4973740253822,5.467062269668592,257.7130356899646,448.7402425652782,0.8023586426651554,0.9681579502116412,2,1,1088.8391806917934,9669.007223478793,0.8364663769755156,3,Critical
42.671661246138804,2402.2334611512665,6.777621610102422,292.35763399107236,529.158040470124,0.7736213180189262,0.865219173522062,0,0,2981.0975799919215,19161.90567173828,0.620364928247115,2,High
57.16309403862335,3073.318003129462,-2.6626321142754117,129.08839395848824,143.5274410959126,0.006126580105725032,0.28986132869956405,0,2,3276.192048962991,11277.580229569712,0.5407530846262829,2,High
60.88550387631648,2647.3383613090537,5.21662060038901,60.3729993563017,90.46880098786335,0.2391007455660129,0.6750686766869876,3,2,3629.025258576603,9570.933774510311,0.5704099249073972,2,High
25.638678143794362,3291.1910256469178,-0.2925420966161152,33.107244234304886,115.66092712227035,0.7190609206674188,0.717800634459294,3,3,4943.253491143311,17135.47245993553,0.35923604211018606,1,Moderate
32.5270748490285,283.25418733888193,-5.978330231879081,207.1374132995791,138.56008305333,0.43566563857505985,0.43148363627537933,1,3,2340.1691120604683,3692.4665747521312,0.4780813534518431,1,Moderate
63.63538308046985,141.4114404162409,-7.511532461855735,352.11532295365674,343.19546337114133,0.7320291567908208,0.8637432859409664,3,1,1846.5978993144727,3157.566905378777,0.6594878033377394,2,High
27.244151375685767,2348.549587043123,-3.0989826135588627,296.2621152079978,584.0016386995206,0.7092241228934193,0.6902293535090397,2,0,4261.03337576914,15650.849428486437,0.5910463296983607,2,High
59.54513500888885,1083.7981947556373,-7.248957770497206,156.90227001643902,246.47947913923014,0.7982302076477314,0.6581546851527181,0,1,883.9545254265773,17411.41660744125,0.6201756745096398,2,High
70.57442419308278,961.9034547596286,9.96537952408137,193.1835250277851,577.1795481481129,-0.07105735298596014,0.2208403722847182,1,0,185.14048639886371,1455.4956331018575,0.8277042054628564,3,Critical
46.740777980100525,1225.0160981589006,-9.016220195359558,100.63003874825482,71.01043724404884,-0.04026334440113277,0.4078423113495825,0,0,2217.9452676566657,15281.72203193797,0.5452864623644698,2,High
55.62204655889167,1017.3065968340381,-1.1771280126184696,58.70371224962288,559.7797115480621,-0.10891006813404223,0.4339224891323499,2,1,1236.0292726830107,8489.234408290742,0.7824206960179957,3,Critical
60.382298403085116,1838.8837814253966,-0.9581295521923181,173.54921696361836,149.63393401773413,0.8287957252049749,0.7336610965790206,3,2,1982.6270062754536,14074.536462015185,0.4994957094330488,1,Moderate
63.37797366724819,1596.5047205620504,-3.987361428366489,166.86056382018666,551.8612421456419,0.32267862281568255,0.6183945452575524,1,1,4930.416557231604,2699.3867212958535,0.8166789742412532,3,Critical
29.629000339259697,1842.2570746806316,1.4270313141389064,187.89478300935366,80.92508656350364,-0.12924218816930705,0.08586059062626705,2,4,1742.4411510962623,19460.255053181674,0.2976827127310377,1,Moderate
3.844759438199863,2387.226279101483,-7.000459516969107,343.0096508030187,571.520696122268,0.1536828927654454,0.30769795188724003,2,0,3539.8285419669014,17625.605881195126,0.4275312840255041,1,Moderate
30.140720342755465,1416.2437305019043,5.678247611744673,217.402308052118,160.43904537537344,0.18655390524296356,0.47304750446154553,1,0,1252.010048752325,8119.450565358501,0.5424652638265397,2,High
50.53171723380673,954.4461362833331,-3.3510456350472335,218.07786118405457,216.4927330402384,0.690515805824433,0.736732945856993,1,2,1517.1147188308776,17867.176522667098,0.48412567953127567,1,Moderate
33.77627893355946,665.0818251497346,1.8268517959728356,46.08891462998764,320.018289256627,0.6090245813880153,0.7435691300796741,1,1,1215.7759673012886,17898.51454274901,0.47885168653835786,1,Moderate
56.17223631452989,1288.2120064109267,4.312784721339186,358.73599182365535,259.39648467951133,0.558325754518826,0.49054330857163675,2,0,2860.804351128755,9225.060498300389,0.6711410558950458,2,High
26.77368221014979,2622.142015836985,7.780842353803223,278.22417992448067,417.14038309473244,-0.1759500921494834,0.11693238226067759,3,0,1130.5429309821686,18937.710038722304,0.48522715270258293,1,Moderate
47.605810582802214,2672.7966943789966,6.715748729044002,315.7932038738417,586.1442719875425,0.8017653760690169,0.29290340337283904,1,0,3591.8205133088272,19537.142511665712,0.6324939809887458,2,High
13.981485364048094,2367.478314726315,2.166180562071192,149.14814825915786,383.5345699427174,0.03711079360731573,0.25469238224706925,1,3,3401.3709926788188,4344.254779473924,0.4348585415382381,1,Moderate
56.20270774837177,895.6957960433735,-2.2321363923222615,180.76611448282497,446.8169751901021,0.4919675451619456,0.7810264103082412,2,3,2106.3483799470146,1333.333592912016,0.7495332267118711,2,High
40.92719766097694,2099.493235905972,0.064093401499278,187.95017129841952,98.40288766813583,-0.13199905268743894,0.17998631400565357,0,0,127.88510518902729,6622.995680580588,0.4163652762219054,1,Moderate
15.304829140995043,2040.3448493612832,5.374695867576051,69.87403414425786,395.29683598850295,-0.11032129894074004,0.4649212223951922,1,0,113.25566113184082,9776.705221849978,0.5721596847941905,2,High
21.893338012335544,1746.5050735730667,7.55091085118946,248.2160962777046,299.6173773755272,-0.18946497425686565,0.6707188035143901,0,0,2664.034085544666,1853.5279743337508,0.5504554605492857,2,High
56.145653143637425,1969.9285537051383,-7.924361436466563,325.07162050228436,537.1802968557956,0.4225204089998637,0.964786152950037,1,0,4195.994142783452,2813.191149619152,0.751085181978502,3,Critical
36.19509267461405,1772.0881509204714,-2.3028747501389297,58.934094529830844,263.51610480370607,0.49231763657859523,0.99924058022444,2,0,2994.3683568799484,19433.98243956731,0.5349726945878487,2,High
16.202358029480415,2022.551644651968,5.522331968270011,31.07457845501922,423.6997792274555,-0.14449146644344837,0.952922143555439,1,0,2178.2523079253715,14746.011926527352,0.569067669074218,2,High
72.54533927777233,2532.720245711838,-1.3669647481207807,265.7588059945232,175.48455054249348,0.11953337324044278,0.718242345253535,2,1,4410.594167412462,17498.761385200505,0.6382632733492032,2,High
53.634376486266596,472.7358609716951,-3.355444718674323,98.35265940227355,192.6548934383078,0.7365998555958184,0.7464408330220916,1,0,984.97724513389,19423.091576694253,0.47837575856005105,1,Moderate
71.78511244048471,2648.7275573066804,-1.7735460635346083,224.59051498223857,256.8673370072505,-0.08856079649479448,0.7592100976090174,0,1,1797.1221465815186,7562.887186018288,0.7280874441148363,2,High
32.032878402025744,562.0129104338203,2.0568949357270156,250.47300167718504,217.2349456285765,0.03820188100866437,0.86260487654629,1,0,2826.5472593530667,13757.278831558053,0.5807311694869824,2,High
35.632525551879034,326.535194595274,9.99610288267603,115.88787488945584,189.63336166454116,0.26683032931966977,0.951785462852208,3,3,1458.3473457419304,3680.4398886027466,0.6045903925624281,2,High
67.34664121387644,3418.6709331529896,-0.14015141790936525,293.4520550732824,77.31778824544512,0.7265015128964276,0.44570614452032753,0,4,4988.562409299907,11033.344015439769,0.4259762569465974,1,Moderate
39.378700518403846,3353.772014159501,-5.830110500914789,197.99603356111808,510.2104824638525,0.08033395992272468,0.41651087804212694,1,1,2261.604584676225,4197.569559603802,0.6206163687791832,2,High
53.04591839292504,305.48425279791775,-6.743068494418106,312.83978686264896,85.36584199020638,0.8968507168996764,0.4604644623786307,2,0,258.6111167057603,3208.6192579832364,0.44982148052300863,1,Moderate
18.912965812164746,1607.0617010148712,-9.153005050471714,274.7856789212211,538.0510335816322,0.1907879944523812,0.6598171714565941,1,0,880.417093762108,1968.8726344991726,0.6464163986859597,2,High
33.50448515269804,733.2327902192341,1.1763446983664299,312.6872275334834,119.00596398743315,0.22509352433198543,0.7754453962777647,0,0,2662.404341373419,11594.73125128086,0.4090140417213401,1,Moderate
9.258739935776633,1750.1726502570216,0.8914418297766851,7.258097562441872,85.89395538446246,-0.06568317534612625,0.8705443909013292,1,0,2750.280998428046,18997.023986674372,0.4323022192196805,1,Moderate
15.448502690772125,2922.602626198597,-5.895321464393817,87.6622538658941,359.6526201893834,0.5482176909421839,0.4562107542826056,2,1,4920.721335973472,2444.4358970208646,0.4487705515584449,1,Moderate
0.07075614507233152,3332.080034125827,3.9065881290513396,32.40285856053791,326.34298591609695,0.06781170106292977,0.36337262618012944,3,1,2999.832092131343,10046.289107607277,0.32918533956022755,1,Moderate
2.9448788736495173,2256.459021735227,4.822140832593615,159.1498861881657,320.1790128575368,0.49175435482455104,0.9833526147022265,0,0,3333.1366017960877,13741.362345295813,0.4034932015180531,1,Moderate
73.2962867382697,1303.279268520178,-4.818035892357775,320.38564378151455,365.9773801257688,0.04547350124321925,0.23188762100722626,2,2,1068.6138496710091,9917.233614002846,0.7378565516349553,2,High
18.176527135257174,2151.3069231916347,-3.1180047194052696,168.3144944160729,207.88113336553565,0.22665949394911478,0.22200483525247727,0,0,534.3244081752252,18235.518487605397,0.38587214511800594,1,Moderate
49.748303212800145,1160.8044407687312,9.809433446945132,305.89669604894186,414.62210038628615,0.7423393011498594,0.7154074548264956,2,0,3010.0500407404384,3325.9130131568472,0.6522953037373374,2,High
62.932477409970865,3193.400378829005,-2.5147106429853157,117.78416568695444,326.3212208389508,0.612796502621477,0.17965729560264232,0,2,4324.399883015517,483.2652201519161,0.5325213314360798,2,High
41.29953444274232,3059.361574559846,5.216033435122036,122.24522620989087,234.1089068265289,-0.02995001006190423,0.39940899974612243,0,0,2936.8647589510906,7662.362437982529,0.4639240267340448,1,Moderate
11.485837506296715,1997.9879509508473,-0.9454914674012009,322.40222291767594,504.57536683940043,0.4684789841115115,0.29238682231425195,2,2,2213.916090923102,11109.776176035617,0.48142304265647895,1,Moderate
54.60873280021248,1204.3163122932258,5.866896557219519,153.29417274421255,450.2466029796906,0.4915047168411903,0.16871045675694862,0,4,2891.0332066081455,5090.1418281621045,0.5479171378570767,2,High
45.01885575746873,1097.5248969821264,5.380464775652957,284.3155756060799,266.4856880695421,-0.10037467914795287,0.5797072390978936,1,3,2343.857892428605,3368.670954531339,0.6230187605745978,2,High
54.84379420105313,213.62118199720217,3.3551205039707117,85.19167723748448,516.18978187588,0.31238621976952935,0.37351149075462886,3,0,709.4078800765857,16096.756609555347,0.5798383134341885,2,High
57.73099671428154,2873.790893486004,7.095566925911584,341.56829868394874,556.1420375614758,0.08673523523436871,0.46223417284844603,3,1,3705.9221262645083,3771.5038416717593,0.7251820179435281,2,High
73.15577757635589,1631.302924332627,8.784369897553702,206.8481687510056,345.27644689639936,0.3138431570398313,0.195863004825516,0,1,2665.1908173233624,8853.644159047693,0.638746785101379,2,High
43.01724600200325,1205.4519565608991,1.599666409041678,273.35648468822467,168.22384758630642,0.6547780904551626,0.7678668026717566,2,4,1996.6143802907789,19089.62221096412,0.4549621833188787,1,Moderate
25.623083451795136,1701.775206992363,-5.250621855545086,32.225651926158775,553.6856861008428,-0.025914484208648336,0.31471208345074575,2,4,2798.1925102100313,12254.096673392643,0.6093641256153396,2,High
48.634841767517784,2883.709167545817,-2.0274207671184996,177.35912129899035,154.21379105253448,-0.06436537385315183,0.34271817902689883,1,0,1206.1347722666744,9954.469055112348,0.4833914657611467,1,Moderate
5.13305319319696,523.688306205572,5.166114270265865,324.3738591842484,76.63277452949804,0.09624814461635023,0.25215396210011265,3,3,2139.788577352161,7205.004653456451,0.3229686767598509,1,Moderate
67.30479887411897,3016.030360022213,3.0176697024773897,315.73390645558965,230.11785488022198,0.8475029953812416,0.4344035721190338,2,0,3112.2260050186405,10407.709060956793,0.5863463017382208,2,High
8.953575850364759,3151.530039368404,-6.444033228695025,16.853024604321917,449.8314894535719,0.6226066323034629,0.463576627238672,2,0,1130.96786833616,14686.141211002236,0.4215950244757416,1,Moderate
24.58821284143637,3318.80691111522,-8.975209177071505,109.33144888642082,557.8007474944523,-0.17859855090399876,0.5296669163295151,1,0,3744.975423322825,16450.54477031495,0.7220961197755782,2,High
61.180903546959065,1451.4591742369344,3.659231870841298,159.59520233246883,400.5071057479419,0.2411053267317143,0.9675682819819397,1,0,2605.0545592829326,12996.95473568858,0.7793892806647678,3,Critical
44.798428374803386,838.2773737280844,-4.978419519413093,62.01533316808376,573.511200831663,0.08313777698842373,0.9046918080457035,1,3,4308.533552092579,15806.341094489797,0.8099981750023963,3,Critical
